id,sales
3000888,4.436172265885246
3000889,4.167279728922271
3000890,7.234626211093234
3000891,720.2350064680174
3000892,4.167279728922271
3000893,275.63266278516153
3000894,10.896763321619927
3000895,600.3067546575298
3000896,484.58511072288275
3000897,390.9571292856313
3000898,194.36952398341424
3000899,197.65028710220056
3000900,859.9975263198767
3000901,16.933320608612657
3000902,4.167279728922271
3000903,30.376863119441786
3000904,18.769131486475935
3000905,2.2393963580910152
3000906,125.8282639416895
3000907,3.3060387340989683
3000908,23.190592909212782
3000909,7.665475457451379
3000910,35.20246205346484
3000911,1.7630307028872902
3000912,11.86823631219736
3000913,250.23367897381524
3000914,2.4102539295650396
3000915,2.350411065427501
3000916,11.706369691760228
3000917,7.805947514130665
3000918,434.24280352281255
3000919,14.47924324517309
3000920,3.0991592274368385
3001251,4.449605378906011
3001252,4.178772483775951
3001253,7.255732130517446
3001254,782.0753065427567
3001255,4.178772483775951
3001256,276.4872633093674
3001257,10.945875811727117
3001258,575.0582050269684
3001259,486.0257675639669
3001260,392.1432473200696
3001261,194.98059208220516
3001262,198.27161662580707
3001263,862.4898810503282
3001264,17.00998058000676
3001265,4.178772483775951
3001266,30.484880647751524
3001267,18.871767884724882
3001268,2.247175697355092
3001269,128.81934200874267
3001270,3.320103078040307
3001271,23.229340909096166
3001272,9.169408493606522
3001273,36.616530433008954
3001274,1.7630307028872902
3001275,40.30275117317426
3001276,307.5522956704245
3001277,2.4102539295650396
3001278,2.350411065427501
3001279,11.706369691760228
3001280,7.805947514130665
3001281,434.24280352281255
3001282,14.47924324517309
3001283,3.0991592274368385
3001614,5.441649522120106
3001615,4.975398178253298
3001616,8.622068186706894
3001617,885.6313014099296
3001618,4.975398178253298
3001619,331.6678165615759
3001620,13.866708975787207
3001621,684.85666082272
3001622,580.8801271619907
3001623,469.49002048098663
3001624,234.94874499211937
3001625,238.54919156531838
3001626,1021.148983956406
3001627,21.82051851948484
3001628,4.975398178253298
3001629,37.39048996090147
3001630,20.05750250300851
3001631,2.4481487296717352
3001632,144.6044618256577
3001633,3.9170559373573495
3001634,23.88829002547316
3001635,9.341728628131534
3001636,34.81029079210729
3001637,1.7873289820882423
3001638,11.67770871687984
3001639,244.62521461685387
3001640,2.426730111637871
3001641,2.3876951857834388
3001642,11.51485682989759
3001643,7.6966642963327665
3001644,434.24280352281255
3001645,11.861556595289272
3001646,3.0991592274368385
3001977,3.5671778530795457
3001978,3.348697167269279
3001979,5.88755362681047
3001980,593.1860173822661
3001981,3.348697167269279
3001982,215.70750483478693
3001983,7.652199826526571
3001984,465.73720568606564
3001985,386.39024432022853
3001986,309.87014431131746
3001987,149.78234640246257
3001988,152.3222640198964
3001989,687.8214922360901
3001990,11.725664838763956
3001991,3.348697167269279
3001992,22.34296642359039
3001993,17.80375044127149
3001994,2.172250578332288
3001995,158.7200910622719
3001996,3.232513999254663
3001997,23.121159107147182
3001998,7.6372104905091085
3001999,37.05958477800559
3002000,1.7594566160585652
3002001,11.910814526894013
3002002,281.47319149977716
3002003,2.411644868729748
3002004,2.3517775965026138
3002005,11.748412324769534
3002006,7.83424276266685
3002007,434.24280352281255
3002008,14.47924324517309
3002009,3.0991592274368385
3002340,3.6324391846657447
3002341,3.410836583979261
3002342,5.983684819018923
3002343,582.770871673686
3002344,3.410836583979261
3002345,219.7714635190934
3002346,7.84219825769272
3002347,481.44639054210137
3002348,392.5636362309531
3002349,315.0715535335351
3002350,152.94828774158432
3002351,155.5415354097493
3002352,698.7984465875479
3002353,12.045034286430441
3002354,3.410836583979261
3002355,22.87897905052031
3002356,17.80375044127149
3002357,2.196822910009286
3002358,120.66079619743068
3002359,3.2351010283890336
3002360,23.121159107147182
3002361,6.265384065978263
3002362,35.6288612436009
3002363,1.7594566160585652
3002364,11.910814526894013
3002365,224.81231341106553
3002366,2.411644868729748
3002367,2.3517775965026138
3002368,11.748412324769534
3002369,7.83424276266685
3002370,434.24280352281255
3002371,11.861556595289272
3002372,3.0991592274368385
3002538,4.2976106990471905
3002539,4.036965725219729
3002540,7.010110959201253
3002541,719.0352051574738
3002542,4.036965725219729
3002543,265.7975106227358
3002544,10.320098924819376
3002545,564.4878383385213
3002546,468.15278066968233
3002547,377.3666499215018
3002548,187.08564063453102
3002549,190.23767757050592
3002550,831.317193529544
3002551,16.014966621693375
3002552,4.036965725219729
3002553,29.89387770202881
3002554,16.381685347672978
3002555,2.222076851092898
3002556,122.88432298730102
3002557,3.2768116175226716
3002558,23.143550790967335
3002559,7.649066363723593
3002560,36.742109867982855
3002561,1.760783205165962
3002562,11.876917505557746
3002563,252.06254212873378
3002564,2.4096251852126307
3002565,2.3497933542308735
3002566,11.71494168636202
3002567,7.811985090944157
3002568,434.24280352281255
3002569,14.47924324517309
3002570,3.0991592274368385
3002571,4.46127427573787
3002572,4.189861463184032
3002573,7.273468136612044
3002574,784.0466040032314
3002575,4.189861463184032
3002576,277.22610010466923
3002577,10.986073049851315
3002578,576.5083619495111
3002579,487.2517960835265
3002580,393.1630843808546
3002581,195.54216937934285
3002582,198.84262426830895
3002583,864.6636124851435
3002584,17.07796436594637
3002585,4.189861463184032
3002586,30.59097131894711
3002587,19.080777263281586
3002588,2.255843567739773
3002589,135.37337361350484
3002590,3.321884380089208
3002591,23.229340909096166
3002592,7.665475457451379
3002593,36.616530433008954
3002594,1.7630307028872902
3002595,11.86823631219736
3002596,250.23367897381524
3002597,2.4102539295650396
3002598,2.350411065427501
3002599,11.706369691760228
3002600,7.805947514130665
3002601,434.24280352281255
3002602,14.47924324517309
3002603,3.0991592274368385
3002604,5.228745969014338
3002605,4.8152226783678165
3002606,8.339199128156759
3002607,911.0371883586623
3002608,4.8152226783678165
3002609,319.8027319036798
3002610,13.221351544758438
3002611,673.8365245949929
3002612,560.1452029856588
3002613,452.6753871618596
3002614,226.36736379680949
3002615,229.94476818002258
3002616,987.4270843719559
3002617,20.793315551541564
3002618,4.8152226783678165
3002619,35.95360400966459
3002620,17.519842957963586
3002621,2.4364971417410017
3002622,134.71527255379064
3002623,3.8013911888391894
3002624,23.644718859949283
3002625,7.727155185825314
3002626,37.23656158689086
3002627,1.7821405527124288
3002628,11.70263793191274
3002629,244.37348386143293
3002630,2.4209198666265834
3002631,2.378179276295542
3002632,11.540136977620303
3002633,7.71447538325001
3002634,434.24280352281255
3002635,12.95585724228735
3002636,3.0991592274368385
3002637,4.411085140078324
3002638,4.1421666125175545
3002639,7.197434926463991
3002640,820.9186957334651
3002641,4.1421666125175545
3002642,287.4878730396056
3002643,9.848294659519969
3002644,614.8235579935457
3002645,487.29788160798637
3002646,393.2292385517403
3002647,194.04506571680912
3002648,197.30234456345735
3002649,864.7453214760928
3002650,16.81687018914556
3002651,4.1421666125175545
3002652,30.243507924858523
3002653,19.14500396466648
3002654,2.347897117684595
3002655,191.25331714319407
3002656,3.4051166858396975
3002657,17.843879867514715
3002658,7.600999334988282
3002659,34.01593357894954
3002660,1.7376150530312575
3002661,11.74584190231105
3002662,274.46906326566653
3002663,2.364826672994171
3002664,2.3057809627341026
3002665,11.58551485334339
3002666,22.78621780021742
3002667,432.6910731736353
3002668,14.492086064369387
3002669,2.9666354140785125
3000921,2.972660381948722
3000922,2.8157720836166886
3000923,5.027230384699238
3000924,592.9024633530689
3000925,2.8157720836166886
3000926,222.55582137168665
3000927,5.608797467212908
3000928,440.39242651627296
3000929,341.7125099974562
3000930,272.31010573130015
3000931,128.3534124362586
3000932,128.96718633969544
3000933,624.6833587416209
3000934,8.614918452307059
3000935,2.8157720836166886
3000936,18.70935251309601
3000937,16.771570867529157
3000938,1.9865174029587713
3000939,180.4296873536996
3000940,2.9228169242799242
3000941,22.462890865923452
3000942,7.499594146030811
3000943,37.60255506277756
3000944,1.7776591639652528
3000945,15.954832354134002
3000946,293.2856626041428
3000947,2.448732974538821
3000948,2.3718091735171694
3000949,15.741561370709448
3000950,9.086494319132315
3000951,434.11645368424723
3000952,14.728643160414965
3000953,3.2332407848163296
3000954,4.542159992597589
3000955,4.256789897743783
3000956,7.387256938615298
3000957,842.5554649644307
3000958,4.256789897743783
3000959,354.5715085587713
3000960,10.206940086929745
3000961,631.6359568210295
3000962,500.3702543381896
3000963,403.92989828765775
3000964,199.56062166977318
3000965,202.91152398509254
3000966,887.4859936641296
3000967,17.483223875687063
3000968,4.256789897743783
3000969,33.38080725400935
3000970,19.20280603527748
3000971,2.375826468286934
3000972,170.95157808572353
3000973,3.4961169020590512
3000974,22.82447004991057
3000975,5.1756884621077495
3000976,33.71684636810663
3000977,1.7397686945722826
3000978,11.687347299871488
3000979,246.78183001526594
3000980,2.3667317898579325
3000981,5.415316623767178
3000982,11.526616606429124
3000983,7.6974176633999765
3000984,431.38524833835453
3000985,14.479842279727782
3000986,2.9635004825037736
3000987,2.97876736039729
3000988,2.8216378852807744
3000989,5.036495754130552
3000990,593.9509712905859
3000991,2.8216378852807744
3000992,253.9050636047501
3000993,5.62517471652011
3000994,440.4900909581134
3000995,342.43757935209004
3000996,272.88834193860663
3000997,128.66950843800745
3000998,129.3110869479814
3000999,625.7879744125325
3001000,8.640625128772806
3001001,2.8216378852807744
3001002,18.752497766859236
3001003,17.366663318880804
3001004,1.9891505863663776
3001005,181.14313556968227
3001006,2.9448727807825144
3001007,22.462890865923452
3001008,7.499594146030811
3001009,36.18650015330547
3001010,1.7776591639652528
3001011,15.954832354134002
3001012,187.72095656504374
3001013,2.448732974538821
3001014,2.3718091735171694
3001015,49.092225673401835
3001016,9.086494319132315
3001017,434.11645368424723
3001018,14.728643160414965
3001019,3.2332407848163296
3001020,2.5817724722418047
3001021,2.4450928598293875
3001022,4.4805314834555645
3001023,515.1033615859377
3001024,2.4450928598293875
3001025,201.89973013753504
3001026,4.4182943153198195
3001027,381.2360152470705
3001028,294.0022966991053
3001029,232.52766527038244
3001030,106.88268883670074
3001031,107.13283618438902
3001032,543.0681030840803
3001033,6.765854768491748
3001034,2.4450928598293875
3001035,15.793655581893685
3001036,16.37184930055016
3001037,1.9717892532542072
3001038,160.54508890434963
3001039,2.7769458393147453
3001040,22.40622561175217
3001041,5.00587985263197
3001042,37.4612140340427
3001043,1.7711166783668784
3001044,15.847591365784048
3001045,316.51023281272245
3001046,2.4305137072092555
3001047,2.353996285952337
3001048,15.63566934238288
3001049,9.022495080093886
3001050,434.11645368424723
3001051,14.728643160414965
3001052,3.2332407848163296
3001053,3.0652377903044536
3001054,2.9032405707827853
3001055,5.159573216561848
3001056,611.5273096009505
3001057,2.9032405707827853
3001058,230.72466005686857
3001059,5.88636879891405
3001060,455.3130550296569
3001061,353.31078548213316
3001062,281.98401486561835
3001063,133.60882336175146
3001064,134.33107950496893
3001065,644.220514174066
3001066,9.05219434899424
3001067,2.9032405707827853
3001068,19.482685371338615
3001069,17.68180769161023
3001070,2.054474995198151
3001071,166.59686949612532
3001072,2.962715719173104
3001073,22.480077632360683
3001074,6.061292252886516
3001075,36.63559212636869
3001076,1.7796938228470633
3001077,16.375596391896114
3001078,244.9173302206318
3001079,2.4512592006750835
3001080,2.374279052317156
3001081,16.15703271325353
3001082,9.20830636426686
3001083,444.91463511859666
3001084,14.740164524850291
3001085,3.236341669573325
3001086,3.1783444560636083
3001087,3.0109972598494057
3001088,5.325348591295183
3001089,629.7195629403166
3001090,3.0109972598494057
3001091,271.1412146661543
3001092,6.210622419277463
3001093,468.9692412362711
3001094,364.12672145514176
3001095,305.334303764882
3001096,146.54823436720082
3001097,139.78663238881512
3001098,663.3837659501505
3001099,9.581217144848898
3001100,3.0109972598494057
3001101,20.38955851024971
3001102,17.50989429403574
3001103,2.1013135806426626
3001104,183.06066597985475
3001105,2.9688551964108294
3001106,22.471058250423713
3001107,7.500656444508584
3001108,35.12723628957192
3001109,1.778515912411371
3001110,15.964809066121312
3001111,212.10324546495042
3001112,2.4513824459988145
3001113,2.3743995486606586
3001114,15.75141258790374
3001115,9.09242950307762
3001116,434.11645368424723
3001117,14.728643160414965
3001118,3.2332407848163296
3001119,2.481222367202996
3001120,2.348102847845627
3001121,4.35347976081107
3001122,492.04324167282226
3001123,2.348102847845627
3001124,178.8014834131799
3001125,4.098385058282809
3001126,365.1437257247318
3001127,279.7758402867456
3001128,220.80392880800386
3001129,101.26460455154485
3001130,101.36352992626503
3001131,518.4033886726537
3001132,6.283840002157725
3001133,2.348102847845627
3001134,15.08550057044624
3001135,16.429176127090408
3001136,1.9694170580202686
3001137,164.32314572281672
3001138,2.774406660925793
3001139,22.405670803899362
3001140,7.486715421766727
3001141,36.46945605617389
3001142,1.771677850307742
3001143,16.235919155351496
3001144,298.977755821911
3001145,2.4282074294284945
3001146,2.3517414495717706
3001147,50.04530647534253
3001148,25.392299272021482
3001149,444.91463511859666
3001150,14.740164524850291
3001151,3.236341669573325
3001152,3.5789476719963327
3001153,3.3924803476577408
3001154,5.941782982025343
3001155,711.1407938112286
3001156,3.3924803476577408
3001157,271.5875726284966
3001158,7.520113990526401
3001159,529.0562765410665
3001160,411.9310646404178
3001161,330.4493658597264
3001162,160.10494446245664
3001163,160.98898091738414
3001164,749.1507964543749
3001165,11.670863989213805
3001166,3.3924803476577408
3001167,24.10364591141045
3001168,17.984029981274098
3001169,2.1225276875575125
3001170,209.78833397140718
3001171,2.9829376191688355
3001172,22.397754628299122
3001173,7.513641611710749
3001174,36.47362832749939
3001175,1.781087721808544
3001176,16.365940932957002
3001177,215.74340372718362
3001178,2.452815364321541
3001179,2.375800505818301
3001180,16.14749870813834
3001181,9.202633702407375
3001182,444.91463511859666
3001183,14.740164524850291
3001184,3.236341669573325
3001185,3.6280902264458366
3001186,3.40576626429102
3001187,5.976824694041967
3001188,668.4589995840281
3001189,3.40576626429102
3001190,296.06011027447136
3001191,7.126736328181261
3001192,500.3779614486993
3001193,395.7066228847841
3001194,317.8087573063859
3001195,153.43017949233536
3001196,156.01726373347563
3001197,704.1908921603325
3001198,12.033533302496059
3001199,3.40576626429102
3001200,22.86431839686168
3001201,17.479637384047674
3001202,2.1803483600891242
3001203,197.00913663339435
3001204,3.0348617828330102
3001205,20.09448766084425
3001206,9.08113251334187
3001207,35.00426649496018
3001208,1.729913350444134
3001209,11.440771326590774
3001210,328.2843290803965
3001211,2.3610766749394534
3001212,2.302096769346351
3001213,38.53291943871044
3001214,22.595802007058765
3001215,420.91469188341364
3001216,14.468511463965047
3001217,2.960599309938111
3001218,2.995248765280694
3001219,2.837103988686033
3001220,5.060335187765772
3001221,597.082472563353
3001222,2.837103988686033
3001223,224.42138053214083
3001224,5.67405030054389
3001225,442.1186673555641
3001226,344.3284553508438
3001227,274.515193120076
3001228,129.52936548301935
3001229,130.1751983917982
3001230,629.0870485116473
3001231,8.717981319808453
3001232,2.837103988686033
3001233,18.874075702738732
3001234,17.47865350977861
3001235,1.9948849117325076
3001236,162.968269274987
3001237,2.9598151210324612
3001238,22.462890865923452
3001239,6.056123582552644
3001240,37.60255506277756
3001241,1.7776591639652528
3001242,15.954832354134002
3001243,187.72095656504374
3001244,2.448732974538821
3001245,2.3718091735171694
3001246,15.741561370709448
3001247,9.086494319132315
3001248,434.11645368424723
3001249,14.728643160414965
3001250,3.2332407848163296
3001284,4.0570298225345285
3001285,3.811746922906189
3001286,6.63727649921643
3001287,752.7179378303393
3001288,3.811746922906189
3001289,315.0971082700087
3001290,8.562535094509224
3001291,562.3570957417501
3001292,446.2372080546082
3001293,359.3336391151456
3001294,175.8735698112378
3001295,178.8339049442205
3001296,792.9470906300203
3001297,14.581752803723024
3001298,3.811746922906189
3001299,26.89634760242135
3001300,18.025375473311907
3001301,2.1893833186971805
3001302,161.1921531610971
3001303,3.051177283365866
3001304,14.51727893991402
3001305,7.5729747267774155
3001306,35.26267256482243
3001307,1.7324401730463648
3001308,11.734932599356116
3001309,277.50058497613
3001310,2.362472100809223
3001311,2.3034677083941824
3001312,11.574742776031327
3001313,7.728864283119
3001314,431.38524833835453
3001315,12.956397323000338
3001316,2.9635004825037736
3001317,3.3780939435931074
3001318,3.171086334868347
3001319,5.615208581185472
3001320,627.0222875202685
3001321,3.171086334868347
3001322,258.59039007808843
3001323,6.371187083663477
3001324,468.56309335921554
3001325,369.93113326841734
3001326,295.8689197096827
3001327,140.82970241387136
3001328,143.09703618586104
3001329,660.6290021795663
3001330,10.748391623079034
3001331,3.171086334868347
3001332,20.868188878839238
3001333,17.260168835419215
3001334,2.0438799159978687
3001335,177.011558353752
3001336,3.013418223261973
3001337,22.605983971021807
3001338,7.56509877681164
3001339,35.41940252313934
3001340,1.7310706565476046
3001341,11.742013218786994
3001342,253.88003515957175
3001343,2.3609566543420937
3001344,5.396510812657517
3001345,11.581734329959367
3001346,7.733717529539458
3001347,431.38524833835453
3001348,14.479842279727782
3001349,2.9635004825037736
3001350,2.4890817434940296
3001351,2.3556616870597495
3001352,4.365254886832565
3001353,494.51948664574905
3001354,2.3556616870597495
3001355,179.833684534106
3001356,4.117166700714682
3001357,366.99350502849586
3001358,281.27146383427566
3001359,222.05600373474059
3001360,101.69512150355324
3001361,101.79385551817384
3001362,521.0120240243082
3001363,6.310672514195875
3001364,2.3556616870597495
3001365,15.142142129159861
3001366,16.486071000871966
3001367,1.9710926028488083
3001368,183.4836435193266
3001369,2.774406660925793
3001370,22.405670803899362
3001371,4.425056540120641
3001372,37.89628587303897
3001373,1.771677850307742
3001374,16.235919155351496
3001375,243.6036103178335
3001376,2.4282074294284945
3001377,2.3517414495717706
3001378,16.019112444927636
3001379,25.392299272021482
3001380,444.91463511859666
3001381,12.10740086311952
3001382,3.236341669573325
3001383,3.335642746881245
3001384,3.1316420012863775
3001385,5.5562576931901795
3001386,556.02325561839
3001387,3.1316420012863775
3001388,199.18656828942676
3001389,6.890978652991307
3001390,444.17316900478704
3001391,360.84100213984095
3001392,288.10215307205436
3001393,137.70357540370065
3001394,139.84059752881888
3001395,646.0290326814759
3001396,10.509924826484504
3001397,3.1316420012863775
3001398,20.513161557721148
3001399,16.759920991461993
3001400,2.0554109279596466
3001401,125.08265049988911
3001402,2.9806606984032653
3001403,23.045267640595913
3001404,7.624576474175729
3001405,35.5066020713024
3001406,1.7546584813514925
3001407,11.84084658955182
3001408,280.10676651060913
3001409,2.4009042622016676
3001410,2.3412254652817945
3001411,11.679324498211898
3001412,7.796286250344751
3001413,432.93230649538134
3001414,14.467009610533989
3001415,3.0914305465031866
3001416,4.467346358204733
3001417,4.195631777071405
3001418,7.282666938627109
3001419,797.7594878408228
3001420,4.195631777071405
3001421,277.53750768637417
3001422,10.998796389303276
3001423,588.1764224284525
3001424,487.7623831122299
3001425,393.6042556902973
3001426,195.77823937223107
3001427,199.08265849118706
3001428,865.5688761529905
3001429,17.104950571983842
3001430,4.195631777071405
3001431,30.638129308844622
3001432,19.30429204442233
3001433,2.373281656566252
3001434,129.83906541043888
3001435,3.595661306378606
3001436,23.28339643380982
3001437,7.658626914596825
3001438,35.13420481760263
3001439,1.76084701033977
3001440,11.829490616004522
3001441,193.12834987065324
3001442,2.407558720248921
3001443,2.3477631514296364
3001444,11.66811136887536
3001445,7.789344509739017
3001446,432.93230649538134
3001447,14.467009610533989
3001448,3.0914305465031866
3001449,2.9889676872509683
3001450,2.815997768179478
3001451,5.0857116317833215
3001452,513.4068344512449
3001453,2.815997768179478
3001454,174.52337599049255
3001455,5.74144841122609
3001456,390.7742493122756
3001457,321.90625326227035
3001458,255.5812938977723
3001459,119.28790921511218
3001460,120.98331743272831
3001461,580.2996378767775
3001462,8.72354350710849
3001463,2.815997768179478
3001464,17.94865281311514
3001465,16.65572825463294
3001466,2.0428822705899154
3001467,124.60996097634022
3001468,2.9645232928391825
3001469,23.00802975250326
3001470,7.612800289713359
3001471,35.400136508789764
3001472,1.748943559683919
3001473,11.772032968774315
3001474,253.67467404335397
3001475,2.387117161134306
3001476,2.327680299165047
3001477,11.611376468333184
3001478,7.748971673251312
3001479,432.93230649538134
3001480,12.94482757786038
3001481,3.0914305465031866
3001482,2.6793571966199003
3001483,2.5235691471876103
3001484,4.6579151893427
3001485,468.51999667290363
3001486,2.5235691471876103
3001487,154.12062820507603
3001488,4.747901447054242
3001489,341.7373623714662
3001490,288.9422427019335
3001491,225.62959432048956
3001492,100.30098650874113
3001493,101.3298852393218
3001494,516.8722590522522
3001495,7.259430506210977
3001496,2.5235691471876103
3001497,15.124445854763998
3001498,14.50045526561375
3001499,1.9561441484458277
3001500,133.22394335949267
3001501,2.9589580389015064
3001502,22.98988788360788
3001503,7.609512045350488
3001504,36.79334559830442
3001505,1.7474876833851671
3001506,11.75000746124189
3001507,278.91979596334636
3001508,2.3823624489719584
3001509,2.3230090223127426
3001510,39.61313901433186
3001511,7.7338839779751325
3001512,432.93230649538134
3001513,12.94482757786038
3001514,3.0914305465031866
3001515,4.1664225788231555
3001516,3.91583376378549
3001517,6.805350038775245
3001518,741.9348715866121
3001519,3.91583376378549
3001520,266.3310581326144
3001521,9.799840580273617
3001522,504.3441461063425
3001523,453.2286661660972
3001524,365.0518727598574
3001525,180.42462275652727
3001526,183.45510864136807
3001527,805.1937989580707
3001528,15.1963017930683
3001529,3.91583376378549
3001530,27.830448167550884
3001531,18.24286339244488
3001532,2.2189731488966964
3001533,130.37174671165596
3001534,3.2682643355466423
3001535,23.094168438504997
3001536,7.637452178175392
3001537,36.7929102980817
3001538,1.7578752820861823
3001539,11.852111956210381
3001540,277.8084442774966
3001541,2.4079509825897345
3001542,2.348148530382159
3001543,11.690448160383164
3001544,7.8049389586766456
3001545,432.93230649538134
3001546,12.94482757786038
3001547,3.0914305465031866
3001548,3.636119106101156
3001549,3.413409453035122
3001550,5.988928193132074
3001551,671.4889970288037
3001552,3.413409453035122
3001553,312.60185423452236
3001554,7.140834711051294
3001555,502.33587168989
3001556,397.5021324744877
3001557,319.25169812966334
3001558,154.1291364852938
3001559,156.72792997023367
3001560,707.3826135393155
3001561,11.036856709789777
3001562,3.413409453035122
3001563,22.987688844397592
3001564,17.666668381324826
3001565,2.1832414169129177
3001566,200.707807230609
3001567,3.0377472753480648
3001568,17.75273303213688
3001569,5.1328214122877585
3001570,36.86239164490627
3001571,1.7319130351128336
3001572,11.749510986583642
3001573,254.0177538712236
3001574,2.3635386920932606
3001575,2.3045155832193815
3001576,11.589137785038668
3001577,7.73885670063539
3001578,431.38524833835453
3001579,13.075227893142905
3001580,2.9635004825037736
3001581,3.5660910253197295
3001582,3.347662330231514
3001583,5.88559271120159
3001584,659.7676494072912
3001585,3.347662330231514
3001586,306.8082637492205
3001587,6.948929625518478
3001588,493.7311571355386
3001589,390.44745416418215
3001590,313.33525609932275
3001591,150.70034478865324
3001592,153.24169760368204
3001593,695.0356474194003
3001594,10.71596321822061
3001595,3.347662330231514
3001596,22.443726715806854
3001597,17.650861018283194
3001598,2.1596729503342043
3001599,158.2530851177001
3001600,3.037220551527419
3001601,20.10993955185853
3001602,6.192864464489148
3001603,35.43908093063595
3001604,1.7319130351128336
3001605,11.749510986583642
3001606,312.19970202674324
3001607,2.3635386920932606
3001608,2.3045155832193815
3001609,11.589137785038668
3001610,22.880762550150298
3001611,431.38524833835453
3001612,14.617232476940927
3001613,2.9635004825037736
3001647,2.5402480904411235
3001648,2.405153038872299
3001649,4.427279677041735
3001650,506.860545326297
3001651,2.405153038872299
3001652,171.9295994131755
3001653,4.2632266817459685
3001654,375.43198887695
3001655,288.68375716301915
3001656,228.11038628176638
3001657,104.3917399756883
3001658,104.54230808022456
3001659,534.012887146853
3001660,6.533298339130591
3001661,2.405153038872299
3001662,15.495261567187399
3001663,16.530814739034398
3001664,1.9722236006437308
3001665,183.47740539886706
3001666,2.7769636015716648
3001667,22.413984568879943
3001668,6.046208377174881
3001669,36.4827653201643
3001670,1.7723712346296878
3001671,16.250287098481635
3001672,216.22750181938696
3001673,2.43052984026184
3001674,2.354012059158063
3001675,16.03329965696606
3001676,9.13448270507202
3001677,444.91463511859666
3001678,14.740164524850291
3001679,3.236341669573325
3001680,3.6616937950177517
3001681,3.4377555863504625
3001682,6.025285929542277
3001683,676.053449855918
3001684,3.4377555863504625
3001685,299.6413732488736
3001686,7.221585653833957
3001687,505.75221434036325
3001688,400.4024966077127
3001689,321.65221510824813
3001690,155.49819999811473
3001691,158.13010065355903
3001692,712.1906907529707
3001693,12.24368821873637
3001694,3.4377555863504625
3001695,23.18692661190867
3001696,17.686071827841356
3001697,2.1832414169129177
3001698,178.77278045075712
3001699,3.0377472753480648
3001700,20.10993955185853
3001701,6.192864464489148
3001702,36.86239164490627
3001703,1.7319130351128336
3001704,11.749510986583642
3001705,279.6186341669337
3001706,2.3635386920932606
3001707,2.3045155832193815
3001708,39.5139984880412
3001709,22.880762550150298
3001710,431.38524833835453
3001711,14.479842279727782
3001712,2.9635004825037736
3001713,2.436891218379539
3001714,2.305466891285536
3001715,4.288215476158107
3001716,479.5423353418166
3001717,2.305466891285536
3001718,173.65611631365488
3001719,4.0288129752194175
3001720,356.22366307838064
3001721,272.6888026917942
3001722,212.49043156835384
3001723,98.37195954701902
3001724,98.68821982123319
3001725,501.2021092905641
3001726,6.1806143212173055
3001727,2.305466891285536
3001728,14.594730604446859
3001729,16.376659662220646
3001730,1.9575730546204482
3001731,162.69367207664604
3001732,2.774406660925793
3001733,22.405670803899362
3001734,7.486715421766727
3001735,37.89628587303897
3001736,1.771677850307742
3001737,16.235919155351496
3001738,298.977755821911
3001739,2.4282074294284945
3001740,2.3517414495717706
3001741,16.019112444927636
3001742,9.12604158926168
3001743,444.91463511859666
3001744,14.740164524850291
3001745,3.236341669573325
3001746,2.825757969684324
3001747,2.676030737135111
3001748,4.816041829287532
3001749,567.0552435129224
3001750,2.676030737135111
3001751,210.9381970551378
3001752,5.183751884419688
3001753,419.50949403694864
3001754,325.5635163566624
3001755,258.58068998048736
3001756,120.89527439133442
3001757,121.39436884213586
3001758,597.455241730414
3001759,7.929785775995162
3001760,2.676030737135111
3001761,17.687039664159013
3001762,16.605045929960408
3001763,1.9822764916353939
3001764,184.12427965950033
3001765,2.792139389432366
3001766,22.4485058258049
3001767,5.016046046784617
3001768,38.00985341444342
3001769,1.7767456523632905
3001770,16.33389513913794
3001771,192.07986147495967
3001772,2.444313662029132
3001773,2.367488433532132
3001774,16.11585601107775
3001775,25.492782517689918
3001776,444.91463511859666
3001777,14.740164524850291
3001778,3.236341669573325
3001779,4.402724264126828
3001780,4.134221252935103
3001781,7.184768754196066
3001782,819.7170552306299
3001783,4.134221252935103
3001784,366.27341467638905
3001785,9.831532541832761
3001786,613.923227421037
3001787,486.5839928559306
3001788,392.6239703784885
3001789,193.72968720299772
3001790,196.98169918602164
3001791,863.4796066933225
3001792,16.780786285794097
3001793,4.134221252935103
3001794,30.18023150715144
3001795,19.122960559384314
3001796,2.2965133581237036
3001797,168.1006884641132
3001798,3.2257822796866042
3001799,17.813601861749394
3001800,7.59420174923239
3001801,36.42163283925756
3001802,1.7354514471100355
3001803,11.707464730328219
3001804,305.5265178631112
3001805,2.362167365979653
3001806,2.3031683210271123
3001807,11.547620419086234
3001808,22.74137053330333
3001809,431.38524833835453
3001810,11.39964312255292
3001811,2.9635004825037736
3001812,2.434968147525978
3001813,2.3036173573223864
3001814,4.286105690304924
3001815,479.52593616938117
3001816,2.3036173573223864
3001817,185.86731248634237
3001818,4.0220371648945425
3001819,353.6058440600158
3001820,272.49548473684774
3001821,212.33963426416926
3001822,104.18027344190948
3001823,98.6148144330304
3001824,500.8473827406176
3001825,6.170939179012493
3001826,2.3036173573223864
3001827,14.583502299528517
3001828,16.376659662220646
3001829,1.9575730546204482
3001830,162.69367207664604
3001831,2.774406660925793
3001832,22.405670803899362
3001833,7.486715421766727
3001834,36.46945605617389
3001835,1.771677850307742
3001836,16.235919155351496
3001837,298.977755821911
3001838,2.4282074294284945
3001839,2.3517414495717706
3001840,16.019112444927636
3001841,9.12604158926168
3001842,444.91463511859666
3001843,14.740164524850291
3001844,3.236341669573325
3001845,3.412406785989911
3001846,3.203377573667799
3001847,5.6626674058909545
3001848,632.9610750337172
3001849,3.203377573667799
3001850,261.46868989081804
3001851,6.469436405396752
3001852,473.0412556527153
3001853,373.69940015673586
3001854,299.0142600894076
3001855,142.58499856361152
3001856,144.90984658102832
3001857,666.8530953583327
3001858,9.953619441588593
3001859,3.203377573667799
3001860,21.120676174002096
3001861,17.644370950746744
3001862,2.085986003464401
3001863,199.53444377530732
3001864,3.0286201990898007
3001865,14.524261652379913
3001866,7.56509877681164
3001867,36.841944598697765
3001868,1.7310706565476046
3001869,11.742013218786994
3001870,279.4670900639198
3001871,2.3609566543420937
3001872,2.3019788548608675
3001873,11.581734329959367
3001874,7.733717529539458
3001875,431.38524833835453
3001876,14.617232476940927
3001877,2.9635004825037736
3001878,3.7638433213028355
3001879,3.5349980589039305
3001880,6.177439939663409
3001881,678.0263422783217
3001882,3.5349980589039305
3001883,228.54410013427284
3001884,8.267566448405221
3001885,498.29980889269325
3001886,406.54308150317223
3001887,326.64596984969467
3001888,159.48420393937008
3001889,162.20649975549054
3001890,722.9864004195567
3001891,12.748446034123562
3001892,3.5349980589039305
3001893,23.96374637028494
3001894,17.849086759571783
3001895,2.212695628756623
3001896,141.08283407452618
3001897,3.233966882917259
3001898,23.075680331587257
3001899,7.630384286167704
3001900,35.55980006158581
3001901,1.7572757482016148
3001902,11.871940629560697
3001903,254.93019780364125
3001904,2.4089485601194793
3001905,2.349128602500925
3001906,11.710027413357214
3001907,7.817586409543001
3001908,432.93230649538134
3001909,14.467009610533989
3001910,3.0914305465031866
3001911,3.9397428658983022
3001912,3.7001487768607415
3001913,6.443767333392449
3001914,686.7880177592009
3001915,3.7001487768607415
3001916,240.64565849184027
3001917,8.911615856727819
3001918,474.36626523211515
3001919,426.62056298425165
3001920,359.55889034108924
3001921,168.53669039707637
3001922,171.38990567606712
3001923,758.1814368754777
3001924,13.777555986736125
3001925,3.7001487768607415
3001926,25.626417553306595
3001927,17.97489564628057
3001928,2.217673907481925
3001929,120.89443095958407
3001930,3.2449633434516825
3001931,23.059430273417675
3001932,7.630704858909539
3001933,36.884384230666186
3001934,1.757404372063938
3001935,11.862982604135828
3001936,223.03646675292595
3001937,2.4087614704770774
3001938,5.4874920584017834
3001939,11.701182068898573
3001940,7.811449948420641
3001941,432.93230649538134
3001942,14.467009610533989
3001943,3.0914305465031866
3001944,3.823201893716176
3001945,3.59042740250751
3001946,6.266481507828816
3001947,706.1986561104954
3001948,3.59042740250751
3001949,276.97692223705417
3001950,7.740006289831198
3001951,528.7136828912375
3001952,418.46390035243166
3001953,336.5432375839165
3001954,163.6625898870051
3001955,166.41124276081686
3001956,743.9448757086313
3001957,13.152432387719614
3001958,3.59042740250751
3001959,24.67637980591325
3001960,17.759260991070988
3001961,2.1871323906793747
3001962,201.14336815109453
3001963,3.040082686349151
3001964,15.89776622195376
3001965,7.566169262206147
3001966,36.77426232362604
3001967,1.731938998870989
3001968,11.74568962259403
3001969,278.96546016779337
3001970,2.363229168607427
3001971,2.3042114912270066
3001972,39.50185537643005
3001973,7.736237435289343
3001974,431.38524833835453
3001975,14.479842279727782
3001976,2.9635004825037736
3002010,3.3390358096826036
3002011,3.164374270524042
3002012,5.565238581932242
3002013,661.0286519626495
3002014,3.164374270524042
3002015,300.16405694290984
3002016,6.685751843889943
3002017,492.43827058030155
3002018,382.68453029837076
3002019,306.5501606551666
3002020,147.44211535216368
3002021,148.25015238263302
3002022,696.3639550791407
3002023,10.348485483167366
3002024,3.164374270524042
3002025,21.795831658284943
3002026,17.756265642416945
3002027,2.1187456365435753
3002028,167.45916306141257
3002029,2.9743564236692936
3002030,22.48825099953933
3002031,6.0634702563088725
3002032,36.65592767464597
3002033,1.7805511988686806
3002034,16.385820693569457
3002035,275.39168992620836
3002036,2.453910612895379
3002037,2.376871324932395
3002038,16.167128405759463
3002039,9.214313225930086
3002040,444.91463511859666
3002041,14.740164524850291
3002042,3.236341669573325
3002043,3.4094083433830216
3002044,3.2009201088191013
3002045,5.662105228113004
3002046,567.6978729053734
3002047,3.2009201088191013
3002048,204.46856995034233
3002049,7.115677030429094
3002050,453.41332921367666
3002051,368.94986763095704
3002052,294.98108155030957
3002053,141.44675210963473
3002054,143.73711300083733
3002055,659.0985139117761
3002056,10.875269372493978
3002057,3.2009201088191013
3002058,21.04122321216294
3002059,16.981958007081396
3002060,2.0639222532018513
3002061,119.35126582796775
3002062,3.169619187914771
3002063,23.06730255261046
3002064,7.629305776037381
3002065,34.4547148095124
3002066,1.7564255491071128
3002067,11.864370862999913
3002068,224.0108228683852
3002069,2.4063316632499094
3002070,5.4828676940318415
3002071,39.87898761306428
3002072,7.812400938861405
3002073,432.93230649538134
3002074,12.94482757786038
3002075,3.0914305465031866
3002076,3.3978118271976987
3002077,3.1898719059217067
3002078,5.646073969478663
3002079,525.2542423612435
3002080,3.1898719059217067
3002081,203.6399587816059
3002082,7.082539724594129
3002083,457.1212239260645
3002084,367.7090887179812
3002085,293.90095086900067
3002086,140.86221156910543
3002087,143.14317379888877
3002088,657.0150002149462
3002089,10.815597725261334
3002090,3.1898719059217067
3002091,20.950086996947906
3002092,16.981958007081396
3002093,2.061263637970147
3002094,119.35126582796775
3002095,3.169619187914771
3002096,23.06730255261046
3002097,7.629305776037381
3002098,36.967311280533224
3002099,1.7564255491071128
3002100,11.864370862999913
3002101,224.0108228683852
3002102,2.4063316632499094
3002103,2.3465576267290396
3002104,11.702552865169856
3002105,7.812400938861405
3002106,432.93230649538134
3002107,14.467009610533989
3002108,3.0914305465031866
3002109,3.9779938672326844
3002110,3.7365444763973805
3002111,6.50812133352692
3002112,737.0383547335516
3002113,3.7365444763973805
3002114,308.2495878188156
3002115,8.283071198775158
3002116,550.6375864233493
3002117,436.9333390398221
3002118,351.7356321357428
3002119,171.81323393076133
3002120,174.70561117172255
3002121,776.4306210634057
3002122,12.874012689170891
3002123,3.7365444763973805
3002124,26.1683954435087
3002125,17.903121569929944
3002126,2.189423547428771
3002127,142.3560065307941
3002128,3.0496770029357583
3002129,17.74308534897714
3002130,7.5729747267774155
3002131,36.76628268776334
3002132,1.7324746382050877
3002133,11.739707486374085
3002134,252.67859503534086
3002135,2.362886134672993
3002136,2.3038744768247117
3002137,11.579457600830533
3002138,7.732137118716826
3002139,431.38524833835453
3002140,11.4990590329291
3002141,2.9635004825037736
3002142,7.282651094065937
3002143,5.885098890764091
3002144,11.68301615096903
3002145,1158.7687915329418
3002146,5.885098890764091
3002147,432.95151645365286
3002148,18.182327029620733
3002149,834.5928502063039
3002150,725.3781285719588
3002151,590.1440562554793
3002152,298.7947033730554
3002153,303.32186421079456
3002154,1272.3321833610864
3002155,29.475753002328997
3002156,5.885098890764091
3002157,48.75522319857842
3002158,20.988120905449225
3002159,2.454634897495976
3002160,116.53788135064791
3002161,16.29001503202659
3002162,27.84815488627355
3002163,10.294833610469832
3002164,37.95253620340064
3002165,1.5005932183584707
3002166,3.129917551900312
3002167,363.38069925295827
3002168,1.8215429950206787
3002169,1.8029486083811044
3002170,3.080644687229656
3002171,2.8391241717215663
3002172,746.9550731043707
3002173,16.017648277307927
3002174,1.7906867217270452
3002175,7.282651094065937
3002176,5.885098890764091
3002177,11.68301615096903
3002178,1176.7633625004257
3002179,5.885098890764091
3002180,417.74368014677253
3002181,18.182327029620733
3002182,857.093558830007
3002183,725.3781285719588
3002184,590.1440562554793
3002185,298.7947033730554
3002186,303.32186421079456
3002187,1272.3321833610864
3002188,29.475753002328997
3002189,5.885098890764091
3002190,48.75522319857842
3002191,20.988120905449225
3002192,2.437100970586969
3002193,116.53788135064791
3002194,17.89876793930923
3002195,27.84815488627355
3002196,10.292429520306568
3002197,33.121320659486
3002198,1.5005932183584707
3002199,3.129917551900312
3002200,363.38069925295827
3002201,1.8215429950206787
3002202,5.551216245094787
3002203,3.080644687229656
3002204,2.8391241717215663
3002205,746.9550731043707
3002206,16.017648277307927
3002207,1.7906867217270452
3002208,7.2388128749824485
3002209,5.868277700771651
3002210,11.615887784175472
3002211,1030.0615445238202
3002212,5.868277700771651
3002213,416.07755105485245
3002214,18.08079926449998
3002215,869.1699490421479
3002216,722.487960220465
3002217,587.791967480557
3002218,297.60185748528386
3002219,302.11100531236
3002220,1267.265752761746
3002221,29.314451660321794
3002222,5.868277700771651
3002223,48.49187993440427
3002224,21.349547263480673
3002225,2.3705855926002095
3002226,120.92242950795959
3002227,11.599193734107311
3002228,28.138341727466756
3002229,8.679949734255278
3002230,35.271899326807734
3002231,1.5678771249545411
3002232,3.3633962241098647
3002233,339.05969333383365
3002234,1.8974627543561828
3002235,5.727490986100035
3002236,3.311337792203372
3002237,2.9424241688120167
3002238,789.239587297749
3002239,16.47554516704149
3002240,1.8657762258275317
3002241,7.2388128749824485
3002242,5.868277700771651
3002243,11.615887784175472
3002244,1133.5903295184332
3002245,5.868277700771651
3002246,416.07755105485245
3002247,18.08079926449998
3002248,805.5091633214357
3002249,722.487960220465
3002250,587.791967480557
3002251,297.60185748528386
3002252,302.11100531236
3002253,1267.265752761746
3002254,29.314451660321794
3002255,5.868277700771651
3002256,48.49187993440427
3002257,21.360595856165325
3002258,2.4327347473073355
3002259,126.56261480085185
3002260,19.233605107632055
3002261,28.33683762163417
3002262,10.34643915962047
3002263,37.273736122552336
3002264,1.5678771249545411
3002265,3.3633962241098647
3002266,383.9804135986417
3002267,1.8974627543561828
3002268,1.8783680452472504
3002269,21.908563578332007
3002270,2.9424241688120167
3002271,789.239587297749
3002272,16.47554516704149
3002273,1.8657762258275317
3002274,7.173981691574584
3002275,5.841916031181023
3002276,11.530659896161966
3002277,1125.3378385093276
3002278,5.841916031181023
3002279,427.8599025615804
3002280,17.91448145283502
3002281,825.0071436851674
3002282,716.8554323026627
3002283,583.2080802882928
3002284,295.2231227167829
3002285,299.69634957939155
3002286,1258.0409678772635
3002287,29.05021570290317
3002288,5.841916031181023
3002289,48.11260239374028
3002290,20.633170351913076
3002291,2.364794112639054
3002292,122.95498950499201
3002293,16.101139752440336
3002294,27.241550340647205
3002295,8.625347979451748
3002296,37.197108189459776
3002297,1.5673950398660534
3002298,3.3695165127274036
3002299,281.83076608193977
3002300,1.8987073417502889
3002301,6.821354486682345
3002302,21.86269829171598
3002303,2.9479539837833384
3002304,789.239587297749
3002305,16.47554516704149
3002306,1.8657762258275317
3002307,7.263081083033958
3002308,5.881874490020708
3002309,11.656099909119355
3002310,1135.5312431452658
3002311,5.881874490020708
3002312,416.76845409720823
3002313,18.13700357613641
3002314,855.0951162714454
3002315,723.6864424489136
3002316,588.7673212501811
3002317,298.082145123488
3002318,302.59854571174367
3002319,1269.4353413946976
3002320,29.403745765070052
3002321,5.881874490020708
3002322,48.64897154233555
3002323,20.39328617458769
3002324,2.355984696818724
3002325,114.31592115078378
3002326,7.160134174688485
3002327,26.82384496330169
3002328,8.579530823485225
3002329,36.19626175694011
3002330,1.5001237649367205
3002331,3.1357103532151696
3002332,421.5918385766488
3002333,1.8227549715467797
3002334,1.8024223917195803
3002335,3.0863683762894487
3002336,2.844509093640799
3002337,746.9550731043707
3002338,16.017648277307927
3002339,1.7906867217270452
3002373,7.219346443640275
3002374,5.8650611776576795
3002375,11.589114003971678
3002376,1151.5262295185776
3002377,5.8650611776576795
3002378,415.1062053086083
3002379,18.035715697914295
3002380,803.6308573730148
3002381,720.8030051063822
3002382,586.4207103328431
3002383,296.89213441648593
3002384,301.39056480777475
3002385,1264.38043696973
3002386,29.242825541258785
3002387,5.8650611776576795
3002388,48.38619064440518
3002389,20.7704675877534
3002390,2.364794112639054
3002391,122.4155926378419
3002392,8.2774071708902
3002393,27.26000859303211
3002394,8.625347979451748
3002395,37.197108189459776
3002396,1.5673950398660534
3002397,3.3695165127274036
3002398,281.83076608193977
3002399,1.8987073417502889
3002400,1.8778276695803977
3002401,21.86269829171598
3002402,2.9479539837833384
3002403,789.239587297749
3002404,16.47554516704149
3002405,1.8657762258275317
3002406,5.711674911551467
3002407,4.751122612702659
3002408,9.403327579452819
3002409,925.4178409041809
3002410,4.751122612702659
3002411,328.76712042835646
3002412,13.22691745293405
3002413,712.0312708021148
3002414,574.7183012067252
3002415,466.1970972968353
3002416,233.3712632273182
3002417,237.26175870584615
3002418,1018.4724568150084
3002419,21.118321722244097
3002420,4.751122612702659
3002421,37.093873657355886
3002422,18.90625046922546
3002423,2.00024969739522
3002424,117.39231496365285
3002425,2.4857567731520382
3002426,26.732621228448426
3002427,8.520389862969598
3002428,34.50587036117063
3002429,1.5429490210575754
3002430,3.4216027466688947
3002431,348.5376834925811
3002432,1.8801164310771679
3002433,1.8433181523122992
3002434,3.37003045675261
3002435,2.990706970916463
3002436,789.239587297749
3002437,16.47554516704149
3002438,1.8657762258275317
3002439,6.058143304229902
3002440,5.024529403570341
3002441,9.960651613367217
3002442,941.3468139143612
3002443,5.024529403570341
3002444,350.9635714540679
3002445,14.529736463689925
3002446,684.0672311801449
3002447,611.6065656001953
3002448,496.8616676888281
3002449,249.93064862399623
3002450,254.1045766501427
3002451,1082.8900784312402
3002452,23.27447244032905
3002453,5.024529403570341
3002454,40.16741513659764
3002455,17.59697808263544
3002456,2.308624300033982
3002457,113.50280562471484
3002458,3.074333619047457
3002459,26.262441670370247
3002460,5.688307019930524
3002461,36.649082600913296
3002462,1.4784979096678699
3002463,3.18012347755045
3002464,271.02972834062757
3002465,1.8050165399972524
3002466,1.7691777872770085
3002467,3.131367731676967
3002468,2.8815620575905756
3002469,746.9550731043707
3002470,12.567665104966613
3002471,1.7906867217270452
3002472,3.30156186438115
3002473,3.099164693122649
3002474,5.506042390885456
3002475,550.90269349141
3002476,3.099164693122649
3002477,196.89303642547176
3002478,6.798210747624728
3002479,411.73947744829655
3002480,357.46525565918694
3002481,285.23188660697235
3002482,136.08121773921718
3002483,138.19513259434459
3002484,640.2306493701929
3002485,10.356212360721864
3002486,3.099164693122649
3002487,20.280083342887593
3002488,16.719888701876336
3002489,2.0541282458893004
3002490,139.10217241855509
3002491,2.978989590252392
3002492,23.034941151067933
3002493,7.620955818928824
3002494,35.48497342917855
3002495,1.7535020571822821
3002496,11.833496505145748
3002497,196.9148050403554
3002498,2.399476539704449
3002499,2.339822796345159
3002500,11.672066868847368
3002501,7.791074816890712
3002502,432.93230649538134
3002503,14.467009610533989
3002504,3.0914305465031866
3002505,2.521242207060702
3002506,2.386872415623313
3002507,4.403811753800331
3002508,502.54595247131545
3002509,2.386872415623313
3002510,159.74911286918555
3002511,4.210666836305477
3002512,373.18373352541306
3002513,286.1437521335147
3002514,237.5562334196
3002515,103.38279584532022
3002516,103.53192251995564
3002517,529.4676181720334
3002518,6.451209779183906
3002519,2.386872415623313
3002520,15.36156148181518
3002521,16.50382844504309
3002522,1.9722236006437308
3002523,183.47740539886706
3002524,2.7769636015716648
3002525,22.413984568879943
3002526,6.046208377174881
3002527,36.4827653201643
3002528,1.7723712346296878
3002529,16.250287098481635
3002530,243.73847915804097
3002531,2.43052984026184
3002532,2.354012059158063
3002533,16.03329965696606
3002534,9.13448270507202
3002535,444.91463511859666
3002536,14.740164524850291
3002537,3.236341669573325
3002670,1.7747904673466968
3002671,1.7289023348718593
3002672,4.017443504344767
3002673,382.9302147317577
3002674,1.7289023348718593
3002675,91.54221923121766
3002676,2.478982317425468
3002677,119.16900604194112
3002678,126.05250858175103
3002679,92.42955236192326
3002680,10.81006190651216
3002681,10.907487902122408
3002682,766.5194576216504
3002683,3.0934167070306104
3002684,1.7289023348718593
3002685,3.836400006684629
3002686,8.417527116245664
3002687,1.7289023348718593
3002688,90.87161237604727
3002689,2.421448603316851
3002690,2.478982317425468
3002691,1.7289023348718593
3002692,26.87741540173207
3002693,1.7289023348718593
3002694,11.02996916721698
3002695,90.87161237604727
3002696,2.3355057151335883
3002697,2.280344747151386
3002698,38.02622778306201
3002699,7.325557462736501
3002700,90.94906752450952
3002701,1.7747904673466968
3002702,3.0991592274368385
3003033,1.7747904673466968
3003034,1.7289023348718593
3003035,4.62106415351137
3003036,214.12673994287692
3003037,1.7289023348718593
3003038,109.88655466020607
3003039,2.478982317425468
3003040,126.36479678914256
3003041,171.96645499135772
3003042,92.42955236192326
3003043,10.81006190651216
3003044,10.907487902122408
3003045,767.9020934786168
3003046,3.0934167070306104
3003047,1.7289023348718593
3003048,3.836400006684629
3003049,7.407383614120969
3003050,1.7289023348718593
3003051,76.76356769510824
3003052,2.421448603316851
3003053,2.478982317425468
3003054,1.7289023348718593
3003055,32.8868714947922
3003056,1.7289023348718593
3003057,11.02996916721698
3003058,92.94043160478408
3003059,2.3355057151335883
3003060,2.280344747151386
3003061,10.878646918711596
3003062,7.325557462736501
3003063,81.38236459104863
3003064,1.7747904673466968
3003065,3.0991592274368385
3003396,1.7747904673466968
3003397,1.7289023348718593
3003398,4.62106415351137
3003399,336.74438447730023
3003400,1.7289023348718593
3003401,109.88655466020607
3003402,2.478982317425468
3003403,143.77915261924804
3003404,257.05477299358427
3003405,100.70526278442351
3003406,10.81006190651216
3003407,10.907487902122408
3003408,767.9020934786168
3003409,3.0934167070306104
3003410,1.7289023348718593
3003411,3.836400006684629
3003412,9.380992765089442
3003413,1.7289023348718593
3003414,92.94043160478408
3003415,2.421448603316851
3003416,2.478982317425468
3003417,4.62106415351137
3003418,31.130922480413332
3003419,1.7289023348718593
3003420,11.02996916721698
3003421,124.22641859134679
3003422,2.3355057151335883
3003423,2.280344747151386
3003424,10.878646918711596
3003425,7.325557462736501
3003426,69.82340629093412
3003427,1.7747904673466968
3003428,3.0991592274368385
3003759,1.7747904673466968
3003760,1.7289023348718593
3003761,4.62106415351137
3003762,189.36555625864253
3003763,1.7289023348718593
3003764,93.62613958119324
3003765,2.478982317425468
3003766,122.67338401195971
3003767,225.74678617336332
3003768,100.70526278442351
3003769,10.81006190651216
3003770,10.907487902122408
3003771,767.9020934786168
3003772,3.0934167070306104
3003773,1.7289023348718593
3003774,3.836400006684629
3003775,3.31257563010327
3003776,1.7289023348718593
3003777,90.87161237604727
3003778,2.421448603316851
3003779,2.478982317425468
3003780,1.7289023348718593
3003781,18.71179130966769
3003782,1.7289023348718593
3003783,11.02996916721698
3003784,92.94043160478408
3003785,2.3355057151335883
3003786,2.280344747151386
3003787,10.878646918711596
3003788,7.325557462736501
3003789,69.82340629093412
3003790,1.7747904673466968
3003791,3.0991592274368385
3004122,1.7747904673466968
3004123,1.7289023348718593
3004124,4.62106415351137
3004125,214.12673994287692
3004126,1.7289023348718593
3004127,93.62613958119324
3004128,2.478982317425468
3004129,122.67338401195971
3004130,171.96645499135772
3004131,92.42955236192326
3004132,10.81006190651216
3004133,10.907487902122408
3004134,766.5194576216504
3004135,3.0934167070306104
3004136,1.7289023348718593
3004137,9.571657118938417
3004138,7.407383614120969
3004139,1.7289023348718593
3004140,86.79654525340133
3004141,2.421448603316851
3004142,2.478982317425468
3004143,1.7289023348718593
3004144,22.599103389919506
3004145,1.7289023348718593
3004146,11.02996916721698
3004147,109.08301564505054
3004148,2.3355057151335883
3004149,2.280344747151386
3004150,10.878646918711596
3004151,7.325557462736501
3004152,59.468024190162105
3004153,1.7747904673466968
3004154,3.0991592274368385
3004320,1.7747904673466968
3004321,1.7289023348718593
3004322,4.017443504344767
3004323,479.80518003941467
3004324,1.7289023348718593
3004325,103.0368001639998
3004326,2.478982317425468
3004327,135.06105623671024
3004328,257.05477299358427
3004329,97.3849441687948
3004330,10.81006190651216
3004331,10.907487902122408
3004332,766.5194576216504
3004333,3.0934167070306104
3004334,1.7289023348718593
3004335,8.428581352568932
3004336,8.417527116245664
3004337,1.7289023348718593
3004338,86.79654525340133
3004339,2.421448603316851
3004340,2.478982317425468
3004341,7.7466356974784
3004342,18.71179130966769
3004343,1.7289023348718593
3004344,11.02996916721698
3004345,124.22641859134679
3004346,2.3355057151335883
3004347,2.280344747151386
3004348,10.878646918711596
3004349,7.325557462736501
3004350,59.468024190162105
3004351,1.7747904673466968
3004352,3.0991592274368385
3004353,1.7747904673466968
3004354,1.7289023348718593
3004355,1.7747904673466968
3004356,48.181488848128296
3004357,1.7289023348718593
3004358,11.788192462769828
3004359,2.478982317425468
3004360,11.961240061181453
3004361,11.951834748221826
3004362,11.910810949211184
3004363,10.81006190651216
3004364,10.907487902122408
3004365,11.961240061181453
3004366,3.0934167070306104
3004367,1.7289023348718593
3004368,3.836400006684629
3004369,3.31257563010327
3004370,1.7289023348718593
3004371,11.695522872586942
3004372,2.421448603316851
3004373,2.478982317425468
3004374,1.7289023348718593
3004375,5.515683171174687
3004376,1.7289023348718593
3004377,11.02996916721698
3004378,11.695522872586942
3004379,2.3355057151335883
3004380,2.280344747151386
3004381,10.878646918711596
3004382,7.325557462736501
3004383,12.449578317498494
3004384,1.7747904673466968
3004385,3.0991592274368385
3004386,1.7747904673466968
3004387,1.7289023348718593
3004388,1.7747904673466968
3004389,48.181488848128296
3004390,1.7289023348718593
3004391,11.788192462769828
3004392,2.478982317425468
3004393,11.961240061181453
3004394,11.951834748221826
3004395,11.910810949211184
3004396,10.81006190651216
3004397,10.907487902122408
3004398,11.961240061181453
3004399,3.0934167070306104
3004400,1.7289023348718593
3004401,3.836400006684629
3004402,3.31257563010327
3004403,1.7289023348718593
3004404,11.695522872586942
3004405,2.421448603316851
3004406,2.478982317425468
3004407,1.7289023348718593
3004408,5.515683171174687
3004409,1.7289023348718593
3004410,11.02996916721698
3004411,11.695522872586942
3004412,2.3355057151335883
3004413,2.280344747151386
3004414,10.878646918711596
3004415,7.325557462736501
3004416,12.449578317498494
3004417,1.7747904673466968
3004418,3.0991592274368385
3004419,1.7492666456720958
3004420,1.7038006137212625
3004421,3.9712907101881276
3004422,726.939959369699
3004423,1.7038006137212625
3004424,91.23044138089978
3004425,2.366508520304957
3004426,545.9414246886425
3004427,224.93838712153348
3004428,94.17565920123411
3004429,37.43184863112814
3004430,10.789297433401892
3004431,765.1607989544127
3004432,3.034771919825194
3004433,1.7038006137212625
3004434,3.7863999518502442
3004435,7.311541657457722
3004436,1.7038006137212625
3004437,95.32792355059138
3004438,2.3108348430398244
3004439,2.366508520304957
3004440,4.569358974052223
3004441,18.535790358865768
3004442,1.7038006137212625
3004443,340.4899588645013
3004444,98.57882134264729
3004445,2.2910741633944784
3004446,2.2366479827615406
3004447,10.76566484839591
3004448,7.251220939668757
3004449,42.432206180164165
3004450,11.126706810595394
3004451,2.9666354140785125
3002703,1.8116841580619032
3002704,1.7517968874703223
3002705,3.987923622670553
3002706,373.62757554825816
3002707,1.7517968874703223
3002708,85.57747578001266
3002709,2.4726708496907266
3002710,281.6391964838772
3002711,74.42431089273897
3002712,65.73877527480319
3002713,46.733299786547505
3002714,14.704938390086753
3002715,790.040936896342
3002716,3.2273104292866943
3002717,1.7517968874703223
3002718,4.335134770418882
3002719,3.614132249509807
3002720,1.7517968874703223
3002721,101.11135062080838
3002722,2.398704939168876
3002723,2.4726708496907266
3002724,1.7517968874703223
3002725,14.825109641701365
3002726,1.7517968874703223
3002727,270.2352257280742
3002728,110.250070485872
3002729,2.3793254727066504
3002730,2.307347765530427
3002731,14.717425388529287
3002732,8.54863899933723
3002733,56.259571758049894
3002734,1.8116841580619032
3002735,3.2332407848163296
3002736,1.7470938312046247
3002737,1.7016637322005486
3002738,3.967361774304768
3002739,731.0596077246475
3002740,1.7016637322005486
3002741,92.98789459306016
3002742,2.3638478840842767
3002743,527.597333717444
3002744,103.88705676928235
3002745,99.96254671504147
3002746,37.31613201736193
3002747,10.753800374939532
3002748,762.8539223296021
3002749,3.027164636702434
3002750,1.7016637322005486
3002751,9.442638309616529
3002752,8.292616109389403
3002753,1.7016637322005486
3002754,101.52866091263047
3002755,2.3082182071243196
3002756,2.3638478840842767
3002757,1.7016637322005486
3002758,13.390477929421827
3002759,1.7016637322005486
3002760,312.0179712210761
3002761,101.52866091263047
3002762,2.2884731448403115
3002763,2.2340899785846355
3002764,37.53864671733966
3002765,7.2356638338288715
3002766,42.30143370872252
3002767,6.285393682338485
3002768,2.9635004825037736
3002769,1.8116841580619032
3002770,1.7517968874703223
3002771,1.8116841580619032
3002772,642.8528851694794
3002773,1.7517968874703223
3002774,85.57747578001266
3002775,2.4726708496907266
3002776,214.34580351212057
3002777,128.19414096370903
3002778,102.8429339905745
3002779,46.733299786547505
3002780,14.704938390086753
3002781,790.040936896342
3002782,3.2273104292866943
3002783,1.7517968874703223
3002784,4.335134770418882
3002785,7.785346209059101
3002786,1.7517968874703223
3002787,110.250070485872
3002788,2.398704939168876
3002789,2.4726708496907266
3002790,5.197540350450389
3002791,17.697413394950388
3002792,1.7517968874703223
3002793,319.83939642734754
3002794,101.11135062080838
3002795,2.3793254727066504
3002796,2.307347765530427
3002797,14.717425388529287
3002798,8.54863899933723
3002799,56.259571758049894
3002800,4.575989432102584
3002801,3.2332407848163296
3002802,1.8116841580619032
3002803,1.7517968874703223
3002804,1.8116841580619032
3002805,421.7227210848811
3002806,1.7517968874703223
3002807,106.27766365534556
3002808,2.4726708496907266
3002809,214.34580351212057
3002810,74.42431089273897
3002811,65.73877527480319
3002812,46.733299786547505
3002813,14.704938390086753
3002814,790.040936896342
3002815,3.2273104292866943
3002816,1.7517968874703223
3002817,9.158141010175507
3002818,3.614132249509807
3002819,1.7517968874703223
3002820,101.11135062080838
3002821,2.398704939168876
3002822,2.4726708496907266
3002823,1.7517968874703223
3002824,14.825109641701365
3002825,1.7517968874703223
3002826,212.33601242085857
3002827,105.50027645573462
3002828,2.3793254727066504
3002829,2.307347765530427
3002830,14.717425388529287
3002831,8.54863899933723
3002832,56.259571758049894
3002833,3.987923622670553
3002834,3.2332407848163296
3002835,1.8137437405402945
3002836,1.7538126020153846
3002837,3.991577319003177
3002838,620.9153255010013
3002839,1.7538126020153846
3002840,108.93994789257671
3002841,2.475214610523442
3002842,400.2803355927507
3002843,112.6972902133316
3002844,75.9313859291
3002845,47.917885722544696
3002846,48.162878970412216
3002847,809.6720114886227
3002848,3.230406970007997
3002849,1.7538126020153846
3002850,4.39956584596318
3002851,7.891444616997589
3002852,1.7538126020153846
3002853,109.8980980166696
3002854,2.4011945193451787
3002855,2.475214610523442
3002856,1.7538126020153846
3002857,6.3793598021066025
3002858,1.7538126020153846
3002859,130.37678516169407
3002860,109.8980980166696
3002861,2.381800857259504
3002862,2.3097704258026712
3002863,15.1074809922398
3002864,8.663955501578695
3002865,57.68056891745687
3002866,5.202080101289157
3002867,3.236341669573325
3002868,1.8116841580619032
3002869,1.7517968874703223
3002870,3.987923622670553
3002871,744.0392869015533
3002872,1.7517968874703223
3002873,106.27766365534556
3002874,2.4726708496907266
3002875,390.5630096103583
3002876,113.05814686185573
3002877,112.13662639535174
3002878,46.733299786547505
3002879,46.972360325927106
3002880,790.040936896342
3002881,3.2273104292866943
3002882,3.987923622670553
3002883,9.158141010175507
3002884,3.614132249509807
3002885,1.7517968874703223
3002886,110.250070485872
3002887,2.398704939168876
3002888,2.4726708496907266
3002889,1.7517968874703223
3002890,14.825109641701365
3002891,1.7517968874703223
3002892,187.6902032980991
3002893,107.21261140376717
3002894,2.3793254727066504
3002895,2.307347765530427
3002896,14.717425388529287
3002897,24.292676755496984
3002898,17.74533670207828
3002899,6.297028541052821
3002900,3.2332407848163296
3002901,1.8137437405402945
3002902,1.7538126020153846
3002903,1.8137437405402945
3002904,530.881922636589
3002905,1.7538126020153846
3002906,104.4092716008891
3002907,2.475214610523442
3002908,288.65338612954474
3002909,110.89816679321126
3002910,88.5767904871286
3002911,47.917885722544696
3002912,15.09468410692995
3002913,809.6720114886227
3002914,3.230406970007997
3002915,1.7538126020153846
3002916,4.39956584596318
3002917,3.6698559596563474
3002918,1.7538126020153846
3002919,109.8980980166696
3002920,2.4011945193451787
3002921,2.475214610523442
3002922,1.7538126020153846
3002923,6.3793598021066025
3002924,1.7538126020153846
3002925,144.38124910490072
3002926,103.6454236975073
3002927,2.381800857259504
3002928,2.3097704258026712
3002929,15.1074809922398
3002930,8.663955501578695
3002931,18.210535259942734
3002932,1.8137437405402945
3002933,3.236341669573325
3002934,1.8137437405402945
3002935,1.7538126020153846
3002936,3.991577319003177
3002937,530.881922636589
3002938,1.7538126020153846
3002939,104.4092716008891
3002940,2.475214610523442
3002941,219.68998904626955
3002942,193.87942111475166
3002943,109.9940976521519
3002944,47.917885722544696
3002945,15.09468410692995
3002946,809.6720114886227
3002947,3.230406970007997
3002948,1.7538126020153846
3002949,4.39956584596318
3002950,7.891444616997589
3002951,1.7538126020153846
3002952,103.6454236975073
3002953,2.4011945193451787
3002954,2.475214610523442
3002955,1.7538126020153846
3002956,15.016225495132982
3002957,1.7538126020153846
3002958,302.4710395010299
3002959,113.01093699762731
3002960,2.381800857259504
3002961,2.3097704258026712
3002962,48.201968381518824
3002963,8.663955501578695
3002964,18.210535259942734
3002965,4.580073891625225
3002966,3.236341669573325
3002967,1.745083034613688
3002968,1.6996861891836859
3002969,3.963725803080102
3002970,659.5751030872875
3002971,1.6996861891836859
3002972,93.39629218657566
3002973,2.3613856406104965
3002974,214.91546197003183
3002975,306.1367210645126
3002976,94.30140293676892
3002977,36.38827607184915
3002978,10.469172648025017
3002979,744.3565854111564
3002980,2.979109930761456
3002981,1.6996861891836859
3002982,3.7203688236802774
3002983,7.196879180858485
3002984,1.6996861891836859
3002985,105.65761537434017
3002986,2.305796683033152
3002987,2.3613856406104965
3002988,5.181862942076626
3002989,18.266282944093792
3002990,1.6996861891836859
3002991,272.66434528020983
3002992,90.04731218750396
3002993,2.286066073587805
3002994,2.231722714303434
3002995,10.446181778629793
3002996,7.137390621912848
3002997,41.2528546742401
3002998,11.851388091107207
3002999,2.960599309938111
3003000,1.8116841580619032
3003001,1.7517968874703223
3003002,3.987923622670553
3003003,330.34843287416464
3003004,1.7517968874703223
3003005,101.8567013330255
3003006,2.4726708496907266
3003007,317.9247616063916
3003008,109.94401891065074
3003009,74.0684305608883
3003010,46.733299786547505
3003011,14.704938390086753
3003012,790.040936896342
3003013,3.2273104292866943
3003014,1.7517968874703223
3003015,4.335134770418882
3003016,3.614132249509807
3003017,1.7517968874703223
3003018,72.81666271344399
3003019,2.398704939168876
3003020,2.4726708496907266
3003021,1.7517968874703223
3003022,14.825109641701365
3003023,1.7517968874703223
3003024,140.8607252616555
3003025,110.250070485872
3003026,2.3793254727066504
3003027,2.307347765530427
3003028,14.717425388529287
3003029,8.54863899933723
3003030,56.259571758049894
3003031,6.297028541052821
3003032,3.2332407848163296
3003066,1.7470938312046247
3003067,1.7016637322005486
3003068,3.967361774304768
3003069,715.9907372664882
3003070,1.7016637322005486
3003071,99.00367010270762
3003072,2.3638478840842767
3003073,439.865206327175
3003074,197.1601193171773
3003075,93.88908945796103
3003076,37.31613201736193
3003077,10.753800374939532
3003078,762.8539223296021
3003079,3.027164636702434
3003080,1.7016637322005486
3003081,3.7773755261092052
3003082,8.292616109389403
3003083,1.7016637322005486
3003084,101.52866091263047
3003085,2.3082182071243196
3003086,2.3638478840842767
3003087,3.967361774304768
3003088,13.390477929421827
3003089,1.7016637322005486
3003090,407.3338121915283
3003091,95.03788438980592
3003092,2.2884731448403115
3003093,2.2340899785846355
3003094,10.730238946612415
3003095,7.2356638338288715
3003096,42.30143370872252
3003097,10.699723005475798
3003098,2.9635004825037736
3003099,1.7470938312046247
3003100,1.7016637322005486
3003101,1.7470938312046247
3003102,719.0091910209362
3003103,1.7016637322005486
3003104,92.98789459306016
3003105,2.3638478840842767
3003106,555.754970574366
3003107,197.1601193171773
3003108,103.26732094485338
3003109,37.31613201736193
3003110,10.753800374939532
3003111,762.8539223296021
3003112,3.027164636702434
3003113,1.7016637322005486
3003114,3.7773755261092052
3003115,8.292616109389403
3003116,1.7016637322005486
3003117,95.03788438980592
3003118,2.3082182071243196
3003119,2.3638478840842767
3003120,1.7016637322005486
3003121,26.586831590608792
3003122,1.7016637322005486
3003123,279.4558081803751
3003124,108.3045120210087
3003125,2.2884731448403115
3003126,5.312990671715637
3003127,10.730238946612415
3003128,7.2356638338288715
3003129,12.179916976837614
3003130,1.7470938312046247
3003131,2.9635004825037736
3003132,1.8137437405402945
3003133,1.7538126020153846
3003134,1.8137437405402945
3003135,620.9153255010013
3003136,1.7538126020153846
3003137,87.72604838324258
3003138,2.475214610523442
3003139,325.8394414824864
3003140,112.6972902133316
3003141,105.41997935948878
3003142,47.917885722544696
3003143,15.09468410692995
3003144,809.6720114886227
3003145,3.230406970007997
3003146,1.7538126020153846
3003147,10.465190887129623
3003148,3.6698559596563474
3003149,1.7538126020153846
3003150,108.14326845992099
3003151,2.4011945193451787
3003152,2.475214610523442
3003153,1.7538126020153846
3003154,17.923217335576712
3003155,1.7538126020153846
3003156,165.5767622822265
3003157,108.14326845992099
3003158,2.381800857259504
3003159,2.3097704258026712
3003160,15.1074809922398
3003161,8.663955501578695
3003162,57.68056891745687
3003163,6.302373676310771
3003164,3.236341669573325
3003165,1.772597480762022
3003166,1.7267456148305858
3003167,4.013478092749234
3003168,188.79237390253473
3003169,1.7267456148305858
3003170,99.43601061833184
3003171,2.472422937120056
3003172,122.3010088668495
3003173,111.09019027762737
3003174,92.14824006990263
3003175,10.774502327130289
3003176,10.871634977332844
3003177,749.6949188560538
3003178,3.085698853221623
3003179,1.7267456148305858
3003180,3.827281309301763
3003181,7.391532074369735
3003182,1.7267456148305858
3003183,55.90600372355906
3003184,2.414997698846263
3003185,2.472422937120056
3003186,4.013478092749234
3003187,22.554608914271867
3003188,1.7267456148305858
3003189,10.993747456700177
3003190,92.65758107772828
3003191,2.3328695812083526
3003192,2.277752208324305
3003193,10.842880832860487
3003194,7.309860200528782
3003195,81.13431489778435
3003196,1.772597480762022
3003197,3.0914305465031866
3003198,1.772597480762022
3003199,1.7267456148305858
3003200,1.772597480762022
3003201,48.03340553826442
3003202,1.7267456148305858
3003203,11.749687775103473
3003204,2.472422937120056
3003205,11.922214334771922
3003206,11.912837340797868
3003207,11.871937062650115
3003208,10.774502327130289
3003209,10.871634977332844
3003210,11.922214334771922
3003211,3.085698853221623
3003212,1.7267456148305858
3003213,3.827281309301763
3003214,3.304444567317459
3003215,1.7267456148305858
3003216,11.657297208999754
3003217,2.414997698846263
3003218,2.472422937120056
3003219,1.7267456148305858
3003220,5.5033983016439505
3003221,1.7267456148305858
3003222,10.993747456700177
3003223,11.657297208999754
3003224,2.3328695812083526
3003225,2.277752208324305
3003226,10.842880832860487
3003227,7.309860200528782
3003228,12.409082225977572
3003229,1.772597480762022
3003230,3.0914305465031866
3003231,1.772597480762022
3003232,1.7267456148305858
3003233,1.772597480762022
3003234,290.986936655452
3003235,1.7267456148305858
3003236,99.43601061833184
3003237,2.472422937120056
3003238,112.95774693427646
3003239,111.09019027762737
3003240,88.01654671192085
3003241,10.774502327130289
3003242,10.871634977332844
3003243,737.2845611982427
3003244,3.085698853221623
3003245,1.7267456148305858
3003246,3.827281309301763
3003247,7.391532074369735
3003248,1.7267456148305858
3003249,65.6513760964384
3003250,2.414997698846263
3003251,2.472422937120056
3003252,1.7267456148305858
3003253,18.674626091824127
3003254,1.7267456148305858
3003255,10.993747456700177
3003256,95.45307983627225
3003257,2.3328695812083526
3003258,5.398219979149273
3003259,10.842880832860487
3003260,7.309860200528782
3003261,43.054335556390896
3003262,1.772597480762022
3003263,3.0914305465031866
3003264,1.772597480762022
3003265,1.7267456148305858
3003266,1.772597480762022
3003267,246.67299836737078
3003268,1.7267456148305858
3003269,96.1571286155158
3003270,2.472422937120056
3003271,112.95774693427646
3003272,94.87220398148528
3003273,41.289593356370894
3003274,10.774502327130289
3003275,10.871634977332844
3003276,603.3848965626622
3003277,3.085698853221623
3003278,1.7267456148305858
3003279,8.410804415180587
3003280,3.304444567317459
3003281,1.7267456148305858
3003282,49.24623031080303
3003283,2.414997698846263
3003284,2.472422937120056
3003285,1.7267456148305858
3003286,22.554608914271867
3003287,1.7267456148305858
3003288,10.993747456700177
3003289,92.65758107772828
3003290,2.3328695812083526
3003291,2.277752208324305
3003292,10.842880832860487
3003293,7.309860200528782
3003294,52.23062441039167
3003295,1.772597480762022
3003296,3.0914305465031866
3003297,1.772597480762022
3003298,1.7267456148305858
3003299,4.013478092749234
3003300,381.77421766282407
3003301,1.7267456148305858
3003302,96.1571286155158
3003303,2.472422937120056
3003304,125.9813069617621
3003305,197.86912877151286
3003306,97.08871140897986
3003307,10.774502327130289
3003308,10.871634977332844
3003309,749.6949188560538
3003310,3.085698853221623
3003311,1.7267456148305858
3003312,3.827281309301763
3003313,9.361420121919371
3003314,1.7267456148305858
3003315,76.52942499709688
3003316,2.414997698846263
3003317,2.472422937120056
3003318,1.7267456148305858
3003319,26.82485446497881
3003320,1.7267456148305858
3003321,10.993747456700177
3003322,95.45307983627225
3003323,2.3328695812083526
3003324,2.277752208324305
3003325,10.842880832860487
3003326,7.309860200528782
3003327,69.61016011508562
3003328,1.772597480762022
3003329,3.0914305465031866
3003330,1.7470938312046247
3003331,1.7016637322005486
3003332,3.967361774304768
3003333,731.0596077246475
3003334,1.7016637322005486
3003335,95.73890249498785
3003336,2.3638478840842767
3003337,527.597333717444
3003338,313.7588599450903
3003339,96.66647516317121
3003340,37.31613201736193
3003341,10.753800374939532
3003342,762.8539223296021
3003343,2.957948006706167
3003344,1.7016637322005486
3003345,8.313512889222368
3003346,7.29587082108052
3003347,1.7016637322005486
3003348,92.30681165663681
3003349,2.3082182071243196
3003350,2.3638478840842767
3003351,1.7016637322005486
3003352,16.16984816416285
3003353,1.7016637322005486
3003354,339.4617475480426
3003355,98.27899387092712
3003356,2.2884731448403115
3003357,2.2340899785846355
3003358,37.53864671733966
3003359,7.2356638338288715
3003360,51.32089702567551
3003361,1.7951350325941688
3003362,2.9635004825037736
3003363,1.7470938312046247
3003364,1.7016637322005486
3003365,3.967361774304768
3003366,719.0091910209362
3003367,1.7016637322005486
3003368,102.27705773599325
3003369,2.3638478840842767
3003370,527.597333717444
3003371,281.0962130647371
3003372,93.88908945796103
3003373,37.31613201736193
3003374,10.753800374939532
3003375,762.8539223296021
3003376,2.957948006706167
3003377,1.7016637322005486
3003378,8.313512889222368
3003379,7.29587082108052
3003380,1.7016637322005486
3003381,95.03788438980592
3003382,2.3082182071243196
3003383,2.3638478840842767
3003384,1.7016637322005486
3003385,22.34429654338927
3003386,1.7016637322005486
3003387,222.77055680726576
3003388,101.52866091263047
3003389,2.2884731448403115
3003390,2.2340899785846355
3003391,10.730238946612415
3003392,7.2356638338288715
3003393,51.32089702567551
3003394,1.7951350325941688
3003395,2.9635004825037736
3003429,1.8137437405402945
3003430,1.7538126020153846
3003431,1.8137437405402945
3003432,575.1131154794618
3003433,1.7538126020153846
3003434,113.84314744803345
3003435,2.475214610523442
3003436,219.68998904626955
3003437,123.39872965706951
3003438,67.39501557098505
3003439,47.917885722544696
3003440,15.09468410692995
3003441,809.6720114886227
3003442,3.230406970007997
3003443,1.7538126020153846
3003444,9.280818314307579
3003445,7.891444616997589
3003446,1.7538126020153846
3003447,103.6454236975073
3003448,2.4011945193451787
3003449,2.475214610523442
3003450,1.7538126020153846
3003451,17.923217335576712
3003452,1.7538126020153846
3003453,276.9664057466625
3003454,109.8980980166696
3003455,2.381800857259504
3003456,2.3097704258026712
3003457,15.1074809922398
3003458,8.663955501578695
3003459,18.210535259942734
3003460,1.8137437405402945
3003461,3.236341669573325
3003462,1.7470938312046247
3003463,1.7016637322005486
3003464,1.7470938312046247
3003465,724.7481640196535
3003466,1.7016637322005486
3003467,77.06146857372379
3003468,2.3638478840842767
3003469,527.597333717444
3003470,110.63361590814291
3003471,77.8099542689278
3003472,37.31613201736193
3003473,10.753800374939532
3003474,762.8539223296021
3003475,3.027164636702434
3003476,1.7016637322005486
3003477,3.7773755261092052
3003478,7.29587082108052
3003479,1.7016637322005486
3003480,98.27899387092712
3003481,2.3082182071243196
3003482,2.3638478840842767
3003483,1.7016637322005486
3003484,16.16984816416285
3003485,1.7016637322005486
3003486,339.4617475480426
3003487,90.28640436667553
3003488,2.2884731448403115
3003489,2.2340899785846355
3003490,10.730238946612415
3003491,7.2356638338288715
3003492,42.30143370872252
3003493,1.7470938312046247
3003494,2.9635004825037736
3003495,1.8137437405402945
3003496,1.7538126020153846
3003497,1.8137437405402945
3003498,530.881922636589
3003499,1.7538126020153846
3003500,75.20074165434684
3003501,2.475214610523442
3003502,173.05513758963195
3003503,67.71925894008801
3003504,56.26286896012165
3003505,47.917885722544696
3003506,15.09468410692995
3003507,809.6720114886227
3003508,3.230406970007997
3003509,1.7538126020153846
3003510,4.39956584596318
3003511,3.6698559596563474
3003512,1.7538126020153846
3003513,95.68636391249427
3003514,2.4011945193451787
3003515,2.475214610523442
3003516,1.7538126020153846
3003517,15.016225495132982
3003518,1.7538126020153846
3003519,276.9664057466625
3003520,95.68636391249427
3003521,2.381800857259504
3003522,2.3097704258026712
3003523,15.1074809922398
3003524,8.663955501578695
3003525,18.210535259942734
3003526,1.8137437405402945
3003527,3.236341669573325
3003528,1.8137437405402945
3003529,1.7538126020153846
3003530,3.991577319003177
3003531,575.1131154794618
3003532,1.7538126020153846
3003533,121.48922966098475
3003534,2.475214610523442
3003535,173.05513758963195
3003536,123.39872965706951
3003537,111.77868524910627
3003538,47.917885722544696
3003539,15.09468410692995
3003540,809.6720114886227
3003541,3.230406970007997
3003542,1.7538126020153846
3003543,4.39956584596318
3003544,3.6698559596563474
3003545,1.7538126020153846
3003546,108.14326845992099
3003547,2.4011945193451787
3003548,2.475214610523442
3003549,1.7538126020153846
3003550,15.016225495132982
3003551,1.7538126020153846
3003552,217.63032144800619
3003553,108.14326845992099
3003554,2.381800857259504
3003555,2.3097704258026712
3003556,15.1074809922398
3003557,8.663955501578695
3003558,57.68056891745687
3003559,1.8137437405402945
3003560,3.236341669573325
3003561,1.7470938312046247
3003562,1.7016637322005486
3003563,3.967361774304768
3003564,719.0091910209362
3003565,1.7016637322005486
3003566,102.27705773599325
3003567,2.3638478840842767
3003568,513.8563571624911
3003569,110.63361590814291
3003570,66.72665153656935
3003571,37.31613201736193
3003572,10.753800374939532
3003573,762.8539223296021
3003574,3.027164636702434
3003575,1.7016637322005486
3003576,8.313512889222368
3003577,7.29587082108052
3003578,1.7016637322005486
3003579,86.29206168103369
3003580,2.3082182071243196
3003581,2.3638478840842767
3003582,1.7016637322005486
3003583,16.16984816416285
3003584,1.7016637322005486
3003585,360.2184554319373
3003586,86.29206168103369
3003587,2.2884731448403115
3003588,2.2340899785846355
3003589,10.730238946612415
3003590,7.2356638338288715
3003591,12.179916976837614
3003592,1.7470938312046247
3003593,2.9635004825037736
3003594,1.8137437405402945
3003595,1.7538126020153846
3003596,1.8137437405402945
3003597,775.5981830187985
3003598,1.7538126020153846
3003599,96.3921155235122
3003600,2.475214610523442
3003601,400.2803355927507
3003602,89.00145126245707
3003603,88.5767904871286
3003604,47.917885722544696
3003605,15.09468410692995
3003606,809.6720114886227
3003607,3.230406970007997
3003608,1.7538126020153846
3003609,9.280818314307579
3003610,3.6698559596563474
3003611,1.7538126020153846
3003612,108.14326845992099
3003613,2.4011945193451787
3003614,2.475214610523442
3003615,1.7538126020153846
3003616,17.923217335576712
3003617,1.7538126020153846
3003618,327.80159133993897
3003619,87.0830953962463
3003620,2.381800857259504
3003621,2.3097704258026712
3003622,15.1074809922398
3003623,8.663955501578695
3003624,57.68056891745687
3003625,1.8137437405402945
3003626,3.236341669573325
3003627,1.7470938312046247
3003628,1.7016637322005486
3003629,3.967361774304768
3003630,719.0091910209362
3003631,1.7016637322005486
3003632,102.27705773599325
3003633,2.3638478840842767
3003634,362.2670991235289
3003635,144.71374355885982
3003636,77.8099542689278
3003637,37.31613201736193
3003638,10.753800374939532
3003639,762.8539223296021
3003640,2.957948006706167
3003641,1.7016637322005486
3003642,3.7773755261092052
3003643,7.29587082108052
3003644,1.7016637322005486
3003645,86.29206168103369
3003646,2.3082182071243196
3003647,2.3638478840842767
3003648,1.7016637322005486
3003649,18.498956978630176
3003650,1.7016637322005486
3003651,339.4617475480426
3003652,95.03788438980592
3003653,2.2884731448403115
3003654,2.2340899785846355
3003655,10.730238946612415
3003656,7.2356638338288715
3003657,51.32089702567551
3003658,1.7951350325941688
3003659,2.9635004825037736
3003660,1.772597480762022
3003661,1.7267456148305858
3003662,4.616621685359159
3003663,290.986936655452
3003664,1.7267456148305858
3003665,102.72354991320917
3003666,2.472422937120056
3003667,122.3010088668495
3003668,171.44566056747107
3003669,97.08871140897986
3003670,10.774502327130289
3003671,10.871634977332844
3003672,765.5869629360012
3003673,3.085698853221623
3003674,1.7267456148305858
3003675,8.410804415180587
3003676,8.399771020854613
3003677,1.7267456148305858
3003678,90.5949909731209
3003679,2.414997698846263
3003680,2.472422937120056
3003681,1.7267456148305858
3003682,32.82298014461729
3003683,1.7267456148305858
3003684,10.993747456700177
3003685,123.84936732710649
3003686,2.3328695812083526
3003687,2.277752208324305
3003688,10.842880832860487
3003689,7.309860200528782
3003690,81.13431489778435
3003691,1.772597480762022
3003692,3.0914305465031866
3003693,1.772597480762022
3003694,1.7267456148305858
3003695,4.616621685359159
3003696,290.986936655452
3003697,1.7267456148305858
3003698,99.43601061833184
3003699,2.472422937120056
3003700,130.53306721847756
3003701,104.34050936916569
3003702,94.2458071550521
3003703,10.774502327130289
3003704,10.871634977332844
3003705,765.5869629360012
3003706,3.085698853221623
3003707,1.7267456148305858
3003708,8.410804415180587
3003709,7.391532074369735
3003710,1.7267456148305858
3003711,92.65758107772828
3003712,2.414997698846263
3003713,5.70414683709709
3003714,1.7267456148305858
3003715,31.07034185053857
3003716,1.7267456148305858
3003717,10.993747456700177
3003718,108.75156050413653
3003719,2.3328695812083526
3003720,2.277752208324305
3003721,10.842880832860487
3003722,7.309860200528782
3003723,59.285957616483095
3003724,1.772597480762022
3003725,3.0914305465031866
3003726,1.7470938312046247
3003727,1.7016637322005486
3003728,3.967361774304768
3003729,719.0091910209362
3003730,1.7016637322005486
3003731,102.27705773599325
3003732,2.3638478840842767
3003733,466.7431459776929
3003734,281.0962130647371
3003735,93.88908945796103
3003736,37.31613201736193
3003737,10.753800374939532
3003738,762.8539223296021
3003739,3.027164636702434
3003740,1.7016637322005486
3003741,3.7773755261092052
3003742,7.29587082108052
3003743,1.7016637322005486
3003744,101.52866091263047
3003745,2.3082182071243196
3003746,2.3638478840842767
3003747,1.7016637322005486
3003748,26.586831590608792
3003749,1.7016637322005486
3003750,279.4558081803751
3003751,98.27899387092712
3003752,2.2884731448403115
3003753,2.2340899785846355
3003754,37.53864671733966
3003755,7.2356638338288715
3003756,12.179916976837614
3003757,6.285393682338485
3003758,2.9635004825037736
3003792,1.8137437405402945
3003793,1.7538126020153846
3003794,3.991577319003177
3003795,530.881922636589
3003796,1.7538126020153846
3003797,113.84314744803345
3003798,2.475214610523442
3003799,219.68998904626955
3003800,123.39872965706951
3003801,105.41997935948878
3003802,47.917885722544696
3003803,15.09468410692995
3003804,809.6720114886227
3003805,3.230406970007997
3003806,1.7538126020153846
3003807,4.39956584596318
3003808,3.6698559596563474
3003809,1.7538126020153846
3003810,108.14326845992099
3003811,2.4011945193451787
3003812,2.475214610523442
3003813,1.7538126020153846
3003814,15.016225495132982
3003815,1.7538126020153846
3003816,276.9664057466625
3003817,109.8980980166696
3003818,2.381800857259504
3003819,2.3097704258026712
3003820,15.1074809922398
3003821,8.663955501578695
3003822,57.68056891745687
3003823,1.8137437405402945
3003824,3.236341669573325
3003825,1.772597480762022
3003826,1.7267456148305858
3003827,4.013478092749234
3003828,290.986936655452
3003829,1.7267456148305858
3003830,99.43601061833184
3003831,2.472422937120056
3003832,134.65138235283632
3003833,171.44566056747107
3003834,94.2458071550521
3003835,10.774502327130289
3003836,10.871634977332844
3003837,765.5869629360012
3003838,3.085698853221623
3003839,1.7267456148305858
3003840,8.410804415180587
3003841,3.304444567317459
3003842,1.7267456148305858
3003843,76.52942499709688
3003844,2.414997698846263
3003845,2.472422937120056
3003846,1.7267456148305858
3003847,18.674626091824127
3003848,1.7267456148305858
3003849,10.993747456700177
3003850,123.84936732710649
3003851,5.398219979149273
3003852,2.277752208324305
3003853,10.842880832860487
3003854,7.309860200528782
3003855,81.13431489778435
3003856,1.772597480762022
3003857,3.0914305465031866
3003858,1.772597480762022
3003859,1.7267456148305858
3003860,1.772597480762022
3003861,48.03340553826442
3003862,1.7267456148305858
3003863,11.749687775103473
3003864,2.472422937120056
3003865,11.922214334771922
3003866,11.912837340797868
3003867,11.871937062650115
3003868,10.774502327130289
3003869,10.871634977332844
3003870,11.922214334771922
3003871,3.085698853221623
3003872,1.7267456148305858
3003873,3.827281309301763
3003874,3.304444567317459
3003875,1.7267456148305858
3003876,11.657297208999754
3003877,2.414997698846263
3003878,2.472422937120056
3003879,1.7267456148305858
3003880,5.5033983016439505
3003881,1.7267456148305858
3003882,10.993747456700177
3003883,11.657297208999754
3003884,2.3328695812083526
3003885,2.277752208324305
3003886,10.842880832860487
3003887,7.309860200528782
3003888,12.409082225977572
3003889,1.772597480762022
3003890,3.0914305465031866
3003891,1.7470938312046247
3003892,1.7016637322005486
3003893,3.967361774304768
3003894,639.3809412803422
3003895,1.7016637322005486
3003896,92.98789459306016
3003897,2.3638478840842767
3003898,362.2670991235289
3003899,224.25809652899792
3003900,93.88908945796103
3003901,37.31613201736193
3003902,10.753800374939532
3003903,762.8539223296021
3003904,2.957948006706167
3003905,1.7016637322005486
3003906,3.7773755261092052
3003907,3.2553750340815446
3003908,1.7016637322005486
3003909,86.29206168103369
3003910,2.3082182071243196
3003911,2.3638478840842767
3003912,1.7016637322005486
3003913,26.586831590608792
3003914,1.7016637322005486
3003915,279.4558081803751
3003916,95.03788438980592
3003917,2.2884731448403115
3003918,2.2340899785846355
3003919,10.730238946612415
3003920,7.2356638338288715
3003921,12.179916976837614
3003922,1.7951350325941688
3003923,2.9635004825037736
3003924,1.4616707397224218
3003925,1.4143024133093034
3003926,4.245381359345849
3003927,649.5340984259266
3003928,1.4143024133093034
3003929,91.64911233603604
3003930,1.7164465618095028
3003931,110.42568793936687
3003932,388.5380929854476
3003933,80.98075895961234
3003934,2.7094434245681347
3003935,2.738157207460168
3003936,1301.6131720805674
3003937,1.789922201977288
3003938,1.4143024133093034
3003939,6.5136419083908095
3003940,7.981875609027654
3003941,1.4143024133093034
3003942,75.69209916546247
3003943,13.027513957897309
3003944,1.7164465618095028
3003945,10.246019777861788
3003946,31.77018844155208
3003947,1.4327181711774921
3003948,2.775016104634192
3003949,181.35522391923158
3003950,1.7037899909980783
3003951,1.6719897734538391
3003952,2.730985413470565
3003953,2.5500193740478516
3003954,58.382588195491365
3003955,13.09406493360963
3003956,1.7906867217270452
3003957,1.4616707397224218
3003958,1.4143024133093034
3003959,4.245381359345849
3003960,567.989195113237
3003961,1.4143024133093034
3003962,80.20215902344374
3003963,1.7164465618095028
3003964,119.62668660885376
3003965,227.2357556187973
3003966,80.98075895961234
3003967,2.7094434245681347
3003968,2.738157207460168
3003969,1301.6131720805674
3003970,1.789922201977288
3003971,1.4143024133093034
3003972,2.1221462863301674
3003973,7.981875609027654
3003974,1.4143024133093034
3003975,70.06467396564095
3003976,13.027513957897309
3003977,1.7164465618095028
3003978,4.993328415741292
3003979,24.298541108369736
3003980,1.4327181711774921
3003981,19.759056597498592
3003982,181.35522391923158
3003983,1.7037899909980783
3003984,1.6719897734538391
3003985,2.730985413470565
3003986,2.5500193740478516
3003987,58.382588195491365
3003988,13.09406493360963
3003989,1.7906867217270452
3003990,1.5279073522613027
3003991,1.4258495832343425
3003992,5.205819489318542
3003993,401.70505752033046
3003994,1.4258495832343425
3003995,96.88689044123285
3003996,5.634969721622291
3003997,126.44613476212587
3003998,297.6967115808373
3003999,81.32553116553399
3004000,2.919151224910571
3004001,2.9494882982967843
3004002,1375.2544469966028
3004003,1.8649911350088555
3004004,1.4258495832343425
3004005,10.574640456995484
3004006,5.979290321624498
3004007,1.4258495832343425
3004008,77.33262389084821
3004009,11.359035468906939
3004010,1.7895384727193426
3004011,7.077205889937661
3004012,32.651941731951084
3004013,1.4981757518037089
3004014,2.9884309577404298
3004015,96.26760985486303
3004016,1.7765413493054196
3004017,5.556532402693007
3004018,2.9419110577293717
3004019,2.6455403769139143
3004020,61.73969343306941
3004021,12.93273268371043
3004022,1.8657762258275317
3004023,1.5279073522613027
3004024,1.4258495832343425
3004025,5.205819489318542
3004026,600.1561427840189
3004027,1.4258495832343425
3004028,89.27068681005483
3004029,1.7895384727193426
3004030,126.44613476212587
3004031,358.97070409252035
3004032,81.32553116553399
3004033,2.919151224910571
3004034,2.9494882982967843
3004035,1375.2544469966028
3004036,1.8649911350088555
3004037,1.4258495832343425
3004038,6.715812807939341
3004039,8.223552533966313
3004040,1.4258495832343425
3004041,80.02777155046601
3004042,14.775962470972594
3004043,1.7895384727193426
3004044,10.29980744780713
3004045,32.651941731951084
3004046,1.4981757518037089
3004047,2.9884309577404298
3004048,96.26760985486303
3004049,1.7765413493054196
3004050,1.743885477650279
3004051,2.9419110577293717
3004052,2.6455403769139143
3004053,48.52963322172582
3004054,13.473296446192265
3004055,1.8657762258275317
3004056,1.5279073522613027
3004057,1.4258495832343425
3004058,5.205819489318542
3004059,248.40491973636082
3004060,1.4258495832343425
3004061,89.27068681005483
3004062,1.7895384727193426
3004063,126.44613476212587
3004064,193.40267652748085
3004065,81.32553116553399
3004066,20.55166490341589
3004067,2.9494882982967843
3004068,1375.2544469966028
3004069,1.8649911350088555
3004070,1.4258495832343425
3004071,8.058139019857206
3004072,5.979290321624498
3004073,1.4258495832343425
3004074,77.33262389084821
3004075,6.771254336001313
3004076,1.7895384727193426
3004077,5.774608266723163
3004078,12.131765745290316
3004079,1.4981757518037089
3004080,2.9884309577404298
3004081,96.26760985486303
3004082,1.7765413493054196
3004083,1.743885477650279
3004084,2.9419110577293717
3004085,2.6455403769139143
3004086,61.73969343306941
3004087,12.93273268371043
3004088,1.8657762258275317
3004089,1.4616707397224218
3004090,1.4143024133093034
3004091,4.245381359345849
3004092,754.7567822443442
3004093,1.4143024133093034
3004094,80.20215902344374
3004095,1.7164465618095028
3004096,105.04447967354658
3004097,388.5380929854476
3004098,74.32862686399537
3004099,2.7094434245681347
3004100,2.738157207460168
3004101,1301.6131720805674
3004102,1.789922201977288
3004103,1.4143024133093034
3004104,6.5136419083908095
3004105,7.981875609027654
3004106,1.4143024133093034
3004107,73.14116474357427
3004108,13.027513957897309
3004109,1.7164465618095028
3004110,4.2020820211829015
3004111,24.298541108369736
3004112,1.4327181711774921
3004113,2.775016104634192
3004114,91.06296850865047
3004115,1.7037899909980783
3004116,1.6719897734538391
3004117,2.730985413470565
3004118,2.5500193740478516
3004119,58.382588195491365
3004120,13.09406493360963
3004121,1.7906867217270452
3004155,1.5279073522613027
3004156,1.4258495832343425
3004157,5.205819489318542
3004158,401.70505752033046
3004159,1.4258495832343425
3004160,89.27068681005483
3004161,1.7895384727193426
3004162,96.84099947535033
3004163,297.6967115808373
3004164,81.32553116553399
3004165,2.919151224910571
3004166,2.9494882982967843
3004167,1375.2544469966028
3004168,1.8649911350088555
3004169,1.4258495832343425
3004170,6.715812807939341
3004171,1.9001069820143845
3004172,1.4258495832343425
3004173,58.2770523449872
3004174,7.757856250392752
3004175,1.7895384727193426
3004176,1.4258495832343425
3004177,34.315592246578596
3004178,1.4981757518037089
3004179,2.9884309577404298
3004180,96.26760985486303
3004181,1.7765413493054196
3004182,1.743885477650279
3004183,2.9419110577293717
3004184,2.6455403769139143
3004185,38.37014782832649
3004186,14.710520450329135
3004187,1.8657762258275317
3004188,1.5279073522613027
3004189,1.4258495832343425
3004190,4.386519768764827
3004191,497.82771279647017
3004192,1.4258495832343425
3004193,96.88689044123285
3004194,1.7895384727193426
3004195,101.73988602996003
3004196,240.1387205092468
3004197,78.58721739481163
3004198,2.919151224910571
3004199,2.9494882982967843
3004200,1372.7796732082804
3004201,1.8649911350088555
3004202,1.4258495832343425
3004203,2.2061544319039643
3004204,7.185549941223121
3004205,1.4258495832343425
3004206,45.796063232988935
3004207,1.7567297373605153
3004208,1.7895384727193426
3004209,1.4258495832343425
3004210,24.97925345472643
3004211,1.4981757518037089
3004212,2.9884309577404298
3004213,84.25003342307033
3004214,1.7765413493054196
3004215,5.556532402693007
3004216,2.9419110577293717
3004217,2.6455403769139143
3004218,73.35383638044489
3004219,1.5279073522613027
3004220,1.8657762258275317
3004221,1.4616707397224218
3004222,1.4143024133093034
3004223,1.4616707397224218
3004224,380.15692453107863
3004225,1.4143024133093034
3004226,91.64911233603604
3004227,1.7164465618095028
3004228,105.04447967354658
3004229,281.71390643746946
3004230,76.92041764426622
3004231,2.7094434245681347
3004232,2.738157207460168
3004233,1301.6131720805674
3004234,1.789922201977288
3004235,1.4143024133093034
3004236,2.1221462863301674
3004237,6.971070917935556
3004238,1.4143024133093034
3004239,66.25932312127756
3004240,1.6844974859195672
3004241,1.7164465618095028
3004242,1.4143024133093034
3004243,29.773244918104414
3004244,1.4327181711774921
3004245,2.775016104634192
3004246,83.89990191319491
3004247,1.7037899909980783
3004248,1.6719897734538391
3004249,2.730985413470565
3004250,2.5500193740478516
3004251,36.263511307705045
3004252,1.4616707397224218
3004253,1.7906867217270452
3004254,1.772597480762022
3004255,1.7267456148305858
3004256,1.772597480762022
3004257,188.79237390253473
3004258,1.7267456148305858
3004259,99.43601061833184
3004260,2.472422937120056
3004261,118.80718242548464
3004262,197.86912877151286
3004263,94.2458071550521
3004264,10.774502327130289
3004265,10.871634977332844
3004266,749.6949188560538
3004267,3.085698853221623
3004268,1.7267456148305858
3004269,3.827281309301763
3004270,7.391532074369735
3004271,1.7267456148305858
3004272,90.5949909731209
3004273,2.414997698846263
3004274,2.472422937120056
3004275,1.7267456148305858
3004276,22.554608914271867
3004277,1.7267456148305858
3004278,10.993747456700177
3004279,90.5949909731209
3004280,2.3328695812083526
3004281,2.277752208324305
3004282,10.842880832860487
3004283,7.309860200528782
3004284,43.054335556390896
3004285,1.772597480762022
3004286,3.0914305465031866
3004287,1.8137437405402945
3004288,1.7538126020153846
3004289,1.8137437405402945
3004290,777.2345187929961
3004291,1.7538126020153846
3004292,104.4092716008891
3004293,2.475214610523442
3004294,288.65338612954474
3004295,76.29609805841478
3004296,105.41997935948878
3004297,47.917885722544696
3004298,15.09468410692995
3004299,809.6720114886227
3004300,3.230406970007997
3004301,1.7538126020153846
3004302,9.280818314307579
3004303,3.6698559596563474
3004304,1.7538126020153846
3004305,120.60161190362403
3004306,2.4011945193451787
3004307,2.475214610523442
3004308,1.7538126020153846
3004309,15.016225495132982
3004310,1.7538126020153846
3004311,118.32677624820313
3004312,109.8980980166696
3004313,2.381800857259504
3004314,2.3097704258026712
3004315,15.1074809922398
3004316,8.663955501578695
3004317,18.210535259942734
3004318,1.8137437405402945
3004319,3.236341669573325
3004452,1.7747904673466968
3004453,1.7289023348718593
3004454,4.017443504344767
3004455,189.36555625864253
3004456,1.7289023348718593
3004457,99.73933233785394
3004458,2.478982317425468
3004459,113.30190496624294
3004460,257.05477299358427
3004461,434.24280352281255
3004462,410.0324158245188
3004463,10.907487902122408
3004464,764.5639861615891
3004465,3.0934167070306104
3004466,1.7289023348718593
3004467,3.836400006684629
3004468,7.407383614120969
3004469,1.7289023348718593
3004470,76.76356769510824
3004471,2.421448603316851
3004472,2.478982317425468
3004473,1.7289023348718593
3004474,31.130922480413332
3004475,1.7289023348718593
3004476,434.24280352281255
3004477,95.74437290784107
3004478,2.3355057151335883
3004479,5.403280652643146
3004480,434.24280352281255
3004481,7.325557462736501
3004482,81.38236459104863
3004483,1.7747904673466968
3004484,15.025904403223606
3004815,1.7747904673466968
3004816,1.7289023348718593
3004817,4.62106415351137
3004818,177.10765389294326
3004819,1.7289023348718593
3004820,124.30976441524581
3004821,2.478982317425468
3004822,126.36479678914256
3004823,343.6178317568097
3004824,434.24280352281255
3004825,431.4420632153791
3004826,10.907487902122408
3004827,767.9020934786168
3004828,3.0934167070306104
3004829,1.7289023348718593
3004830,9.571657118938417
3004831,8.417527116245664
3004832,1.7289023348718593
3004833,86.79654525340133
3004834,2.421448603316851
3004835,2.478982317425468
3004836,5.248763387418615
3004837,26.87741540173207
3004838,1.7289023348718593
3004839,434.24280352281255
3004840,99.00932513236147
3004841,2.3355057151335883
3004842,2.280344747151386
3004843,434.24280352281255
3004844,7.325557462736501
3004845,81.38236459104863
3004846,1.7747904673466968
3004847,15.025904403223606
3005178,1.7747904673466968
3005179,1.7289023348718593
3005180,4.017443504344767
3005181,291.8687516455045
3005182,1.7289023348718593
3005183,109.88655466020607
3005184,2.478982317425468
3005185,130.93030358695836
3005186,364.6279208986098
3005187,434.24280352281255
3005188,432.35324281092767
3005189,10.907487902122408
3005190,767.9020934786168
3005191,3.0934167070306104
3005192,1.7289023348718593
3005193,9.571657118938417
3005194,8.417527116245664
3005195,1.7289023348718593
3005196,95.74437290784107
3005197,2.421448603316851
3005198,2.478982317425468
3005199,5.248763387418615
3005200,31.130922480413332
3005201,1.7289023348718593
3005202,434.24280352281255
3005203,124.22641859134679
3005204,2.3355057151335883
3005205,2.280344747151386
3005206,434.24280352281255
3005207,7.325557462736501
3005208,81.38236459104863
3005209,1.7747904673466968
3005210,15.025904403223606
3005541,1.7747904673466968
3005542,1.7289023348718593
3005543,4.017443504344767
3005544,177.10765389294326
3005545,1.7289023348718593
3005546,109.88655466020607
3005547,2.478982317425468
3005548,119.16900604194112
3005549,315.8390437986019
3005550,434.24280352281255
3005551,431.4420632153791
3005552,10.907487902122408
3005553,767.9020934786168
3005554,3.0934167070306104
3005555,1.7289023348718593
3005556,8.428581352568932
3005557,7.407383614120969
3005558,1.7289023348718593
3005559,86.79654525340133
3005560,2.421448603316851
3005561,2.478982317425468
3005562,1.7289023348718593
3005563,32.8868714947922
3005564,1.7289023348718593
3005565,434.24280352281255
3005566,99.00932513236147
3005567,2.3355057151335883
3005568,2.280344747151386
3005569,434.24280352281255
3005570,7.325557462736501
3005571,81.38236459104863
3005572,1.7747904673466968
3005573,10.285860153726404
3005904,1.7747904673466968
3005905,1.7289023348718593
3005906,4.017443504344767
3005907,435.94125098748873
3005908,1.7289023348718593
3005909,96.4505479492195
3005910,2.478982317425468
3005911,135.06105623671024
3005912,257.05477299358427
3005913,434.24280352281255
3005914,410.0324158245188
3005915,38.120982244220784
3005916,766.5194576216504
3005917,3.0934167070306104
3005918,1.7289023348718593
3005919,9.571657118938417
3005920,8.417527116245664
3005921,1.7289023348718593
3005922,92.94043160478408
3005923,2.421448603316851
3005924,2.478982317425468
3005925,1.7289023348718593
3005926,32.8868714947922
3005927,1.7289023348718593
3005928,433.4601521140815
3005929,99.00932513236147
3005930,2.3355057151335883
3005931,2.280344747151386
3005932,410.0324158245188
3005933,7.325557462736501
3005934,59.468024190162105
3005935,1.7747904673466968
3005936,12.189407398290763
3006102,1.7747904673466968
3006103,1.7289023348718593
3006104,4.017443504344767
3006105,382.9302147317577
3006106,1.7289023348718593
3006107,99.73933233785394
3006108,2.478982317425468
3006109,162.61083237323837
3006110,364.6279208986098
3006111,434.24280352281255
3006112,431.4420632153791
3006113,10.907487902122408
3006114,767.9020934786168
3006115,3.0934167070306104
3006116,1.7289023348718593
3006117,8.428581352568932
3006118,9.380992765089442
3006119,1.7289023348718593
3006120,90.87161237604727
3006121,2.421448603316851
3006122,2.478982317425468
3006123,6.35884617809214
3006124,31.130922480413332
3006125,1.7289023348718593
3006126,434.24280352281255
3006127,99.00932513236147
3006128,2.3355057151335883
3006129,2.280344747151386
3006130,434.24280352281255
3006131,7.325557462736501
3006132,59.468024190162105
3006133,1.7747904673466968
3006134,15.025904403223606
3006135,1.7747904673466968
3006136,1.7289023348718593
3006137,4.62106415351137
3006138,382.9302147317577
3006139,1.7289023348718593
3006140,99.73933233785394
3006141,2.478982317425468
3006142,126.36479678914256
3006143,364.6279208986098
3006144,434.24280352281255
3006145,425.2198248478645
3006146,38.120982244220784
3006147,766.5194576216504
3006148,3.0934167070306104
3006149,1.7289023348718593
3006150,9.571657118938417
3006151,8.417527116245664
3006152,1.7289023348718593
3006153,92.94043160478408
3006154,2.421448603316851
3006155,2.478982317425468
3006156,1.7289023348718593
3006157,33.94732162296598
3006158,1.7289023348718593
3006159,434.24280352281255
3006160,102.28289786989494
3006161,2.3355057151335883
3006162,5.403280652643146
3006163,434.24280352281255
3006164,7.325557462736501
3006165,52.391383528839256
3006166,1.7747904673466968
3006167,12.189407398290763
3006168,1.7747904673466968
3006169,1.7289023348718593
3006170,4.017443504344767
3006171,479.80518003941467
3006172,1.7289023348718593
3006173,109.88655466020607
3006174,2.478982317425468
3006175,135.06105623671024
3006176,364.6279208986098
3006177,434.24280352281255
3006178,428.61709268392013
3006179,10.907487902122408
3006180,767.9020934786168
3006181,3.0934167070306104
3006182,1.7289023348718593
3006183,3.836400006684629
3006184,7.407383614120969
3006185,1.7289023348718593
3006186,90.87161237604727
3006187,2.421448603316851
3006188,2.478982317425468
3006189,4.017443504344767
3006190,22.599103389919506
3006191,1.7289023348718593
3006192,434.24280352281255
3006193,109.08301564505054
3006194,2.3355057151335883
3006195,2.280344747151386
3006196,434.24280352281255
3006197,7.325557462736501
3006198,81.38236459104863
3006199,1.7747904673466968
3006200,14.243221024903315
3006201,1.7492666456720958
3006202,1.7038006137212625
3006203,3.9712907101881276
3006204,696.1350593769442
3006205,1.7038006137212625
3006206,102.58895955832567
3006207,2.366508520304957
3006208,468.1557534126077
3006209,224.93838712153348
3006210,432.6910731736353
3006211,37.43184863112814
3006212,10.789297433401892
3006213,765.1607989544127
3006214,3.034771919825194
3006215,1.7038006137212625
3006216,9.462364373320465
3006217,8.31016978997425
3006218,1.7038006137212625
3006219,101.83830253954144
3006220,2.3108348430398244
3006221,2.366508520304957
3006222,3.9712907101881276
3006223,26.63894290397727
3006224,1.7038006137212625
3006225,38.14746236992092
3006226,95.32792355059138
3006227,2.2910741633944784
3006228,2.2366479827615406
3006229,143.68882163821814
3006230,26.73787485151168
3006231,42.432206180164165
3006232,9.225084499294367
3006233,2.9666354140785125
3004485,1.8116841580619032
3004486,1.7517968874703223
3004487,1.8116841580619032
3004488,421.7227210848811
3004489,1.7517968874703223
3004490,85.57747578001266
3004491,2.4726708496907266
3004492,214.34580351212057
3004493,116.70108032519907
3004494,434.11645368424723
3004495,46.733299786547505
3004496,14.704938390086753
3004497,790.040936896342
3004498,3.2273104292866943
3004499,1.7517968874703223
3004500,4.335134770418882
3004501,7.785346209059101
3004502,1.7517968874703223
3004503,107.21261140376717
3004504,2.398704939168876
3004505,2.4726708496907266
3004506,1.7517968874703223
3004507,17.697413394950388
3004508,1.7517968874703223
3004509,14.917649889415943
3004510,110.250070485872
3004511,2.3793254727066504
3004512,2.307347765530427
3004513,110.32411419715731
3004514,8.54863899933723
3004515,56.259571758049894
3004516,5.197540350450389
3004517,3.2332407848163296
3004518,1.7470938312046247
3004519,1.7016637322005486
3004520,3.967361774304768
3004521,734.2516250833767
3004522,1.7016637322005486
3004523,92.98789459306016
3004524,2.3638478840842767
3004525,513.8563571624911
3004526,281.0962130647371
3004527,431.38524833835453
3004528,37.31613201736193
3004529,10.753800374939532
3004530,762.8539223296021
3004531,3.027164636702434
3004532,1.7016637322005486
3004533,9.442638309616529
3004534,7.29587082108052
3004535,1.7016637322005486
3004536,98.27899387092712
3004537,2.3082182071243196
3004538,2.3638478840842767
3004539,1.7016637322005486
3004540,16.16984816416285
3004541,1.7016637322005486
3004542,10.879670623894667
3004543,101.52866091263047
3004544,2.2884731448403115
3004545,2.2340899785846355
3004546,279.4558081803751
3004547,26.685577008805293
3004548,51.32089702567551
3004549,5.186391209080875
3004550,2.9635004825037736
3004551,1.8116841580619032
3004552,1.7517968874703223
3004553,3.987923622670553
3004554,373.62757554825816
3004555,1.7517968874703223
3004556,85.57747578001266
3004557,2.4726708496907266
3004558,214.34580351212057
3004559,109.94401891065074
3004560,434.11645368424723
3004561,46.733299786547505
3004562,14.704938390086753
3004563,790.040936896342
3004564,3.2273104292866943
3004565,1.7517968874703223
3004566,4.335134770418882
3004567,3.614132249509807
3004568,1.7517968874703223
3004569,105.50027645573462
3004570,2.398704939168876
3004571,2.4726708496907266
3004572,3.987923622670553
3004573,20.123763171183313
3004574,1.7517968874703223
3004575,14.917649889415943
3004576,107.21261140376717
3004577,2.3793254727066504
3004578,2.307347765530427
3004579,125.58284998475366
3004580,8.54863899933723
3004581,56.259571758049894
3004582,7.783735405607523
3004583,3.2332407848163296
3004584,1.8116841580619032
3004585,1.7517968874703223
3004586,1.8116841580619032
3004587,474.38346190865013
3004588,1.7517968874703223
3004589,94.03368713638768
3004590,2.4726708496907266
3004591,317.9247616063916
3004592,108.18846271076332
3004593,434.11645368424723
3004594,46.733299786547505
3004595,14.704938390086753
3004596,790.040936896342
3004597,3.2273104292866943
3004598,1.7517968874703223
3004599,4.335134770418882
3004600,7.785346209059101
3004601,1.7517968874703223
3004602,84.95009241657328
3004603,2.398704939168876
3004604,2.4726708496907266
3004605,1.7517968874703223
3004606,17.697413394950388
3004607,1.7517968874703223
3004608,14.917649889415943
3004609,110.250070485872
3004610,2.3793254727066504
3004611,2.307347765530427
3004612,103.72914470739704
3004613,8.54863899933723
3004614,56.259571758049894
3004615,4.575989432102584
3004616,3.2332407848163296
3004617,1.8137437405402945
3004618,1.7538126020153846
3004619,3.991577319003177
3004620,432.21333020813177
3004621,1.7538126020153846
3004622,104.4092716008891
3004623,2.475214610523442
3004624,433.6507269376423
3004625,119.62204001221815
3004626,444.91463511859666
3004627,47.917885722544696
3004628,15.09468410692995
3004629,809.6720114886227
3004630,3.230406970007997
3004631,1.7538126020153846
3004632,4.39956584596318
3004633,7.891444616997589
3004634,1.7538126020153846
3004635,108.14326845992099
3004636,2.4011945193451787
3004637,2.475214610523442
3004638,1.7538126020153846
3004639,17.923217335576712
3004640,1.7538126020153846
3004641,15.312674416893575
3004642,113.01093699762731
3004643,2.381800857259504
3004644,2.3097704258026712
3004645,128.7242264347563
3004646,8.663955501578695
3004647,57.68056891745687
3004648,1.8137437405402945
3004649,3.236341669573325
3004650,1.8116841580619032
3004651,1.7517968874703223
3004652,1.8116841580619032
3004653,758.3889441682355
3004654,1.7517968874703223
3004655,106.27766365534556
3004656,2.4726708496907266
3004657,484.75725332500235
3004658,113.05814686185573
3004659,434.11645368424723
3004660,46.733299786547505
3004661,14.704938390086753
3004662,790.040936896342
3004663,3.2273104292866943
3004664,1.7517968874703223
3004665,9.158141010175507
3004666,3.614132249509807
3004667,1.7517968874703223
3004668,110.250070485872
3004669,5.547789068449688
3004670,2.4726708496907266
3004671,1.7517968874703223
3004672,14.825109641701365
3004673,1.7517968874703223
3004674,14.917649889415943
3004675,139.91113077461495
3004676,2.3793254727066504
3004677,2.307347765530427
3004678,140.00491573167966
3004679,24.292676755496984
3004680,88.57163264602599
3004681,6.297028541052821
3004682,3.2332407848163296
3004683,1.8137437405402945
3004684,1.7538126020153846
3004685,1.8137437405402945
3004686,338.57142804216403
3004687,1.7538126020153846
3004688,104.4092716008891
3004689,2.475214610523442
3004690,433.6507269376423
3004691,110.89816679321126
3004692,444.91463511859666
3004693,47.917885722544696
3004694,15.09468410692995
3004695,809.6720114886227
3004696,3.230406970007997
3004697,1.7538126020153846
3004698,9.280818314307579
3004699,3.6698559596563474
3004700,1.7538126020153846
3004701,109.8980980166696
3004702,2.4011945193451787
3004703,2.475214610523442
3004704,1.7538126020153846
3004705,20.37886952542364
3004706,1.7538126020153846
3004707,15.312674416893575
3004708,87.0830953962463
3004709,2.381800857259504
3004710,2.3097704258026712
3004711,116.82579184518546
3004712,8.663955501578695
3004713,18.210535259942734
3004714,1.8137437405402945
3004715,3.236341669573325
3004716,1.8137437405402945
3004717,1.7538126020153846
3004718,3.991577319003177
3004719,338.57142804216403
3004720,1.7538126020153846
3004721,117.60690827836063
3004722,2.475214610523442
3004723,219.68998904626955
3004724,145.51389173731806
3004725,444.91463511859666
3004726,47.917885722544696
3004727,15.09468410692995
3004728,809.6720114886227
3004729,3.230406970007997
3004730,1.7538126020153846
3004731,9.280818314307579
3004732,3.6698559596563474
3004733,1.7538126020153846
3004734,109.8980980166696
3004735,2.4011945193451787
3004736,2.475214610523442
3004737,1.7538126020153846
3004738,17.923217335576712
3004739,1.7538126020153846
3004740,15.312674416893575
3004741,120.60161190362403
3004742,2.381800857259504
3004743,2.3097704258026712
3004744,217.63032144800619
3004745,8.663955501578695
3004746,18.210535259942734
3004747,6.302373676310771
3004748,3.236341669573325
3004749,1.745083034613688
3004750,1.6996861891836859
3004751,3.963725803080102
3004752,599.1275357178343
3004753,1.6996861891836859
3004754,90.71190215298603
3004755,2.3613856406104965
3004756,247.99971196131497
3004757,368.0464453012927
3004758,420.91469188341364
3004759,36.38827607184915
3004760,10.469172648025017
3004761,744.3565854111564
3004762,2.979109930761456
3004763,1.6996861891836859
3004764,8.202378092524421
3004765,3.2045971756181233
3004766,1.6996861891836859
3004767,92.71224979847578
3004768,2.305796683033152
3004769,2.3613856406104965
3004770,3.963725803080102
3004771,26.257647859740644
3004772,1.6996861891836859
3004773,10.591994847693682
3004774,99.04584694878508
3004775,2.286066073587805
3004776,2.231722714303434
3004777,272.66434528020983
3004778,26.355214984407457
3004779,41.2528546742401
3004780,7.668344808621207
3004781,2.960599309938111
3004782,1.8116841580619032
3004783,1.7517968874703223
3004784,1.8116841580619032
3004785,330.34843287416464
3004786,1.7517968874703223
3004787,101.8567013330255
3004788,2.4726708496907266
3004789,317.9247616063916
3004790,116.70108032519907
3004791,434.11645368424723
3004792,46.733299786547505
3004793,14.704938390086753
3004794,790.040936896342
3004795,3.2273104292866943
3004796,1.7517968874703223
3004797,4.335134770418882
3004798,3.614132249509807
3004799,1.7517968874703223
3004800,84.95009241657328
3004801,2.398704939168876
3004802,2.4726708496907266
3004803,1.7517968874703223
3004804,14.825109641701365
3004805,1.7517968874703223
3004806,14.917649889415943
3004807,117.65693109561377
3004808,2.3793254727066504
3004809,2.307347765530427
3004810,117.73590452466127
3004811,8.54863899933723
3004812,56.259571758049894
3004813,1.8116841580619032
3004814,3.2332407848163296
3004848,1.7470938312046247
3004849,1.7016637322005486
3004850,3.967361774304768
3004851,707.1061244714823
3004852,1.7016637322005486
3004853,92.98789459306016
3004854,2.3638478840842767
3004855,486.03038435229
3004856,341.3552682777062
3004857,431.38524833835453
3004858,37.31613201736193
3004859,10.753800374939532
3004860,762.8539223296021
3004861,3.027164636702434
3004862,1.7016637322005486
3004863,8.313512889222368
3004864,7.29587082108052
3004865,1.7016637322005486
3004866,92.30681165663681
3004867,2.3082182071243196
3004868,2.3638478840842767
3004869,1.7016637322005486
3004870,16.16984816416285
3004871,1.7016637322005486
3004872,10.879670623894667
3004873,98.27899387092712
3004874,2.2884731448403115
3004875,2.2340899785846355
3004876,279.4558081803751
3004877,21.92727927759901
3004878,42.30143370872252
3004879,9.86528350113351
3004880,2.9635004825037736
3004881,1.7470938312046247
3004882,1.7016637322005486
3004883,1.7470938312046247
3004884,694.0360162322053
3004885,1.7016637322005486
3004886,86.92924060335028
3004887,2.3638478840842767
3004888,486.03038435229
3004889,170.83085622626055
3004890,431.38524833835453
3004891,37.31613201736193
3004892,10.753800374939532
3004893,762.8539223296021
3004894,3.027164636702434
3004895,1.7016637322005486
3004896,8.313512889222368
3004897,8.292616109389403
3004898,1.7016637322005486
3004899,92.30681165663681
3004900,2.3082182071243196
3004901,2.3638478840842767
3004902,1.7016637322005486
3004903,26.586831590608792
3004904,1.7016637322005486
3004905,10.879670623894667
3004906,92.30681165663681
3004907,2.2884731448403115
3004908,6.07838221091879
3004909,253.86978252396347
3004910,26.685577008805293
3004911,42.30143370872252
3004912,1.7470938312046247
3004913,2.9635004825037736
3004914,1.8137437405402945
3004915,1.7538126020153846
3004916,1.8137437405402945
3004917,575.1131154794618
3004918,1.7538126020153846
3004919,96.3921155235122
3004920,2.475214610523442
3004921,325.8394414824864
3004922,123.39872965706951
3004923,444.91463511859666
3004924,47.917885722544696
3004925,15.09468410692995
3004926,809.6720114886227
3004927,3.230406970007997
3004928,1.7538126020153846
3004929,4.39956584596318
3004930,7.891444616997589
3004931,1.7538126020153846
3004932,103.6454236975073
3004933,2.4011945193451787
3004934,2.475214610523442
3004935,1.7538126020153846
3004936,20.37886952542364
3004937,1.7538126020153846
3004938,15.312674416893575
3004939,109.8980980166696
3004940,2.381800857259504
3004941,2.3097704258026712
3004942,116.82579184518546
3004943,8.663955501578695
3004944,57.68056891745687
3004945,6.302373676310771
3004946,3.236341669573325
3004947,1.772597480762022
3004948,1.7267456148305858
3004949,4.013478092749234
3004950,164.666922615538
3004951,1.7267456148305858
3004952,91.26357866040799
3004953,2.472422937120056
3004954,112.95774693427646
3004955,197.86912877151286
3004956,432.93230649538134
3004957,254.61157191987215
3004958,10.871634977332844
3004959,749.6949188560538
3004960,3.085698853221623
3004961,1.7267456148305858
3004962,3.827281309301763
3004963,8.399771020854613
3004964,1.7267456148305858
3004965,76.52942499709688
3004966,2.414997698846263
3004967,2.472422937120056
3004968,4.013478092749234
3004969,31.07034185053857
3004970,1.7267456148305858
3004971,432.93230649538134
3004972,95.45307983627225
3004973,2.3328695812083526
3004974,2.277752208324305
3004975,432.15201161577926
3004976,7.309860200528782
3004977,81.13431489778435
3004978,1.772597480762022
3004979,10.264581445740106
3004980,1.772597480762022
3004981,1.7267456148305858
3004982,1.772597480762022
3004983,335.72745092134795
3004984,1.7267456148305858
3004985,109.55268009849462
3004986,2.472422937120056
3004987,143.3432289288256
3004988,363.52703123517307
3004989,432.93230649538134
3004990,423.93649561421773
3004991,38.003190679314315
3004992,765.5869629360012
3004993,3.085698853221623
3004994,1.7267456148305858
3004995,8.410804415180587
3004996,10.897437610839383
3004997,1.7267456148305858
3004998,55.90600372355906
3004999,2.414997698846263
3005000,2.472422937120056
3005001,1.7267456148305858
3005002,31.07034185053857
3005003,1.7267456148305858
3005004,432.93230649538134
3005005,108.75156050413653
3005006,2.3328695812083526
3005007,2.277752208324305
3005008,432.93230649538134
3005009,7.309860200528782
3005010,81.13431489778435
3005011,1.772597480762022
3005012,14.214480986967219
3005013,1.772597480762022
3005014,1.7267456148305858
3005015,4.616621685359159
3005016,246.67299836737078
3005017,1.7267456148305858
3005018,109.55268009849462
3005019,2.472422937120056
3005020,118.80718242548464
3005021,256.27778136917317
3005022,432.93230649538134
3005023,416.91151947548855
3005024,10.871634977332844
3005025,764.2084901350712
3005026,3.085698853221623
3005027,1.7267456148305858
3005028,3.827281309301763
3005029,8.399771020854613
3005030,1.7267456148305858
3005031,76.52942499709688
3005032,2.414997698846263
3005033,2.472422937120056
3005034,1.7267456148305858
3005035,22.554608914271867
3005036,1.7267456148305858
3005037,432.93230649538134
3005038,95.45307983627225
3005039,2.3328695812083526
3005040,2.277752208324305
3005041,432.15201161577926
3005042,7.309860200528782
3005043,43.054335556390896
3005044,1.772597480762022
3005045,7.912380528677616
3005046,1.772597480762022
3005047,1.7267456148305858
3005048,4.013478092749234
3005049,176.57137954423433
3005050,1.7267456148305858
3005051,102.72354991320917
3005052,2.472422937120056
3005053,122.3010088668495
3005054,97.73380497656844
3005055,431.04843516807915
3005056,101.97191758590768
3005057,10.871634977332844
3005058,640.232033833549
3005059,3.085698853221623
3005060,1.7267456148305858
3005061,3.827281309301763
3005062,3.304444567317459
3005063,1.7267456148305858
3005064,76.52942499709688
3005065,2.414997698846263
3005066,2.472422937120056
3005067,1.7267456148305858
3005068,22.554608914271867
3005069,1.7267456148305858
3005070,432.93230649538134
3005071,95.45307983627225
3005072,2.3328695812083526
3005073,2.277752208324305
3005074,376.45890123151145
3005075,7.309860200528782
3005076,59.285957616483095
3005077,1.772597480762022
3005078,7.912380528677616
3005079,1.772597480762022
3005080,1.7267456148305858
3005081,4.013478092749234
3005082,381.77421766282407
3005083,1.7267456148305858
3005084,123.93246220037845
3005085,2.472422937120056
3005086,130.53306721847756
3005087,342.58020255200364
3005088,432.93230649538134
3005089,416.91151947548855
3005090,10.871634977332844
3005091,764.2084901350712
3005092,3.085698853221623
3005093,1.7267456148305858
3005094,8.410804415180587
3005095,8.399771020854613
3005096,1.7267456148305858
3005097,86.53219369918367
3005098,2.414997698846263
3005099,2.472422937120056
3005100,1.7267456148305858
3005101,31.07034185053857
3005102,1.7267456148305858
3005103,432.93230649538134
3005104,98.70820143257707
3005105,2.3328695812083526
3005106,2.277752208324305
3005107,432.93230649538134
3005108,7.309860200528782
3005109,59.285957616483095
3005110,1.772597480762022
3005111,14.214480986967219
3005112,1.7470938312046247
3005113,1.7016637322005486
3005114,1.7470938312046247
3005115,707.1061244714823
3005116,1.7016637322005486
3005117,99.00367010270762
3005118,2.3638478840842767
3005119,486.03038435229
3005120,281.0962130647371
3005121,431.38524833835453
3005122,37.31613201736193
3005123,10.753800374939532
3005124,762.8539223296021
3005125,2.957948006706167
3005126,1.7016637322005486
3005127,8.313512889222368
3005128,8.292616109389403
3005129,1.7016637322005486
3005130,92.30681165663681
3005131,2.3082182071243196
3005132,2.3638478840842767
3005133,1.7016637322005486
3005134,16.16984816416285
3005135,1.7016637322005486
3005136,10.879670623894667
3005137,95.03788438980592
3005138,2.2884731448403115
3005139,2.2340899785846355
3005140,169.40775163339518
3005141,26.685577008805293
3005142,12.179916976837614
3005143,1.7951350325941688
3005144,2.9635004825037736
3005145,1.7470938312046247
3005146,1.7016637322005486
3005147,3.967361774304768
3005148,694.0360162322053
3005149,1.7016637322005486
3005150,102.27705773599325
3005151,2.3638478840842767
3005152,486.03038435229
3005153,313.7588599450903
3005154,431.38524833835453
3005155,37.31613201736193
3005156,10.753800374939532
3005157,762.8539223296021
3005158,2.957948006706167
3005159,1.7016637322005486
3005160,8.313512889222368
3005161,3.2553750340815446
3005162,1.7016637322005486
3005163,90.28640436667553
3005164,2.3082182071243196
3005165,2.3638478840842767
3005166,1.7016637322005486
3005167,26.586831590608792
3005168,1.7016637322005486
3005169,10.879670623894667
3005170,98.27899387092712
3005171,2.2884731448403115
3005172,2.2340899785846355
3005173,123.45384103746544
3005174,21.92727927759901
3005175,58.25565246479587
3005176,1.7951350325941688
3005177,2.9635004825037736
3005211,1.8137437405402945
3005212,1.7538126020153846
3005213,1.8137437405402945
3005214,575.1131154794618
3005215,1.7538126020153846
3005216,117.60690827836063
3005217,2.475214610523442
3005218,191.60901600509052
3005219,119.62204001221815
3005220,444.8607644925032
3005221,47.917885722544696
3005222,15.09468410692995
3005223,809.6720114886227
3005224,3.230406970007997
3005225,1.7538126020153846
3005226,4.39956584596318
3005227,7.891444616997589
3005228,1.7538126020153846
3005229,108.14326845992099
3005230,2.4011945193451787
3005231,2.475214610523442
3005232,1.7538126020153846
3005233,17.923217335576712
3005234,1.7538126020153846
3005235,15.312674416893575
3005236,108.14326845992099
3005237,2.381800857259504
3005238,2.3097704258026712
3005239,120.68254519745754
3005240,8.663955501578695
3005241,18.210535259942734
3005242,1.8137437405402945
3005243,3.236341669573325
3005244,1.7470938312046247
3005245,1.7016637322005486
3005246,1.7470938312046247
3005247,715.9907372664882
3005248,1.7016637322005486
3005249,90.95273955954855
3005250,2.3638478840842767
3005251,527.597333717444
3005252,170.83085622626055
3005253,431.38524833835453
3005254,37.31613201736193
3005255,10.753800374939532
3005256,762.8539223296021
3005257,3.027164636702434
3005258,1.7016637322005486
3005259,8.313512889222368
3005260,3.2553750340815446
3005261,1.7016637322005486
3005262,98.27899387092712
3005263,2.3082182071243196
3005264,2.3638478840842767
3005265,1.7016637322005486
3005266,18.498956978630176
3005267,1.7016637322005486
3005268,10.879670623894667
3005269,98.27899387092712
3005270,2.2884731448403115
3005271,2.2340899785846355
3005272,195.62821953264375
3005273,21.92727927759901
3005274,42.30143370872252
3005275,1.7470938312046247
3005276,6.702322439264068
3005277,1.8137437405402945
3005278,1.7538126020153846
3005279,1.8137437405402945
3005280,530.881922636589
3005281,1.7538126020153846
3005282,96.3921155235122
3005283,2.475214610523442
3005284,255.19095292240831
3005285,76.29609805841478
3005286,376.06283918474816
3005287,47.917885722544696
3005288,15.09468410692995
3005289,809.6720114886227
3005290,3.230406970007997
3005291,1.7538126020153846
3005292,4.39956584596318
3005293,3.6698559596563474
3005294,1.7538126020153846
3005295,74.64855325701873
3005296,2.4011945193451787
3005297,2.475214610523442
3005298,1.7538126020153846
3005299,17.923217335576712
3005300,1.7538126020153846
3005301,15.312674416893575
3005302,87.0830953962463
3005303,2.381800857259504
3005304,2.3097704258026712
3005305,109.26516541221382
3005306,8.663955501578695
3005307,57.68056891745687
3005308,1.8137437405402945
3005309,3.236341669573325
3005310,1.8137437405402945
3005311,1.7538126020153846
3005312,1.8137437405402945
3005313,486.1809400989454
3005314,1.7538126020153846
3005315,117.60690827836063
3005316,2.475214610523442
3005317,173.05513758963195
3005318,131.4003212002151
3005319,444.91463511859666
3005320,47.917885722544696
3005321,15.09468410692995
3005322,809.6720114886227
3005323,3.230406970007997
3005324,1.7538126020153846
3005325,9.280818314307579
3005326,3.6698559596563474
3005327,1.7538126020153846
3005328,95.68636391249427
3005329,2.4011945193451787
3005330,2.475214610523442
3005331,1.7538126020153846
3005332,15.016225495132982
3005333,1.7538126020153846
3005334,15.312674416893575
3005335,113.01093699762731
3005336,2.381800857259504
3005337,2.3097704258026712
3005338,217.63032144800619
3005339,8.663955501578695
3005340,69.08832246282893
3005341,1.8137437405402945
3005342,3.236341669573325
3005343,1.7470938312046247
3005344,1.7016637322005486
3005345,3.967361774304768
3005346,715.9907372664882
3005347,1.7016637322005486
3005348,99.00367010270762
3005349,2.3638478840842767
3005350,513.8563571624911
3005351,110.63361590814291
3005352,431.38524833835453
3005353,37.31613201736193
3005354,10.753800374939532
3005355,762.8539223296021
3005356,3.027164636702434
3005357,1.7016637322005486
3005358,3.7773755261092052
3005359,7.29587082108052
3005360,1.7016637322005486
3005361,92.30681165663681
3005362,2.3082182071243196
3005363,2.3638478840842767
3005364,1.7016637322005486
3005365,22.34429654338927
3005366,1.7016637322005486
3005367,10.879670623894667
3005368,108.3045120210087
3005369,2.2884731448403115
3005370,2.2340899785846355
3005371,108.37726084440197
3005372,21.92727927759901
3005373,12.179916976837614
3005374,1.7470938312046247
3005375,2.9635004825037736
3005376,1.8137437405402945
3005377,1.7538126020153846
3005378,1.8137437405402945
3005379,620.9153255010013
3005380,1.7538126020153846
3005381,75.20074165434684
3005382,2.475214610523442
3005383,288.65338612954474
3005384,76.29609805841478
3005385,376.06283918474816
3005386,47.917885722544696
3005387,15.09468410692995
3005388,809.6720114886227
3005389,3.230406970007997
3005390,1.7538126020153846
3005391,4.39956584596318
3005392,3.6698559596563474
3005393,1.7538126020153846
3005394,95.68636391249427
3005395,2.4011945193451787
3005396,2.475214610523442
3005397,1.7538126020153846
3005398,17.923217335576712
3005399,1.7538126020153846
3005400,15.312674416893575
3005401,103.6454236975073
3005402,2.381800857259504
3005403,2.3097704258026712
3005404,113.08681823406664
3005405,8.663955501578695
3005406,57.68056891745687
3005407,1.8137437405402945
3005408,3.236341669573325
3005409,1.7470938312046247
3005410,1.7016637322005486
3005411,1.7470938312046247
3005412,639.3809412803422
3005413,1.7016637322005486
3005414,86.92924060335028
3005415,2.3638478840842767
3005416,486.03038435229
3005417,144.71374355885982
3005418,431.38524833835453
3005419,37.31613201736193
3005420,10.753800374939532
3005421,762.8539223296021
3005422,2.957948006706167
3005423,1.7016637322005486
3005424,8.313512889222368
3005425,8.292616109389403
3005426,1.7016637322005486
3005427,90.28640436667553
3005428,2.3082182071243196
3005429,2.3638478840842767
3005430,1.7016637322005486
3005431,22.34429654338927
3005432,1.7016637322005486
3005433,10.879670623894667
3005434,98.27899387092712
3005435,2.2884731448403115
3005436,2.2340899785846355
3005437,169.40775163339518
3005438,21.92727927759901
3005439,51.32089702567551
3005440,1.7951350325941688
3005441,2.9635004825037736
3005442,1.772597480762022
3005443,1.7267456148305858
3005444,4.616621685359159
3005445,176.57137954423433
3005446,1.7267456148305858
3005447,102.72354991320917
3005448,2.472422937120056
3005449,134.65138235283632
3005450,282.10554270575847
3005451,432.93230649538134
3005452,376.45890123151145
3005453,10.871634977332844
3005454,765.5869629360012
3005455,3.085698853221623
3005456,1.7267456148305858
3005457,3.827281309301763
3005458,7.391532074369735
3005459,1.7267456148305858
3005460,95.45307983627225
3005461,2.414997698846263
3005462,2.472422937120056
3005463,1.7267456148305858
3005464,31.07034185053857
3005465,1.7267456148305858
3005466,432.15201161577926
3005467,98.70820143257707
3005468,2.3328695812083526
3005469,2.277752208324305
3005470,431.04843516807915
3005471,7.309860200528782
3005472,81.13431489778435
3005473,1.772597480762022
3005474,12.164539683759685
3005475,1.772597480762022
3005476,1.7267456148305858
3005477,4.616621685359159
3005478,580.7538725444928
3005479,1.7267456148305858
3005480,91.26357866040799
3005481,2.472422937120056
3005482,125.9813069617621
3005483,256.27778136917317
3005484,432.93230649538134
3005485,398.02462168775105
3005486,10.871634977332844
3005487,762.2589065139706
3005488,6.945273932918705
3005489,1.7267456148305858
3005490,8.410804415180587
3005491,7.391532074369735
3005492,1.7267456148305858
3005493,86.53219369918367
3005494,2.414997698846263
3005495,2.472422937120056
3005496,1.7267456148305858
3005497,32.82298014461729
3005498,1.7267456148305858
3005499,432.93230649538134
3005500,101.97191758590768
3005501,2.3328695812083526
3005502,2.277752208324305
3005503,423.93649561421773
3005504,7.309860200528782
3005505,69.61016011508562
3005506,1.772597480762022
3005507,12.164539683759685
3005508,1.7470938312046247
3005509,1.7016637322005486
3005510,1.7470938312046247
3005511,724.7481640196535
3005512,1.7016637322005486
3005513,95.73890249498785
3005514,2.3638478840842767
3005515,486.03038435229
3005516,362.22741719702094
3005517,431.38524833835453
3005518,37.31613201736193
3005519,10.753800374939532
3005520,762.8539223296021
3005521,3.027164636702434
3005522,1.7016637322005486
3005523,3.7773755261092052
3005524,8.292616109389403
3005525,1.7016637322005486
3005526,98.27899387092712
3005527,2.3082182071243196
3005528,2.3638478840842767
3005529,5.186391209080875
3005530,22.34429654338927
3005531,1.7016637322005486
3005532,10.879670623894667
3005533,95.03788438980592
3005534,2.2884731448403115
3005535,2.2340899785846355
3005536,169.40775163339518
3005537,26.685577008805293
3005538,42.30143370872252
3005539,4.564957369801719
3005540,2.9635004825037736
3005574,1.8137437405402945
3005575,1.7538126020153846
3005576,3.991577319003177
3005577,722.5482407037887
3005578,1.7538126020153846
3005579,113.84314744803345
3005580,2.475214610523442
3005581,325.8394414824864
3005582,131.4003212002151
3005583,444.91463511859666
3005584,47.917885722544696
3005585,15.09468410692995
3005586,809.6720114886227
3005587,3.230406970007997
3005588,1.7538126020153846
3005589,4.39956584596318
3005590,8.906157588854217
3005591,1.7538126020153846
3005592,116.74742374878278
3005593,2.4011945193451787
3005594,2.475214610523442
3005595,1.7538126020153846
3005596,20.37886952542364
3005597,1.7538126020153846
3005598,15.312674416893575
3005599,120.60161190362403
3005600,2.381800857259504
3005601,2.3097704258026712
3005602,165.19183170851974
3005603,8.663955501578695
3005604,57.68056891745687
3005605,1.8137437405402945
3005606,3.236341669573325
3005607,1.772597480762022
3005608,1.7267456148305858
3005609,4.616621685359159
3005610,335.72745092134795
3005611,1.7267456148305858
3005612,102.72354991320917
3005613,2.472422937120056
3005614,122.3010088668495
3005615,225.06406152667265
3005616,432.93230649538134
3005617,340.45264930007687
3005618,10.871634977332844
3005619,765.5869629360012
3005620,3.085698853221623
3005621,1.7267456148305858
3005622,3.827281309301763
3005623,3.304444567317459
3005624,1.7267456148305858
3005625,65.6513760964384
3005626,2.414997698846263
3005627,2.472422937120056
3005628,1.7267456148305858
3005629,31.07034185053857
3005630,1.7267456148305858
3005631,432.93230649538134
3005632,108.75156050413653
3005633,2.3328695812083526
3005634,2.277752208324305
3005635,416.91151947548855
3005636,7.309860200528782
3005637,81.13431489778435
3005638,1.772597480762022
3005639,8.824166858869576
3005640,1.772597480762022
3005641,1.7267456148305858
3005642,4.013478092749234
3005643,290.986936655452
3005644,1.7267456148305858
3005645,96.1571286155158
3005646,2.472422937120056
3005647,125.9813069617621
3005648,171.44566056747107
3005649,432.93230649538134
3005650,361.5108814804488
3005651,10.871634977332844
3005652,765.5869629360012
3005653,3.085698853221623
3005654,1.7267456148305858
3005655,8.410804415180587
3005656,7.391532074369735
3005657,1.7267456148305858
3005658,76.52942499709688
3005659,2.414997698846263
3005660,2.472422937120056
3005661,1.7267456148305858
3005662,31.07034185053857
3005663,1.7267456148305858
3005664,432.93230649538134
3005665,98.70820143257707
3005666,2.3328695812083526
3005667,2.277752208324305
3005668,427.3235344255436
3005669,7.309860200528782
3005670,69.61016011508562
3005671,1.772597480762022
3005672,12.164539683759685
3005673,1.7470938312046247
3005674,1.7016637322005486
3005675,1.7470938312046247
3005676,675.968438144497
3005677,1.7016637322005486
3005678,95.73890249498785
3005679,2.3638478840842767
3005680,466.7431459776929
3005681,110.63361590814291
3005682,431.38524833835453
3005683,37.31613201736193
3005684,10.753800374939532
3005685,762.8539223296021
3005686,2.957948006706167
3005687,1.7016637322005486
3005688,3.7773755261092052
3005689,3.2553750340815446
3005690,1.7016637322005486
3005691,98.27899387092712
3005692,2.3082182071243196
3005693,2.3638478840842767
3005694,1.7016637322005486
3005695,18.498956978630176
3005696,1.7016637322005486
3005697,10.879670623894667
3005698,92.30681165663681
3005699,2.2884731448403115
3005700,2.2340899785846355
3005701,143.25316993042497
3005702,26.685577008805293
3005703,12.179916976837614
3005704,1.7951350325941688
3005705,2.9635004825037736
3005706,1.4616707397224218
3005707,1.4143024133093034
3005708,5.043213664135698
3005709,649.5340984259266
3005710,1.4143024133093034
3005711,91.64911233603604
3005712,1.7164465618095028
3005713,180.51203242139223
3005714,563.6883659971691
3005715,746.9550731043707
3005716,745.6101040735342
3005717,2.738157207460168
3005718,1301.6131720805674
3005719,1.789922201977288
3005720,1.4143024133093034
3005721,7.82079628494847
3005722,6.971070917935556
3005723,1.4143024133093034
3005724,73.14116474357427
3005725,13.791317242907294
3005726,1.7164465618095028
3005727,10.246019777861788
3005728,33.390247732617176
3005729,1.4327181711774921
3005730,746.9550731043707
3005731,109.79188806136877
3005732,1.7037899909980783
3005733,1.6719897734538391
3005734,746.9550731043707
3005735,2.5500193740478516
3005736,58.382588195491365
3005737,14.298871006403997
3005738,14.405030234120785
3005739,1.4616707397224218
3005740,1.4143024133093034
3005741,5.043213664135698
3005742,567.989195113237
3005743,1.4143024133093034
3005744,91.64911233603604
3005745,1.7164465618095028
3005746,143.34410525297565
3005747,515.6615348445321
3005748,746.9550731043707
3005749,745.6101040735342
3005750,2.738157207460168
3005751,1301.6131720805674
3005752,1.789922201977288
3005753,1.4143024133093034
3005754,6.5136419083908095
3005755,7.981875609027654
3005756,1.4143024133093034
3005757,75.69209916546247
3005758,13.791317242907294
3005759,1.7164465618095028
3005760,8.612679416258047
3005761,31.77018844155208
3005762,1.4327181711774921
3005763,746.9550731043707
3005764,91.06296850865047
3005765,1.7037899909980783
3005766,1.6719897734538391
3005767,746.9550731043707
3005768,2.5500193740478516
3005769,58.382588195491365
3005770,13.09406493360963
3005771,14.405030234120785
3005772,1.5279073522613027
3005773,1.4258495832343425
3005774,5.205819489318542
3005775,323.65520621398235
3005776,1.4258495832343425
3005777,116.13324815554355
3005778,1.7895384727193426
3005779,126.44613476212587
3005780,595.6121727677275
3005781,789.239587297749
3005782,685.2897022908052
3005783,2.9494882982967843
3005784,1375.2544469966028
3005785,1.8649911350088555
3005786,1.4258495832343425
3005787,6.715812807939341
3005788,7.185549941223121
3005789,1.4258495832343425
3005790,77.33262389084821
3005791,9.29800661453548
3005792,1.7895384727193426
3005793,7.077205889937661
3005794,32.651941731951084
3005795,1.4981757518037089
3005796,789.239587297749
3005797,88.69959007168923
3005798,1.7765413493054196
3005799,6.679384081816573
3005800,789.239587297749
3005801,2.6455403769139143
3005802,61.73969343306941
3005803,13.473296446192265
3005804,13.983163905952281
3005805,1.5279073522613027
3005806,1.4258495832343425
3005807,5.205819489318542
3005808,686.3110644594589
3005809,1.4258495832343425
3005810,96.88689044123285
3005811,1.7895384727193426
3005812,126.44613476212587
3005813,595.6121727677275
3005814,789.239587297749
3005815,787.8185824672781
3005816,2.9494882982967843
3005817,1375.2544469966028
3005818,1.8649911350088555
3005819,1.4258495832343425
3005820,2.2061544319039643
3005821,8.223552533966313
3005822,1.4258495832343425
3005823,77.33262389084821
3005824,14.775962470972594
3005825,1.7895384727193426
3005826,10.29980744780713
3005827,34.315592246578596
3005828,1.4981757518037089
3005829,789.239587297749
3005830,96.26760985486303
3005831,1.7765413493054196
3005832,1.743885477650279
3005833,789.239587297749
3005834,2.6455403769139143
3005835,61.73969343306941
3005836,14.710520450329135
3005837,13.983163905952281
3005838,1.5279073522613027
3005839,1.4258495832343425
3005840,5.205819489318542
3005841,151.42328724402955
3005842,1.4258495832343425
3005843,96.88689044123285
3005844,1.7895384727193426
3005845,151.50438196848387
3005846,544.8702170085979
3005847,789.239587297749
3005848,767.6052642646663
3005849,2.9494882982967843
3005850,1375.2544469966028
3005851,1.8649911350088555
3005852,1.4258495832343425
3005853,6.715812807939341
3005854,7.185549941223121
3005855,1.4258495832343425
3005856,74.0822083376935
3005857,14.189309847421335
3005858,1.7895384727193426
3005859,5.021993416965505
3005860,32.651941731951084
3005861,1.4981757518037089
3005862,789.239587297749
3005863,146.74771759539507
3005864,1.7765413493054196
3005865,6.679384081816573
3005866,789.239587297749
3005867,2.6455403769139143
3005868,48.52963322172582
3005869,12.93273268371043
3005870,13.983163905952281
3005871,1.4616707397224218
3005872,1.4143024133093034
3005873,4.245381359345849
3005874,754.7567822443442
3005875,1.4143024133093034
3005876,84.44044013674124
3005877,1.7164465618095028
3005878,105.04447967354658
3005879,563.6883659971691
3005880,746.9550731043707
3005881,745.6101040735342
3005882,19.556367148937667
3005883,1301.6131720805674
3005884,1.789922201977288
3005885,1.4143024133093034
3005886,2.1221462863301674
3005887,6.971070917935556
3005888,1.4143024133093034
3005889,75.69209916546247
3005890,1.6844974859195672
3005891,1.7164465618095028
3005892,4.2020820211829015
3005893,31.77018844155208
3005894,1.4327181711774921
3005895,746.9550731043707
3005896,91.06296850865047
3005897,1.7037899909980783
3005898,1.6719897734538391
3005899,746.9550731043707
3005900,2.5500193740478516
3005901,58.382588195491365
3005902,12.567665104966613
3005903,14.405030234120785
3005937,1.5279073522613027
3005938,1.4258495832343425
3005939,5.205819489318542
3005940,323.65520621398235
3005941,1.4258495832343425
3005942,84.79280085371927
3005943,1.7895384727193426
3005944,105.27480098147366
3005945,297.6967115808373
3005946,789.239587297749
3005947,745.3083758020787
3005948,2.9494882982967843
3005949,1375.2544469966028
3005950,1.8649911350088555
3005951,1.4258495832343425
3005952,6.715812807939341
3005953,7.185549941223121
3005954,1.4258495832343425
3005955,58.2770523449872
3005956,9.29800661453548
3005957,1.7895384727193426
3005958,1.4258495832343425
3005959,35.68968895998497
3005960,1.4981757518037089
3005961,789.239587297749
3005962,88.69959007168923
3005963,1.7765413493054196
3005964,1.743885477650279
3005965,789.239587297749
3005966,2.6455403769139143
3005967,61.73969343306941
3005968,14.710520450329135
3005969,9.69055418757426
3005970,1.5279073522613027
3005971,1.4258495832343425
3005972,4.386519768764827
3005973,497.82771279647017
3005974,1.4258495832343425
3005975,89.27068681005483
3005976,1.7895384727193426
3005977,111.03954470769966
3005978,410.560042717455
3005979,789.239587297749
3005980,785.8088455024842
3005981,20.718490423088188
3005982,1375.2544469966028
3005983,1.8649911350088555
3005984,1.4258495832343425
3005985,2.2061544319039643
3005986,8.223552533966313
3005987,1.4258495832343425
3005988,74.0822083376935
3005989,1.7567297373605153
3005990,1.7895384727193426
3005991,1.4258495832343425
3005992,30.60126609385046
3005993,1.4981757518037089
3005994,789.239587297749
3005995,88.69959007168923
3005996,1.7765413493054196
3005997,1.743885477650279
3005998,789.239587297749
3005999,2.6455403769139143
3006000,61.73969343306941
3006001,1.5279073522613027
3006002,13.983163905952281
3006003,1.4616707397224218
3006004,1.4143024133093034
3006005,5.043213664135698
3006006,380.15692453107863
3006007,1.4143024133093034
3006008,91.64911233603604
3006009,1.7164465618095028
3006010,99.58819858552671
3006011,563.6883659971691
3006012,746.9550731043707
3006013,720.9418123046245
3006014,19.556367148937667
3006015,1301.6131720805674
3006016,1.789922201977288
3006017,1.4143024133093034
3006018,7.82079628494847
3006019,6.971070917935556
3006020,1.4143024133093034
3006021,66.25932312127756
3006022,1.6844974859195672
3006023,1.7164465618095028
3006024,1.4143024133093034
3006025,31.77018844155208
3006026,1.4327181711774921
3006027,746.9550731043707
3006028,91.06296850865047
3006029,1.7037899909980783
3006030,1.6719897734538391
3006031,746.9550731043707
3006032,2.5500193740478516
3006033,36.263511307705045
3006034,1.4616707397224218
3006035,7.853473174140138
3006036,1.772597480762022
3006037,1.7267456148305858
3006038,1.772597480762022
3006039,176.57137954423433
3006040,1.7267456148305858
3006041,96.1571286155158
3006042,2.472422937120056
3006043,130.53306721847756
3006044,256.27778136917317
3006045,432.93230649538134
3006046,376.45890123151145
3006047,10.871634977332844
3006048,749.6949188560538
3006049,3.085698853221623
3006050,1.7267456148305858
3006051,3.827281309301763
3006052,3.304444567317459
3006053,1.7267456148305858
3006054,86.53219369918367
3006055,2.414997698846263
3006056,2.472422937120056
3006057,1.7267456148305858
3006058,31.07034185053857
3006059,1.7267456148305858
3006060,432.93230649538134
3006061,95.45307983627225
3006062,2.3328695812083526
3006063,2.277752208324305
3006064,423.93649561421773
3006065,7.309860200528782
3006066,43.054335556390896
3006067,1.772597480762022
3006068,6.9564200978362605
3006069,1.8137437405402945
3006070,1.7538126020153846
3006071,1.8137437405402945
3006072,658.8312289260099
3006073,1.7538126020153846
3006074,108.93994789257671
3006075,2.475214610523442
3006076,325.8394414824864
3006077,106.28679139153581
3006078,444.91463511859666
3006079,47.917885722544696
3006080,15.09468410692995
3006081,809.6720114886227
3006082,3.230406970007997
3006083,1.7538126020153846
3006084,9.280818314307579
3006085,3.6698559596563474
3006086,1.7538126020153846
3006087,103.6454236975073
3006088,2.4011945193451787
3006089,2.475214610523442
3006090,1.7538126020153846
3006091,15.016225495132982
3006092,1.7538126020153846
3006093,15.312674416893575
3006094,95.68636391249427
3006095,2.381800857259504
3006096,2.3097704258026712
3006097,89.12441555735434
3006098,8.663955501578695
3006099,69.08832246282893
3006100,1.8137437405402945
3006101,3.236341669573325
3006234,1.7747904673466968
3006235,1.7289023348718593
3006236,4.017443504344767
3006237,177.10765389294326
3006238,1.7289023348718593
3006239,96.4505479492195
3006240,2.478982317425468
3006241,135.06105623671024
3006242,315.8390437986019
3006243,88.28538108565147
3006244,10.81006190651216
3006245,10.907487902122408
3006246,766.5194576216504
3006247,3.0934167070306104
3006248,1.7289023348718593
3006249,8.428581352568932
3006250,3.31257563010327
3006251,1.7289023348718593
3006252,90.87161237604727
3006253,2.421448603316851
3006254,2.478982317425468
3006255,1.7289023348718593
3006256,32.8868714947922
3006257,1.7289023348718593
3006258,11.02996916721698
3006259,95.74437290784107
3006260,2.3355057151335883
3006261,5.403280652643146
3006262,10.878646918711596
3006263,7.325557462736501
3006264,90.94906752450952
3006265,1.7747904673466968
3006266,3.0991592274368385
3006597,1.7747904673466968
3006598,1.7289023348718593
3006599,4.017443504344767
3006600,247.42098307207465
3006601,1.7289023348718593
3006602,103.0368001639998
3006603,2.478982317425468
3006604,130.93030358695836
3006605,282.9605354468187
3006606,92.42955236192326
3006607,10.81006190651216
3006608,10.907487902122408
3006609,767.9020934786168
3006610,3.0934167070306104
3006611,1.7289023348718593
3006612,8.428581352568932
3006613,7.407383614120969
3006614,1.7289023348718593
3006615,90.87161237604727
3006616,2.421448603316851
3006617,2.478982317425468
3006618,4.017443504344767
3006619,31.130922480413332
3006620,1.7289023348718593
3006621,11.02996916721698
3006622,124.22641859134679
3006623,2.3355057151335883
3006624,2.280344747151386
3006625,10.878646918711596
3006626,7.325557462736501
3006627,90.94906752450952
3006628,1.7747904673466968
3006629,3.0991592274368385
3006960,1.7747904673466968
3006961,1.7289023348718593
3006962,4.017443504344767
3006963,336.74438447730023
3006964,1.7289023348718593
3006965,109.88655466020607
3006966,2.478982317425468
3006967,143.77915261924804
3006968,364.6279208986098
3006969,100.70526278442351
3006970,10.81006190651216
3006971,10.907487902122408
3006972,767.9020934786168
3006973,3.0934167070306104
3006974,1.7289023348718593
3006975,8.428581352568932
3006976,9.380992765089442
3006977,1.7289023348718593
3006978,92.94043160478408
3006979,2.421448603316851
3006980,2.478982317425468
3006981,5.248763387418615
3006982,33.94732162296598
3006983,1.7289023348718593
3006984,11.02996916721698
3006985,124.22641859134679
3006986,2.3355057151335883
3006987,2.280344747151386
3006988,10.878646918711596
3006989,7.325557462736501
3006990,69.82340629093412
3006991,1.7747904673466968
3006992,3.0991592274368385
3007323,1.7747904673466968
3007324,1.7289023348718593
3007325,4.017443504344767
3007326,247.42098307207465
3007327,1.7289023348718593
3007328,91.54221923121766
3007329,2.478982317425468
3007330,143.77915261924804
3007331,282.9605354468187
3007332,97.3849441687948
3007333,37.80089788421781
3007334,10.907487902122408
3007335,767.9020934786168
3007336,3.0934167070306104
3007337,1.7289023348718593
3007338,8.428581352568932
3007339,7.407383614120969
3007340,1.7289023348718593
3007341,76.76356769510824
3007342,2.421448603316851
3007343,2.478982317425468
3007344,1.7289023348718593
3007345,26.87741540173207
3007346,1.7289023348718593
3007347,11.02996916721698
3007348,102.28289786989494
3007349,2.3355057151335883
3007350,2.280344747151386
3007351,10.878646918711596
3007352,7.325557462736501
3007353,90.94906752450952
3007354,1.7747904673466968
3007355,3.0991592274368385
3007686,1.7747904673466968
3007687,1.7289023348718593
3007688,4.62106415351137
3007689,435.94125098748873
3007690,1.7289023348718593
3007691,96.4505479492195
3007692,2.478982317425468
3007693,135.06105623671024
3007694,198.46972337625127
3007695,94.53345420341326
3007696,10.81006190651216
3007697,10.907487902122408
3007698,767.9020934786168
3007699,3.0934167070306104
3007700,1.7289023348718593
3007701,8.428581352568932
3007702,8.417527116245664
3007703,1.7289023348718593
3007704,86.79654525340133
3007705,2.421448603316851
3007706,2.478982317425468
3007707,1.7289023348718593
3007708,26.87741540173207
3007709,1.7289023348718593
3007710,11.02996916721698
3007711,124.22641859134679
3007712,2.3355057151335883
3007713,2.280344747151386
3007714,10.878646918711596
3007715,7.325557462736501
3007716,69.82340629093412
3007717,1.7747904673466968
3007718,3.0991592274368385
3007884,1.7747904673466968
3007885,1.7289023348718593
3007886,4.017443504344767
3007887,291.8687516455045
3007888,1.7289023348718593
3007889,96.4505479492195
3007890,2.478982317425468
3007891,143.77915261924804
3007892,364.6279208986098
3007893,97.3849441687948
3007894,10.81006190651216
3007895,10.907487902122408
3007896,767.9020934786168
3007897,3.0934167070306104
3007898,1.7289023348718593
3007899,8.428581352568932
3007900,8.417527116245664
3007901,1.7289023348718593
3007902,92.94043160478408
3007903,2.421448603316851
3007904,2.478982317425468
3007905,6.35884617809214
3007906,31.130922480413332
3007907,1.7289023348718593
3007908,11.02996916721698
3007909,124.22641859134679
3007910,2.3355057151335883
3007911,2.280344747151386
3007912,10.878646918711596
3007913,7.325557462736501
3007914,69.82340629093412
3007915,1.7747904673466968
3007916,3.0991592274368385
3007917,1.7747904673466968
3007918,1.7289023348718593
3007919,4.017443504344767
3007920,479.80518003941467
3007921,1.7289023348718593
3007922,103.0368001639998
3007923,2.478982317425468
3007924,135.06105623671024
3007925,257.05477299358427
3007926,100.70526278442351
3007927,10.81006190651216
3007928,10.907487902122408
3007929,762.9542917728908
3007930,3.0934167070306104
3007931,1.7289023348718593
3007932,8.428581352568932
3007933,9.380992765089442
3007934,1.7289023348718593
3007935,76.76356769510824
3007936,2.421448603316851
3007937,2.478982317425468
3007938,4.017443504344767
3007939,35.147092878386225
3007940,1.7289023348718593
3007941,11.02996916721698
3007942,92.94043160478408
3007943,2.3355057151335883
3007944,5.403280652643146
3007945,10.878646918711596
3007946,7.325557462736501
3007947,59.468024190162105
3007948,1.7747904673466968
3007949,3.0991592274368385
3007950,1.7747904673466968
3007951,1.7289023348718593
3007952,4.017443504344767
3007953,382.9302147317577
3007954,1.7289023348718593
3007955,103.0368001639998
3007956,2.478982317425468
3007957,135.06105623671024
3007958,364.6279208986098
3007959,100.70526278442351
3007960,10.81006190651216
3007961,10.907487902122408
3007962,767.9020934786168
3007963,3.0934167070306104
3007964,1.7289023348718593
3007965,8.428581352568932
3007966,9.380992765089442
3007967,1.7289023348718593
3007968,92.94043160478408
3007969,2.421448603316851
3007970,2.478982317425468
3007971,4.017443504344767
3007972,33.94732162296598
3007973,1.7289023348718593
3007974,11.02996916721698
3007975,124.22641859134679
3007976,2.3355057151335883
3007977,2.280344747151386
3007978,10.878646918711596
3007979,7.325557462736501
3007980,90.94906752450952
3007981,1.7747904673466968
3007982,3.0991592274368385
3007983,1.7492666456720958
3007984,1.7038006137212625
3007985,3.9712907101881276
3007986,718.1560847546071
3007987,1.7038006137212625
3007988,93.27174268326921
3007989,2.366508520304957
3007990,529.1937238091136
3007991,314.7094472697516
3007992,100.26745859961753
3007993,37.43184863112814
3007994,143.59258644773087
3007995,765.1607989544127
3007996,3.034771919825194
3007997,1.7038006137212625
3007998,8.3311060436641
3007999,8.31016978997425
3008000,1.7038006137212625
3008001,123.74667126997011
3008002,2.3108348430398244
3008003,2.366508520304957
3008004,3.9712907101881276
3008005,30.92611719441216
3008006,1.7038006137212625
3008007,38.14746236992092
3008008,101.83830253954144
3008009,2.2910741633944784
3008010,2.2366479827615406
3008011,10.76566484839591
3008012,7.251220939668757
3008013,42.432206180164165
3008014,9.225084499294367
3008015,7.634577269654262
3006267,1.8116841580619032
3006268,1.7517968874703223
3006269,1.8116841580619032
3006270,605.8551458328095
3006271,1.7517968874703223
3006272,85.57747578001266
3006273,2.4726708496907266
3006274,357.65485742459964
3006275,108.18846271076332
3006276,74.0684305608883
3006277,46.733299786547505
3006278,113.04598502868231
3006279,790.040936896342
3006280,3.2273104292866943
3006281,1.7517968874703223
3006282,9.158141010175507
3006283,7.785346209059101
3006284,1.7517968874703223
3006285,110.250070485872
3006286,2.398704939168876
3006287,2.4726708496907266
3006288,1.7517968874703223
3006289,14.825109641701365
3006290,1.7517968874703223
3006291,14.917649889415943
3006292,113.89607520596488
3006293,2.3793254727066504
3006294,2.307347765530427
3006295,14.717425388529287
3006296,8.54863899933723
3006297,56.259571758049894
3006298,5.197540350450389
3006299,3.2332407848163296
3006300,1.7470938312046247
3006301,1.7016637322005486
3006302,3.967361774304768
3006303,724.7481640196535
3006304,1.7016637322005486
3006305,90.95273955954855
3006306,2.3638478840842767
3006307,527.597333717444
3006308,281.0962130647371
3006309,99.96254671504147
3006310,37.31613201736193
3006311,195.49743849546584
3006312,762.8539223296021
3006313,3.027164636702434
3006314,1.7016637322005486
3006315,8.313512889222368
3006316,7.29587082108052
3006317,1.7016637322005486
3006318,95.03788438980592
3006319,2.3082182071243196
3006320,2.3638478840842767
3006321,1.7016637322005486
3006322,18.498956978630176
3006323,1.7016637322005486
3006324,10.879670623894667
3006325,108.3045120210087
3006326,2.2884731448403115
3006327,2.2340899785846355
3006328,10.730238946612415
3006329,7.2356638338288715
3006330,42.30143370872252
3006331,9.217003358250393
3006332,8.510420504910696
3006333,1.8116841580619032
3006334,1.7517968874703223
3006335,1.8116841580619032
3006336,373.62757554825816
3006337,1.7517968874703223
3006338,108.00249760633244
3006339,2.4726708496907266
3006340,248.98708300286827
3006341,128.19414096370903
3006342,107.30628633088617
3006343,46.733299786547505
3006344,186.06554631284956
3006345,790.040936896342
3006346,3.2273104292866943
3006347,1.7517968874703223
3006348,9.158141010175507
3006349,7.785346209059101
3006350,1.7517968874703223
3006351,107.21261140376717
3006352,2.398704939168876
3006353,2.4726708496907266
3006354,5.197540350450389
3006355,20.123763171183313
3006356,1.7517968874703223
3006357,14.917649889415943
3006358,107.21261140376717
3006359,2.3793254727066504
3006360,2.307347765530427
3006361,14.717425388529287
3006362,8.54863899933723
3006363,56.259571758049894
3006364,4.575989432102584
3006365,7.039622401045671
3006366,1.8116841580619032
3006367,1.7517968874703223
3006368,3.987923622670553
3006369,373.62757554825816
3006370,1.7517968874703223
3006371,106.27766365534556
3006372,2.4726708496907266
3006373,357.65485742459964
3006374,113.05814686185573
3006375,74.0684305608883
3006376,46.733299786547505
3006377,108.86244389409133
3006378,790.040936896342
3006379,3.2273104292866943
3006380,1.7517968874703223
3006381,4.335134770418882
3006382,7.785346209059101
3006383,1.7517968874703223
3006384,110.250070485872
3006385,2.398704939168876
3006386,2.4726708496907266
3006387,1.7517968874703223
3006388,17.697413394950388
3006389,1.7517968874703223
3006390,14.917649889415943
3006391,107.21261140376717
3006392,2.3793254727066504
3006393,2.307347765530427
3006394,14.717425388529287
3006395,8.54863899933723
3006396,56.259571758049894
3006397,5.197540350450389
3006398,7.039622401045671
3006399,1.8137437405402945
3006400,1.7538126020153846
3006401,3.991577319003177
3006402,722.5482407037887
3006403,1.7538126020153846
3006404,104.4092716008891
3006405,2.475214610523442
3006406,468.20637815666436
3006407,115.88870073645995
3006408,88.5767904871286
3006409,47.917885722544696
3006410,142.33964584031986
3006411,809.6720114886227
3006412,3.230406970007997
3006413,1.7538126020153846
3006414,4.39956584596318
3006415,3.6698559596563474
3006416,1.7538126020153846
3006417,113.01093699762731
3006418,2.4011945193451787
3006419,2.475214610523442
3006420,1.7538126020153846
3006421,6.3793598021066025
3006422,1.7538126020153846
3006423,15.312674416893575
3006424,120.60161190362403
3006425,2.381800857259504
3006426,2.3097704258026712
3006427,15.1074809922398
3006428,8.663955501578695
3006429,57.68056891745687
3006430,4.580073891625225
3006431,7.963684548658973
3006432,1.8116841580619032
3006433,3.987923622670553
3006434,1.8116841580619032
3006435,421.7227210848811
3006436,1.7517968874703223
3006437,94.03368713638768
3006438,2.4726708496907266
3006439,456.84416843654134
3006440,116.70108032519907
3006441,94.94490949338072
3006442,46.733299786547505
3006443,138.86856106171095
3006444,790.040936896342
3006445,3.2273104292866943
3006446,1.7517968874703223
3006447,9.158141010175507
3006448,7.785346209059101
3006449,1.7517968874703223
3006450,110.250070485872
3006451,2.398704939168876
3006452,2.4726708496907266
3006453,3.987923622670553
3006454,17.697413394950388
3006455,1.7517968874703223
3006456,14.917649889415943
3006457,113.89607520596488
3006458,2.3793254727066504
3006459,2.307347765530427
3006460,14.717425388529287
3006461,8.54863899933723
3006462,67.39107737872997
3006463,5.197540350450389
3006464,7.039622401045671
3006465,1.8137437405402945
3006466,1.7538126020153846
3006467,1.8137437405402945
3006468,658.8312289260099
3006469,1.7538126020153846
3006470,108.93994789257671
3006471,2.475214610523442
3006472,496.8121754269847
3006473,110.89816679321126
3006474,97.3259514687861
3006475,47.917885722544696
3006476,111.58887400709796
3006477,809.6720114886227
3006478,3.230406970007997
3006479,1.7538126020153846
3006480,4.39956584596318
3006481,3.6698559596563474
3006482,1.7538126020153846
3006483,109.8980980166696
3006484,2.4011945193451787
3006485,2.475214610523442
3006486,1.7538126020153846
3006487,17.923217335576712
3006488,1.7538126020153846
3006489,15.312674416893575
3006490,103.6454236975073
3006491,2.381800857259504
3006492,2.3097704258026712
3006493,15.1074809922398
3006494,8.663955501578695
3006495,18.210535259942734
3006496,1.8137437405402945
3006497,3.236341669573325
3006498,1.8137437405402945
3006499,1.7538126020153846
3006500,3.991577319003177
3006501,382.92461889568375
3006502,1.7538126020153846
3006503,113.84314744803345
3006504,2.475214610523442
3006505,288.65338612954474
3006506,278.5922499487629
3006507,111.77868524910627
3006508,47.917885722544696
3006509,372.7952874155293
3006510,809.6720114886227
3006511,3.230406970007997
3006512,1.7538126020153846
3006513,9.280818314307579
3006514,7.891444616997589
3006515,1.7538126020153846
3006516,113.01093699762731
3006517,2.4011945193451787
3006518,2.475214610523442
3006519,5.202080101289157
3006520,17.923217335576712
3006521,1.7538126020153846
3006522,15.312674416893575
3006523,120.60161190362403
3006524,2.381800857259504
3006525,2.3097704258026712
3006526,48.201968381518824
3006527,8.663955501578695
3006528,18.210535259942734
3006529,9.4058471114399
3006530,7.0455114926005
3006531,1.745083034613688
3006532,1.6996861891836859
3006533,4.560883975154329
3006534,701.5735895252035
3006535,1.6996861891836859
3006536,96.58200082158464
3006537,2.3613856406104965
3006538,474.23655199045675
3006539,333.06486018001124
3006540,94.30140293676892
3006541,36.38827607184915
3006542,272.48232610209067
3006543,744.3565854111564
3006544,2.979109930761456
3006545,1.6996861891836859
3006546,3.7203688236802774
3006547,7.196879180858485
3006548,1.6996861891836859
3006549,105.65761537434017
3006550,2.305796683033152
3006551,2.3613856406104965
3006552,5.181862942076626
3006553,18.266282944093792
3006554,1.6996861891836859
3006555,10.591994847693682
3006556,105.65761537434017
3006557,2.286066073587805
3006558,2.231722714303434
3006559,36.60540239945031
3006560,7.137390621912848
3006561,41.2528546742401
3006562,11.10825337145927
3006563,9.896851717067896
3006564,1.8116841580619032
3006565,1.7517968874703223
3006566,3.987923622670553
3006567,642.8528851694794
3006568,1.7517968874703223
3006569,106.27766365534556
3006570,2.4726708496907266
3006571,390.5630096103583
3006572,120.38631439359119
3006573,107.30628633088617
3006574,46.733299786547505
3006575,138.86856106171095
3006576,790.040936896342
3006577,3.2273104292866943
3006578,1.7517968874703223
3006579,9.158141010175507
3006580,7.785346209059101
3006581,1.7517968874703223
3006582,93.3450258681016
3006583,2.398704939168876
3006584,2.4726708496907266
3006585,1.7517968874703223
3006586,17.697413394950388
3006587,1.7517968874703223
3006588,14.917649889415943
3006589,125.49865740827957
3006590,2.3793254727066504
3006591,2.307347765530427
3006592,14.717425388529287
3006593,8.54863899933723
3006594,56.259571758049894
3006595,7.783735405607523
3006596,7.039622401045671
3006630,1.7470938312046247
3006631,1.7016637322005486
3006632,3.967361774304768
3006633,715.9907372664882
3006634,1.7016637322005486
3006635,99.00367010270762
3006636,2.3638478840842767
3006637,513.8563571624911
3006638,341.3552682777062
3006639,96.66647516317121
3006640,37.31613201736193
3006641,253.70026395443654
3006642,762.8539223296021
3006643,3.027164636702434
3006644,1.7016637322005486
3006645,8.313512889222368
3006646,3.2553750340815446
3006647,1.7016637322005486
3006648,123.3710645039122
3006649,2.3082182071243196
3006650,2.3638478840842767
3006651,1.7016637322005486
3006652,22.34429654338927
3006653,1.7016637322005486
3006654,10.879670623894667
3006655,98.27899387092712
3006656,2.2884731448403115
3006657,2.2340899785846355
3006658,37.53864671733966
3006659,7.2356638338288715
3006660,42.30143370872252
3006661,9.86528350113351
3006662,9.904833753315378
3006663,1.7470938312046247
3006664,1.7016637322005486
3006665,3.967361774304768
3006666,715.9907372664882
3006667,1.7016637322005486
3006668,95.73890249498785
3006669,2.3638478840842767
3006670,537.5375730796179
3006671,170.83085622626055
3006672,96.66647516317121
3006673,37.31613201736193
3006674,222.6217229034716
3006675,762.8539223296021
3006676,3.027164636702434
3006677,1.7016637322005486
3006678,8.313512889222368
3006679,8.292616109389403
3006680,1.7016637322005486
3006681,108.3045120210087
3006682,2.3082182071243196
3006683,2.3638478840842767
3006684,1.7016637322005486
3006685,26.586831590608792
3006686,1.7016637322005486
3006687,10.879670623894667
3006688,101.52866091263047
3006689,2.2884731448403115
3006690,2.2340899785846355
3006691,10.730238946612415
3006692,7.2356638338288715
3006693,42.30143370872252
3006694,1.7470938312046247
3006695,7.62775314641342
3006696,1.8137437405402945
3006697,1.7538126020153846
3006698,1.8137437405402945
3006699,530.881922636589
3006700,1.7538126020153846
3006701,108.93994789257671
3006702,2.475214610523442
3006703,400.2803355927507
3006704,119.62204001221815
3006705,109.9940976521519
3006706,47.917885722544696
3006707,163.85249638752995
3006708,809.6720114886227
3006709,3.230406970007997
3006710,1.7538126020153846
3006711,10.465190887129623
3006712,7.891444616997589
3006713,1.7538126020153846
3006714,116.74742374878278
3006715,2.4011945193451787
3006716,2.475214610523442
3006717,1.7538126020153846
3006718,20.37886952542364
3006719,1.7538126020153846
3006720,15.312674416893575
3006721,109.8980980166696
3006722,2.381800857259504
3006723,2.3097704258026712
3006724,15.1074809922398
3006725,8.663955501578695
3006726,57.68056891745687
3006727,9.4058471114399
3006728,7.963684548658973
3006729,1.772597480762022
3006730,1.7267456148305858
3006731,4.616621685359159
3006732,176.57137954423433
3006733,1.7267456148305858
3006734,87.1711254390829
3006735,2.472422937120056
3006736,118.80718242548464
3006737,145.27412547084563
3006738,88.01654671192085
3006739,10.774502327130289
3006740,10.871634977332844
3006741,764.2084901350712
3006742,3.085698853221623
3006743,1.7267456148305858
3006744,3.827281309301763
3006745,8.399771020854613
3006746,1.7267456148305858
3006747,86.53219369918367
3006748,2.414997698846263
3006749,2.472422937120056
3006750,1.7267456148305858
3006751,31.07034185053857
3006752,1.7267456148305858
3006753,10.993747456700177
3006754,98.70820143257707
3006755,2.3328695812083526
3006756,2.277752208324305
3006757,10.842880832860487
3006758,7.309860200528782
3006759,81.13431489778435
3006760,1.772597480762022
3006761,3.0914305465031866
3006762,1.772597480762022
3006763,1.7267456148305858
3006764,4.013478092749234
3006765,478.3574966909129
3006766,1.7267456148305858
3006767,109.55268009849462
3006768,2.472422937120056
3006769,130.53306721847756
3006770,314.88505530824324
3006771,100.3990326906131
3006772,10.774502327130289
3006773,10.871634977332844
3006774,762.2589065139706
3006775,3.085698853221623
3006776,1.7267456148305858
3006777,8.410804415180587
3006778,9.361420121919371
3006779,1.7267456148305858
3006780,86.53219369918367
3006781,2.414997698846263
3006782,2.472422937120056
3006783,1.7267456148305858
3006784,31.07034185053857
3006785,1.7267456148305858
3006786,10.993747456700177
3006787,95.45307983627225
3006788,2.3328695812083526
3006789,2.277752208324305
3006790,10.842880832860487
3006791,7.309860200528782
3006792,81.13431489778435
3006793,1.772597480762022
3006794,3.0914305465031866
3006795,1.772597480762022
3006796,1.7267456148305858
3006797,4.013478092749234
3006798,246.67299836737078
3006799,1.7267456148305858
3006800,96.1571286155158
3006801,2.472422937120056
3006802,122.3010088668495
3006803,314.88505530824324
3006804,92.14824006990263
3006805,10.774502327130289
3006806,10.871634977332844
3006807,723.6574242582116
3006808,3.085698853221623
3006809,1.7267456148305858
3006810,3.827281309301763
3006811,7.391532074369735
3006812,1.7267456148305858
3006813,65.6513760964384
3006814,2.414997698846263
3006815,2.472422937120056
3006816,1.7267456148305858
3006817,31.07034185053857
3006818,1.7267456148305858
3006819,10.993747456700177
3006820,98.70820143257707
3006821,2.3328695812083526
3006822,2.277752208324305
3006823,10.842880832860487
3006824,7.309860200528782
3006825,52.23062441039167
3006826,1.772597480762022
3006827,3.0914305465031866
3006828,1.772597480762022
3006829,1.7267456148305858
3006830,4.013478092749234
3006831,246.67299836737078
3006832,1.7267456148305858
3006833,109.55268009849462
3006834,2.472422937120056
3006835,122.3010088668495
3006836,101.14241874545438
3006837,56.8710040794302
3006838,10.774502327130289
3006839,10.871634977332844
3006840,749.6949188560538
3006841,3.085698853221623
3006842,1.7267456148305858
3006843,3.827281309301763
3006844,3.304444567317459
3006845,1.7267456148305858
3006846,65.6513760964384
3006847,2.414997698846263
3006848,2.472422937120056
3006849,1.7267456148305858
3006850,31.07034185053857
3006851,1.7267456148305858
3006852,10.993747456700177
3006853,92.65758107772828
3006854,2.3328695812083526
3006855,6.173944781015734
3006856,10.842880832860487
3006857,7.309860200528782
3006858,59.285957616483095
3006859,1.772597480762022
3006860,3.0914305465031866
3006861,1.772597480762022
3006862,1.7267456148305858
3006863,4.616621685359159
3006864,478.3574966909129
3006865,1.7267456148305858
3006866,109.55268009849462
3006867,2.472422937120056
3006868,134.65138235283632
3006869,314.88505530824324
3006870,97.08871140897986
3006871,10.774502327130289
3006872,10.871634977332844
3006873,762.2589065139706
3006874,3.085698853221623
3006875,1.7267456148305858
3006876,3.827281309301763
3006877,8.399771020854613
3006878,1.7267456148305858
3006879,95.45307983627225
3006880,2.414997698846263
3006881,2.472422937120056
3006882,1.7267456148305858
3006883,31.07034185053857
3006884,1.7267456148305858
3006885,10.993747456700177
3006886,108.75156050413653
3006887,2.3328695812083526
3006888,5.398219979149273
3006889,10.842880832860487
3006890,7.309860200528782
3006891,59.285957616483095
3006892,1.772597480762022
3006893,3.0914305465031866
3006894,1.7470938312046247
3006895,1.7016637322005486
3006896,3.967361774304768
3006897,724.7481640196535
3006898,1.7016637322005486
3006899,109.10236843352394
3006900,2.3638478840842767
3006901,527.597333717444
3006902,362.22741719702094
3006903,96.66647516317121
3006904,37.31613201736193
3006905,169.29441031059434
3006906,762.8539223296021
3006907,2.957948006706167
3006908,1.7016637322005486
3006909,3.7773755261092052
3006910,8.292616109389403
3006911,1.7016637322005486
3006912,95.03788438980592
3006913,2.3082182071243196
3006914,2.3638478840842767
3006915,1.7016637322005486
3006916,32.66857652053501
3006917,1.7016637322005486
3006918,10.879670623894667
3006919,95.03788438980592
3006920,2.2884731448403115
3006921,2.2340899785846355
3006922,10.730238946612415
3006923,7.2356638338288715
3006924,42.30143370872252
3006925,1.7951350325941688
3006926,8.510420504910696
3006927,1.7470938312046247
3006928,1.7016637322005486
3006929,1.7470938312046247
3006930,719.0091910209362
3006931,1.7016637322005486
3006932,102.27705773599325
3006933,2.3638478840842767
3006934,527.597333717444
3006935,341.3552682777062
3006936,91.8344205149887
3006937,37.31613201736193
3006938,143.15722449988328
3006939,762.8539223296021
3006940,2.957948006706167
3006941,1.7016637322005486
3006942,8.313512889222368
3006943,8.292616109389403
3006944,1.7016637322005486
3006945,95.03788438980592
3006946,2.3082182071243196
3006947,2.3638478840842767
3006948,1.7016637322005486
3006949,30.865922710725254
3006950,1.7016637322005486
3006951,10.879670623894667
3006952,92.30681165663681
3006953,2.2884731448403115
3006954,2.2340899785846355
3006955,10.730238946612415
3006956,7.2356638338288715
3006957,51.32089702567551
3006958,1.7951350325941688
3006959,7.62775314641342
3006993,1.8137437405402945
3006994,1.7538126020153846
3006995,1.8137437405402945
3006996,683.4432876569762
3006997,1.7538126020153846
3006998,113.84314744803345
3006999,2.475214610523442
3007000,325.8394414824864
3007001,123.39872965706951
3007002,75.9313859291
3007003,47.917885722544696
3007004,107.81739896100034
3007005,809.6720114886227
3007006,3.230406970007997
3007007,1.7538126020153846
3007008,4.39956584596318
3007009,3.6698559596563474
3007010,1.7538126020153846
3007011,108.14326845992099
3007012,2.4011945193451787
3007013,2.475214610523442
3007014,1.7538126020153846
3007015,15.016225495132982
3007016,1.7538126020153846
3007017,15.312674416893575
3007018,109.8980980166696
3007019,2.381800857259504
3007020,2.3097704258026712
3007021,15.1074809922398
3007022,8.663955501578695
3007023,18.210535259942734
3007024,1.8137437405402945
3007025,7.0455114926005
3007026,1.7470938312046247
3007027,1.7016637322005486
3007028,1.7470938312046247
3007029,732.9294993285436
3007030,1.7016637322005486
3007031,92.98789459306016
3007032,2.3638478840842767
3007033,513.8563571624911
3007034,281.0962130647371
3007035,96.66647516317121
3007036,37.31613201736193
3007037,108.3045120210087
3007038,762.8539223296021
3007039,3.027164636702434
3007040,1.7016637322005486
3007041,8.313512889222368
3007042,7.29587082108052
3007043,1.7016637322005486
3007044,95.03788438980592
3007045,2.3082182071243196
3007046,2.3638478840842767
3007047,1.7016637322005486
3007048,30.865922710725254
3007049,1.7016637322005486
3007050,10.879670623894667
3007051,108.3045120210087
3007052,2.2884731448403115
3007053,2.2340899785846355
3007054,10.730238946612415
3007055,7.2356638338288715
3007056,42.30143370872252
3007057,1.7470938312046247
3007058,7.62775314641342
3007059,1.8137437405402945
3007060,1.7538126020153846
3007061,1.8137437405402945
3007062,620.9153255010013
3007063,1.7538126020153846
3007064,87.72604838324258
3007065,2.475214610523442
3007066,191.60901600509052
3007067,97.79208979053857
3007068,17.746416122708112
3007069,47.917885722544696
3007070,104.91897868102103
3007071,809.6720114886227
3007072,3.230406970007997
3007073,1.7538126020153846
3007074,4.39956584596318
3007075,3.6698559596563474
3007076,1.7538126020153846
3007077,87.0830953962463
3007078,2.4011945193451787
3007079,2.475214610523442
3007080,1.7538126020153846
3007081,20.37886952542364
3007082,1.7538126020153846
3007083,15.312674416893575
3007084,108.14326845992099
3007085,2.381800857259504
3007086,2.3097704258026712
3007087,15.1074809922398
3007088,8.663955501578695
3007089,57.68056891745687
3007090,1.8137437405402945
3007091,3.236341669573325
3007092,1.8137437405402945
3007093,1.7538126020153846
3007094,1.8137437405402945
3007095,658.8312289260099
3007096,1.7538126020153846
3007097,108.93994789257671
3007098,2.475214610523442
3007099,366.5555096292896
3007100,166.87453585132536
3007101,111.77868524910627
3007102,47.917885722544696
3007103,119.70190897090252
3007104,809.6720114886227
3007105,3.230406970007997
3007106,1.7538126020153846
3007107,4.39956584596318
3007108,7.891444616997589
3007109,1.7538126020153846
3007110,109.8980980166696
3007111,2.4011945193451787
3007112,2.475214610523442
3007113,1.7538126020153846
3007114,15.016225495132982
3007115,1.7538126020153846
3007116,15.312674416893575
3007117,109.8980980166696
3007118,2.381800857259504
3007119,2.3097704258026712
3007120,15.1074809922398
3007121,8.663955501578695
3007122,57.68056891745687
3007123,1.8137437405402945
3007124,7.0455114926005
3007125,1.7470938312046247
3007126,1.7016637322005486
3007127,1.7470938312046247
3007128,719.0091910209362
3007129,1.7016637322005486
3007130,102.27705773599325
3007131,2.3638478840842767
3007132,537.5375730796179
3007133,144.71374355885982
3007134,77.8099542689278
3007135,37.31613201736193
3007136,101.52866091263047
3007137,762.8539223296021
3007138,3.027164636702434
3007139,1.7016637322005486
3007140,8.313512889222368
3007141,7.29587082108052
3007142,1.7016637322005486
3007143,95.03788438980592
3007144,2.3082182071243196
3007145,2.3638478840842767
3007146,1.7016637322005486
3007147,22.34429654338927
3007148,1.7016637322005486
3007149,10.879670623894667
3007150,98.27899387092712
3007151,2.2884731448403115
3007152,2.2340899785846355
3007153,10.730238946612415
3007154,7.2356638338288715
3007155,12.179916976837614
3007156,1.7470938312046247
3007157,7.62775314641342
3007158,1.8137437405402945
3007159,1.7538126020153846
3007160,1.8137437405402945
3007161,762.5287494984318
3007162,1.7538126020153846
3007163,96.3921155235122
3007164,2.475214610523442
3007165,468.20637815666436
3007166,106.28679139153581
3007167,75.9313859291
3007168,47.917885722544696
3007169,111.58887400709796
3007170,809.6720114886227
3007171,3.230406970007997
3007172,1.7538126020153846
3007173,4.39956584596318
3007174,3.6698559596563474
3007175,1.7538126020153846
3007176,108.14326845992099
3007177,2.4011945193451787
3007178,2.475214610523442
3007179,1.7538126020153846
3007180,28.371331754523634
3007181,1.7538126020153846
3007182,15.312674416893575
3007183,113.01093699762731
3007184,2.381800857259504
3007185,2.3097704258026712
3007186,15.1074809922398
3007187,8.663955501578695
3007188,18.210535259942734
3007189,1.8137437405402945
3007190,7.0455114926005
3007191,1.7470938312046247
3007192,1.7016637322005486
3007193,1.7470938312046247
3007194,719.0091910209362
3007195,1.7016637322005486
3007196,109.10236843352394
3007197,2.3638478840842767
3007198,527.597333717444
3007199,224.25809652899792
3007200,91.8344205149887
3007201,37.31613201736193
3007202,311.8097772241568
3007203,762.8539223296021
3007204,2.957948006706167
3007205,1.7016637322005486
3007206,8.313512889222368
3007207,7.29587082108052
3007208,1.7016637322005486
3007209,90.28640436667553
3007210,2.3082182071243196
3007211,2.3638478840842767
3007212,1.7016637322005486
3007213,22.34429654338927
3007214,1.7016637322005486
3007215,10.879670623894667
3007216,108.3045120210087
3007217,2.2884731448403115
3007218,2.2340899785846355
3007219,10.730238946612415
3007220,7.2356638338288715
3007221,51.32089702567551
3007222,1.7951350325941688
3007223,2.9635004825037736
3007224,1.772597480762022
3007225,1.7267456148305858
3007226,4.616621685359159
3007227,213.4790027466861
3007228,1.7267456148305858
3007229,102.72354991320917
3007230,5.70414683709709
3007231,143.3432289288256
3007232,197.86912877151286
3007233,97.08871140897986
3007234,10.774502327130289
3007235,10.871634977332844
3007236,765.5869629360012
3007237,3.085698853221623
3007238,1.7267456148305858
3007239,9.551724991329081
3007240,7.391532074369735
3007241,1.7267456148305858
3007242,95.45307983627225
3007243,2.414997698846263
3007244,2.472422937120056
3007245,1.7267456148305858
3007246,32.82298014461729
3007247,1.7267456148305858
3007248,10.993747456700177
3007249,108.75156050413653
3007250,2.3328695812083526
3007251,2.277752208324305
3007252,10.842880832860487
3007253,7.309860200528782
3007254,90.67221290752194
3007255,1.772597480762022
3007256,3.0914305465031866
3007257,1.772597480762022
3007258,1.7267456148305858
3007259,4.616621685359159
3007260,434.6256400090957
3007261,1.7267456148305858
3007262,99.43601061833184
3007263,2.472422937120056
3007264,143.3432289288256
3007265,225.06406152667265
3007266,97.08871140897986
3007267,10.774502327130289
3007268,10.871634977332844
3007269,765.5869629360012
3007270,3.085698853221623
3007271,1.7267456148305858
3007272,9.551724991329081
3007273,7.391532074369735
3007274,1.7267456148305858
3007275,92.65758107772828
3007276,2.414997698846263
3007277,2.472422937120056
3007278,1.7267456148305858
3007279,31.07034185053857
3007280,1.7267456148305858
3007281,10.993747456700177
3007282,123.84936732710649
3007283,2.3328695812083526
3007284,2.277752208324305
3007285,10.842880832860487
3007286,7.309860200528782
3007287,81.13431489778435
3007288,1.772597480762022
3007289,3.0914305465031866
3007290,1.7470938312046247
3007291,1.7016637322005486
3007292,3.967361774304768
3007293,729.5203604977027
3007294,1.7016637322005486
3007295,90.95273955954855
3007296,2.3638478840842767
3007297,537.5375730796179
3007298,377.20498306818877
3007299,96.66647516317121
3007300,37.31613201736193
3007301,253.70026395443654
3007302,762.8539223296021
3007303,3.027164636702434
3007304,1.7016637322005486
3007305,3.7773755261092052
3007306,7.29587082108052
3007307,1.7016637322005486
3007308,98.27899387092712
3007309,2.3082182071243196
3007310,2.3638478840842767
3007311,6.285393682338485
3007312,26.586831590608792
3007313,1.7016637322005486
3007314,10.879670623894667
3007315,95.03788438980592
3007316,2.2884731448403115
3007317,2.2340899785846355
3007318,10.730238946612415
3007319,7.2356638338288715
3007320,42.30143370872252
3007321,7.674694444668802
3007322,8.510420504910696
3007356,1.8137437405402945
3007357,1.7538126020153846
3007358,3.991577319003177
3007359,741.8589849018066
3007360,1.7538126020153846
3007361,113.84314744803345
3007362,5.5525853794431965
3007363,496.8121754269847
3007364,123.39872965706951
3007365,105.41997935948878
3007366,47.917885722544696
3007367,127.6787825241502
3007368,809.6720114886227
3007369,3.230406970007997
3007370,1.7538126020153846
3007371,4.39956584596318
3007372,8.906157588854217
3007373,1.7538126020153846
3007374,109.8980980166696
3007375,2.4011945193451787
3007376,2.475214610523442
3007377,1.7538126020153846
3007378,20.37886952542364
3007379,1.7538126020153846
3007380,15.312674416893575
3007381,113.01093699762731
3007382,2.381800857259504
3007383,2.3097704258026712
3007384,48.201968381518824
3007385,8.663955501578695
3007386,57.68056891745687
3007387,1.8137437405402945
3007388,7.963684548658973
3007389,1.772597480762022
3007390,1.7267456148305858
3007391,4.013478092749234
3007392,335.72745092134795
3007393,1.7267456148305858
3007394,102.72354991320917
3007395,2.472422937120056
3007396,143.3432289288256
3007397,256.27778136917317
3007398,97.08871140897986
3007399,10.774502327130289
3007400,10.871634977332844
3007401,765.5869629360012
3007402,3.085698853221623
3007403,1.7267456148305858
3007404,9.551724991329081
3007405,3.304444567317459
3007406,1.7267456148305858
3007407,90.5949909731209
3007408,2.414997698846263
3007409,2.472422937120056
3007410,1.7267456148305858
3007411,32.82298014461729
3007412,1.7267456148305858
3007413,10.993747456700177
3007414,108.75156050413653
3007415,2.3328695812083526
3007416,2.277752208324305
3007417,37.90872151968995
3007418,7.309860200528782
3007419,69.61016011508562
3007420,1.772597480762022
3007421,3.0914305465031866
3007422,1.772597480762022
3007423,1.7267456148305858
3007424,4.616621685359159
3007425,246.67299836737078
3007426,1.7267456148305858
3007427,96.1571286155158
3007428,2.472422937120056
3007429,130.53306721847756
3007430,225.06406152667265
3007431,100.3990326906131
3007432,10.774502327130289
3007433,10.871634977332844
3007434,765.5869629360012
3007435,3.085698853221623
3007436,1.7267456148305858
3007437,3.827281309301763
3007438,8.399771020854613
3007439,1.7267456148305858
3007440,76.52942499709688
3007441,2.414997698846263
3007442,2.472422937120056
3007443,4.013478092749234
3007444,31.07034185053857
3007445,1.7267456148305858
3007446,10.993747456700177
3007447,108.75156050413653
3007448,2.3328695812083526
3007449,2.277752208324305
3007450,10.842880832860487
3007451,7.309860200528782
3007452,69.61016011508562
3007453,1.772597480762022
3007454,3.0914305465031866
3007455,1.7470938312046247
3007456,1.7016637322005486
3007457,3.967361774304768
3007458,675.968438144497
3007459,1.7016637322005486
3007460,95.73890249498785
3007461,2.3638478840842767
3007462,513.8563571624911
3007463,313.7588599450903
3007464,91.8344205149887
3007465,37.31613201736193
3007466,169.29441031059434
3007467,762.8539223296021
3007468,2.957948006706167
3007469,1.7016637322005486
3007470,8.313512889222368
3007471,7.29587082108052
3007472,1.7016637322005486
3007473,92.30681165663681
3007474,2.3082182071243196
3007475,2.3638478840842767
3007476,1.7016637322005486
3007477,22.34429654338927
3007478,1.7016637322005486
3007479,10.879670623894667
3007480,98.27899387092712
3007481,2.2884731448403115
3007482,2.2340899785846355
3007483,10.730238946612415
3007484,7.2356638338288715
3007485,12.179916976837614
3007486,1.7951350325941688
3007487,2.9635004825037736
3007488,1.4616707397224218
3007489,1.4143024133093034
3007490,4.245381359345849
3007491,649.5340984259266
3007492,1.4143024133093034
3007493,91.64911233603604
3007494,1.7164465618095028
3007495,180.51203242139223
3007496,563.6883659971691
3007497,80.98075895961234
3007498,2.7094434245681347
3007499,2.738157207460168
3007500,1301.6131720805674
3007501,1.789922201977288
3007502,1.4143024133093034
3007503,6.5136419083908095
3007504,7.981875609027654
3007505,1.4143024133093034
3007506,75.69209916546247
3007507,20.751369876840606
3007508,1.7164465618095028
3007509,10.246019777861788
3007510,31.77018844155208
3007511,1.4327181711774921
3007512,2.775016104634192
3007513,279.6601486050438
3007514,1.7037899909980783
3007515,1.6719897734538391
3007516,2.730985413470565
3007517,2.5500193740478516
3007518,58.382588195491365
3007519,14.298871006403997
3007520,1.7906867217270452
3007521,1.4616707397224218
3007522,1.4143024133093034
3007523,5.043213664135698
3007524,567.989195113237
3007525,1.4143024133093034
3007526,91.64911233603604
3007527,1.7164465618095028
3007528,105.04447967354658
3007529,515.6615348445321
3007530,80.98075895961234
3007531,2.7094434245681347
3007532,2.738157207460168
3007533,1301.6131720805674
3007534,1.789922201977288
3007535,1.4143024133093034
3007536,6.5136419083908095
3007537,7.981875609027654
3007538,1.4143024133093034
3007539,70.06467396564095
3007540,14.864926059491168
3007541,1.7164465618095028
3007542,8.612679416258047
3007543,33.390247732617176
3007544,1.4327181711774921
3007545,19.759056597498592
3007546,109.79188806136877
3007547,1.7037899909980783
3007548,5.384737144465954
3007549,2.730985413470565
3007550,2.5500193740478516
3007551,72.37160855582954
3007552,13.09406493360963
3007553,1.7906867217270452
3007554,1.5279073522613027
3007555,1.4258495832343425
3007556,5.205819489318542
3007557,401.70505752033046
3007558,1.4258495832343425
3007559,96.88689044123285
3007560,1.7895384727193426
3007561,151.50438196848387
3007562,595.6121727677275
3007563,85.61541776528627
3007564,2.919151224910571
3007565,2.9494882982967843
3007566,1375.2544469966028
3007567,1.8649911350088555
3007568,1.4258495832343425
3007569,6.715812807939341
3007570,8.223552533966313
3007571,1.4258495832343425
3007572,80.02777155046601
3007573,17.247330379283483
3007574,1.7895384727193426
3007575,5.774608266723163
3007576,30.60126609385046
3007577,1.4981757518037089
3007578,2.9884309577404298
3007579,146.74771759539507
3007580,1.7765413493054196
3007581,6.679384081816573
3007582,2.9419110577293717
3007583,2.6455403769139143
3007584,73.35383638044489
3007585,14.710520450329135
3007586,1.8657762258275317
3007587,1.5279073522613027
3007588,1.4258495832343425
3007589,5.205819489318542
3007590,323.65520621398235
3007591,1.4258495832343425
3007592,96.88689044123285
3007593,1.7895384727193426
3007594,190.7735419520857
3007595,595.6121727677275
3007596,81.32553116553399
3007597,2.919151224910571
3007598,2.9494882982967843
3007599,1375.2544469966028
3007600,1.8649911350088555
3007601,1.4258495832343425
3007602,8.058139019857206
3007603,8.223552533966313
3007604,1.4258495832343425
3007605,77.33262389084821
3007606,27.231605904723732
3007607,1.7895384727193426
3007608,10.29980744780713
3007609,34.315592246578596
3007610,1.4981757518037089
3007611,2.9884309577404298
3007612,116.05534068265786
3007613,1.7765413493054196
3007614,1.743885477650279
3007615,2.9419110577293717
3007616,2.6455403769139143
3007617,61.73969343306941
3007618,13.473296446192265
3007619,1.8657762258275317
3007620,1.5279073522613027
3007621,1.4258495832343425
3007622,4.386519768764827
3007623,600.1561427840189
3007624,1.4258495832343425
3007625,96.88689044123285
3007626,1.7895384727193426
3007627,111.03954470769966
3007628,544.8702170085979
3007629,81.32553116553399
3007630,2.919151224910571
3007631,2.9494882982967843
3007632,1375.2544469966028
3007633,1.8649911350088555
3007634,1.4258495832343425
3007635,2.2061544319039643
3007636,7.185549941223121
3007637,1.4258495832343425
3007638,74.0822083376935
3007639,16.424609910030103
3007640,1.7895384727193426
3007641,7.077205889937661
3007642,30.60126609385046
3007643,1.4981757518037089
3007644,2.9884309577404298
3007645,96.26760985486303
3007646,1.7765413493054196
3007647,6.679384081816573
3007648,2.9419110577293717
3007649,2.6455403769139143
3007650,61.73969343306941
3007651,13.473296446192265
3007652,1.8657762258275317
3007653,1.4616707397224218
3007654,1.4143024133093034
3007655,5.043213664135698
3007656,754.7567822443442
3007657,1.4143024133093034
3007658,84.44044013674124
3007659,1.7164465618095028
3007660,110.42568793936687
3007661,563.6883659971691
3007662,76.92041764426622
3007663,2.7094434245681347
3007664,2.738157207460168
3007665,1301.6131720805674
3007666,1.789922201977288
3007667,1.4143024133093034
3007668,6.5136419083908095
3007669,5.796417896170981
3007670,1.4143024133093034
3007671,73.14116474357427
3007672,6.567630749110614
3007673,1.7164465618095028
3007674,5.742360779751143
3007675,29.773244918104414
3007676,1.4327181711774921
3007677,2.775016104634192
3007678,138.84196273051293
3007679,1.7037899909980783
3007680,1.6719897734538391
3007681,2.730985413470565
3007682,2.5500193740478516
3007683,69.37527608012873
3007684,12.24865039643791
3007685,1.7906867217270452
3007719,1.5279073522613027
3007720,1.4258495832343425
3007721,5.205819489318542
3007722,497.82771279647017
3007723,1.4258495832343425
3007724,89.27068681005483
3007725,1.7895384727193426
3007726,101.73988602996003
3007727,358.97070409252035
3007728,81.32553116553399
3007729,2.919151224910571
3007730,2.9494882982967843
3007731,1375.2544469966028
3007732,1.8649911350088555
3007733,1.4258495832343425
3007734,2.2061544319039643
3007735,7.185549941223121
3007736,1.4258495832343425
3007737,58.2770523449872
3007738,14.189309847421335
3007739,1.7895384727193426
3007740,1.4258495832343425
3007741,35.68968895998497
3007742,1.4981757518037089
3007743,2.9884309577404298
3007744,88.69959007168923
3007745,1.7765413493054196
3007746,1.743885477650279
3007747,2.9419110577293717
3007748,2.6455403769139143
3007749,73.35383638044489
3007750,13.473296446192265
3007751,1.8657762258275317
3007752,1.5279073522613027
3007753,1.4258495832343425
3007754,5.205819489318542
3007755,600.1561427840189
3007756,1.4258495832343425
3007757,116.13324815554355
3007758,1.7895384727193426
3007759,105.27480098147366
3007760,477.1291162709211
3007761,90.13623954699521
3007762,2.919151224910571
3007763,2.9494882982967843
3007764,1375.2544469966028
3007765,1.8649911350088555
3007766,1.4258495832343425
3007767,6.715812807939341
3007768,7.185549941223121
3007769,1.4258495832343425
3007770,74.0822083376935
3007771,1.7567297373605153
3007772,1.7895384727193426
3007773,1.4258495832343425
3007774,24.97925345472643
3007775,1.4981757518037089
3007776,2.9884309577404298
3007777,96.26760985486303
3007778,1.7765413493054196
3007779,5.556532402693007
3007780,2.9419110577293717
3007781,2.6455403769139143
3007782,73.35383638044489
3007783,1.5279073522613027
3007784,1.8657762258275317
3007785,1.4616707397224218
3007786,1.4143024133093034
3007787,5.043213664135698
3007788,567.989195113237
3007789,1.4143024133093034
3007790,84.44044013674124
3007791,1.7164465618095028
3007792,110.42568793936687
3007793,515.6615348445321
3007794,76.92041764426622
3007795,2.7094434245681347
3007796,2.738157207460168
3007797,1301.6131720805674
3007798,1.789922201977288
3007799,1.4143024133093034
3007800,6.5136419083908095
3007801,5.796417896170981
3007802,1.4143024133093034
3007803,70.06467396564095
3007804,1.6844974859195672
3007805,1.7164465618095028
3007806,1.4143024133093034
3007807,29.773244918104414
3007808,1.4327181711774921
3007809,2.775016104634192
3007810,91.06296850865047
3007811,1.7037899909980783
3007812,1.6719897734538391
3007813,2.730985413470565
3007814,2.5500193740478516
3007815,69.37527608012873
3007816,1.4616707397224218
3007817,1.7906867217270452
3007818,1.772597480762022
3007819,1.7267456148305858
3007820,4.013478092749234
3007821,290.986936655452
3007822,1.7267456148305858
3007823,102.72354991320917
3007824,2.472422937120056
3007825,125.9813069617621
3007826,314.88505530824324
3007827,97.08871140897986
3007828,10.774502327130289
3007829,10.871634977332844
3007830,760.6540588446071
3007831,3.085698853221623
3007832,1.7267456148305858
3007833,3.827281309301763
3007834,8.399771020854613
3007835,1.7267456148305858
3007836,86.53219369918367
3007837,2.414997698846263
3007838,2.472422937120056
3007839,1.7267456148305858
3007840,33.88143086749061
3007841,1.7267456148305858
3007842,10.993747456700177
3007843,101.97191758590768
3007844,2.3328695812083526
3007845,2.277752208324305
3007846,10.842880832860487
3007847,7.309860200528782
3007848,52.23062441039167
3007849,1.772597480762022
3007850,3.0914305465031866
3007851,1.8137437405402945
3007852,1.7538126020153846
3007853,1.8137437405402945
3007854,755.8284010362688
3007855,1.7538126020153846
3007856,108.93994789257671
3007857,2.475214610523442
3007858,433.6507269376423
3007859,106.28679139153581
3007860,105.41997935948878
3007861,47.917885722544696
3007862,107.81739896100034
3007863,809.6720114886227
3007864,3.230406970007997
3007865,1.7538126020153846
3007866,4.39956584596318
3007867,3.6698559596563474
3007868,1.7538126020153846
3007869,113.01093699762731
3007870,2.4011945193451787
3007871,2.475214610523442
3007872,1.7538126020153846
3007873,20.37886952542364
3007874,1.7538126020153846
3007875,15.312674416893575
3007876,109.8980980166696
3007877,2.381800857259504
3007878,2.3097704258026712
3007879,15.1074809922398
3007880,8.663955501578695
3007881,18.210535259942734
3007882,1.8137437405402945
3007883,7.0455114926005
3008016,1.7747904673466968
3008017,1.7289023348718593
3008018,4.017443504344767
3008019,171.12366070201745
3008020,1.7289023348718593
3008021,77.331194410588
3008022,2.478982317425468
3008023,73.72367693375419
3008024,225.74678617336332
3008025,88.28538108565147
3008026,10.81006190651216
3008027,10.907487902122408
3008028,706.9514434928672
3008029,3.0934167070306104
3008030,1.7289023348718593
3008031,3.836400006684629
3008032,7.407383614120969
3008033,1.7289023348718593
3008034,65.85266654875348
3008035,2.421448603316851
3008036,2.478982317425468
3008037,1.7289023348718593
3008038,22.599103389919506
3008039,1.7289023348718593
3008040,11.02996916721698
3008041,90.87161237604727
3008042,2.3355057151335883
3008043,2.280344747151386
3008044,10.878646918711596
3008045,7.325557462736501
3008046,81.38236459104863
3008047,1.7747904673466968
3008048,3.0991592274368385
3008379,1.7747904673466968
3008380,1.7289023348718593
3008381,4.62106415351137
3008382,291.8687516455045
3008383,1.7289023348718593
3008384,99.73933233785394
3008385,2.478982317425468
3008386,130.93030358695836
3008387,315.8390437986019
3008388,94.53345420341326
3008389,10.81006190651216
3008390,10.907487902122408
3008391,767.9020934786168
3008392,3.0934167070306104
3008393,4.017443504344767
3008394,3.836400006684629
3008395,7.407383614120969
3008396,1.7289023348718593
3008397,76.76356769510824
3008398,2.421448603316851
3008399,2.478982317425468
3008400,1.7289023348718593
3008401,26.87741540173207
3008402,1.7289023348718593
3008403,11.02996916721698
3008404,102.28289786989494
3008405,2.3355057151335883
3008406,2.280344747151386
3008407,10.878646918711596
3008408,7.325557462736501
3008409,90.94906752450952
3008410,1.7747904673466968
3008411,3.0991592274368385
3008742,1.7747904673466968
3008743,1.7289023348718593
3008744,4.017443504344767
3008745,336.74438447730023
3008746,1.7289023348718593
3008747,109.88655466020607
3008748,2.478982317425468
3008749,143.77915261924804
3008750,364.6279208986098
3008751,92.42955236192326
3008752,10.81006190651216
3008753,10.907487902122408
3008754,767.9020934786168
3008755,3.0934167070306104
3008756,1.7289023348718593
3008757,8.428581352568932
3008758,9.380992765089442
3008759,1.7289023348718593
3008760,95.74437290784107
3008761,2.421448603316851
3008762,2.478982317425468
3008763,7.7466356974784
3008764,31.130922480413332
3008765,1.7289023348718593
3008766,11.02996916721698
3008767,124.22641859134679
3008768,2.3355057151335883
3008769,2.280344747151386
3008770,10.878646918711596
3008771,7.325557462736501
3008772,90.94906752450952
3008773,1.7747904673466968
3008774,3.0991592274368385
3009105,1.7747904673466968
3009106,1.7289023348718593
3009107,4.62106415351137
3009108,214.12673994287692
3009109,1.7289023348718593
3009110,96.4505479492195
3009111,2.478982317425468
3009112,130.93030358695836
3009113,225.74678617336332
3009114,100.70526278442351
3009115,10.81006190651216
3009116,10.907487902122408
3009117,767.9020934786168
3009118,3.0934167070306104
3009119,1.7289023348718593
3009120,3.836400006684629
3009121,3.31257563010327
3009122,1.7289023348718593
3009123,92.94043160478408
3009124,2.421448603316851
3009125,2.478982317425468
3009126,1.7289023348718593
3009127,26.87741540173207
3009128,1.7289023348718593
3009129,11.02996916721698
3009130,95.74437290784107
3009131,2.3355057151335883
3009132,2.280344747151386
3009133,10.878646918711596
3009134,7.325557462736501
3009135,90.94906752450952
3009136,1.7747904673466968
3009137,3.0991592274368385
3009468,1.7747904673466968
3009469,1.7289023348718593
3009470,4.017443504344767
3009471,291.8687516455045
3009472,1.7289023348718593
3009473,96.4505479492195
3009474,2.478982317425468
3009475,130.93030358695836
3009476,257.05477299358427
3009477,94.53345420341326
3009478,10.81006190651216
3009479,10.907487902122408
3009480,767.9020934786168
3009481,3.0934167070306104
3009482,1.7289023348718593
3009483,3.836400006684629
3009484,3.31257563010327
3009485,1.7289023348718593
3009486,92.94043160478408
3009487,2.421448603316851
3009488,2.478982317425468
3009489,1.7289023348718593
3009490,18.71179130966769
3009491,1.7289023348718593
3009492,11.02996916721698
3009493,170.41985498507714
3009494,2.3355057151335883
3009495,2.280344747151386
3009496,10.878646918711596
3009497,7.325557462736501
3009498,81.38236459104863
3009499,1.7747904673466968
3009500,3.0991592274368385
3009666,1.7747904673466968
3009667,1.7289023348718593
3009668,4.017443504344767
3009669,535.4754410587228
3009670,1.7289023348718593
3009671,96.4505479492195
3009672,2.478982317425468
3009673,187.93217937571424
3009674,364.6279208986098
3009675,97.3849441687948
3009676,10.81006190651216
3009677,10.907487902122408
3009678,767.9020934786168
3009679,3.0934167070306104
3009680,1.7289023348718593
3009681,8.428581352568932
3009682,8.417527116245664
3009683,1.7289023348718593
3009684,90.87161237604727
3009685,2.421448603316851
3009686,2.478982317425468
3009687,6.35884617809214
3009688,26.87741540173207
3009689,1.7289023348718593
3009690,11.02996916721698
3009691,109.08301564505054
3009692,2.3355057151335883
3009693,2.280344747151386
3009694,10.878646918711596
3009695,7.325557462736501
3009696,81.38236459104863
3009697,1.7747904673466968
3009698,3.0991592274368385
3009699,1.7747904673466968
3009700,1.7289023348718593
3009701,4.62106415351137
3009702,291.8687516455045
3009703,1.7289023348718593
3009704,93.62613958119324
3009705,2.478982317425468
3009706,119.16900604194112
3009707,343.6178317568097
3009708,100.70526278442351
3009709,10.81006190651216
3009710,10.907487902122408
3009711,766.5194576216504
3009712,3.0934167070306104
3009713,1.7289023348718593
3009714,8.428581352568932
3009715,9.380992765089442
3009716,1.7289023348718593
3009717,86.79654525340133
3009718,2.421448603316851
3009719,2.478982317425468
3009720,5.248763387418615
3009721,26.87741540173207
3009722,1.7289023348718593
3009723,11.02996916721698
3009724,99.00932513236147
3009725,2.3355057151335883
3009726,2.280344747151386
3009727,10.878646918711596
3009728,7.325557462736501
3009729,59.468024190162105
3009730,1.7747904673466968
3009731,3.0991592274368385
3009732,1.7747904673466968
3009733,1.7289023348718593
3009734,4.62106415351137
3009735,435.94125098748873
3009736,1.7289023348718593
3009737,109.88655466020607
3009738,2.478982317425468
3009739,143.77915261924804
3009740,343.6178317568097
3009741,100.70526278442351
3009742,10.81006190651216
3009743,10.907487902122408
3009744,767.9020934786168
3009745,3.0934167070306104
3009746,1.7289023348718593
3009747,3.836400006684629
3009748,9.380992765089442
3009749,1.7289023348718593
3009750,86.79654525340133
3009751,2.421448603316851
3009752,2.478982317425468
3009753,4.62106415351137
3009754,26.87741540173207
3009755,1.7289023348718593
3009756,11.02996916721698
3009757,109.08301564505054
3009758,2.3355057151335883
3009759,2.280344747151386
3009760,10.878646918711596
3009761,7.325557462736501
3009762,90.94906752450952
3009763,1.7747904673466968
3009764,3.0991592274368385
3009765,1.7492666456720958
3009766,1.7038006137212625
3009767,3.9712907101881276
3009768,731.7265681171402
3009769,1.7038006137212625
3009770,432.6910731736353
3009771,2.366508520304957
3009772,515.4112488253511
3009773,342.3891981204203
3009774,100.26745859961753
3009775,37.43184863112814
3009776,10.789297433401892
3009777,765.1607989544127
3009778,10.124172029962079
3009779,1.7038006137212625
3009780,8.3311060436641
3009781,8.31016978997425
3009782,1.7038006137212625
3009783,108.63461705339323
3009784,2.3108348430398244
3009785,2.366508520304957
3009786,6.291156066067208
3009787,30.92611719441216
3009788,1.7038006137212625
3009789,10.915547816734282
3009790,108.63461705339323
3009791,2.2910741633944784
3009792,2.2366479827615406
3009793,37.655035336505115
3009794,7.251220939668757
3009795,42.432206180164165
3009796,10.345926695937866
3009797,2.9666354140785125
3008049,1.8116841580619032
3008050,1.7517968874703223
3008051,1.8116841580619032
3008052,605.8551458328095
3008053,1.7517968874703223
3008054,429.95551426345315
3008055,2.4726708496907266
3008056,248.98708300286827
3008057,113.05814686185573
3008058,86.40761647979998
3008059,46.733299786547505
3008060,14.704938390086753
3008061,790.040936896342
3008062,7.957123379860175
3008063,1.7517968874703223
3008064,4.335134770418882
3008065,3.614132249509807
3008066,1.7517968874703223
3008067,113.89607520596488
3008068,2.398704939168876
3008069,2.4726708496907266
3008070,1.7517968874703223
3008071,6.291304557955158
3008072,1.7517968874703223
3008073,14.917649889415943
3008074,110.250070485872
3008075,2.3793254727066504
3008076,2.307347765530427
3008077,14.717425388529287
3008078,8.54863899933723
3008079,56.259571758049894
3008080,5.197540350450389
3008081,3.2332407848163296
3008082,1.7470938312046247
3008083,1.7016637322005486
3008084,1.7470938312046247
3008085,734.2516250833767
3008086,1.7016637322005486
3008087,431.38524833835453
3008088,2.3638478840842767
3008089,513.8563571624911
3008090,170.83085622626055
3008091,99.96254671504147
3008092,37.31613201736193
3008093,10.753800374939532
3008094,762.8539223296021
3008095,14.075654849996779
3008096,1.7016637322005486
3008097,8.313512889222368
3008098,7.29587082108052
3008099,1.7016637322005486
3008100,98.27899387092712
3008101,2.3082182071243196
3008102,2.3638478840842767
3008103,1.7016637322005486
3008104,18.498956978630176
3008105,1.7016637322005486
3008106,10.879670623894667
3008107,108.3045120210087
3008108,2.2884731448403115
3008109,2.2340899785846355
3008110,10.730238946612415
3008111,7.2356638338288715
3008112,42.30143370872252
3008113,10.699723005475798
3008114,2.9635004825037736
3008115,1.8116841580619032
3008116,1.7517968874703223
3008117,1.8116841580619032
3008118,605.8551458328095
3008119,1.7517968874703223
3008120,434.11645368424723
3008121,2.4726708496907266
3008122,214.34580351212057
3008123,189.16025923647334
3008124,107.30628633088617
3008125,46.733299786547505
3008126,14.704938390086753
3008127,790.040936896342
3008128,8.86745729918861
3008129,1.7517968874703223
3008130,4.335134770418882
3008131,7.785346209059101
3008132,1.7517968874703223
3008133,107.21261140376717
3008134,2.398704939168876
3008135,2.4726708496907266
3008136,6.297028541052821
3008137,20.123763171183313
3008138,1.7517968874703223
3008139,14.917649889415943
3008140,110.250070485872
3008141,2.3793254727066504
3008142,2.307347765530427
3008143,14.717425388529287
3008144,8.54863899933723
3008145,56.259571758049894
3008146,3.987923622670553
3008147,3.2332407848163296
3008148,1.8116841580619032
3008149,1.7517968874703223
3008150,3.987923622670553
3008151,518.0019742115888
3008152,1.7517968874703223
3008153,426.5476626385753
3008154,2.4726708496907266
3008155,281.6391964838772
3008156,103.68875547229122
3008157,74.0684305608883
3008158,46.733299786547505
3008159,14.704938390086753
3008160,790.040936896342
3008161,7.957123379860175
3008162,1.7517968874703223
3008163,4.335134770418882
3008164,7.785346209059101
3008165,1.7517968874703223
3008166,113.89607520596488
3008167,2.398704939168876
3008168,2.4726708496907266
3008169,1.7517968874703223
3008170,14.825109641701365
3008171,1.7517968874703223
3008172,14.917649889415943
3008173,113.89607520596488
3008174,2.3793254727066504
3008175,2.307347765530427
3008176,14.717425388529287
3008177,8.54863899933723
3008178,17.74533670207828
3008179,5.197540350450389
3008180,3.2332407848163296
3008181,1.8137437405402945
3008182,1.7538126020153846
3008183,1.8137437405402945
3008184,658.8312289260099
3008185,1.7538126020153846
3008186,435.32114617197595
3008187,2.475214610523442
3008188,433.6507269376423
3008189,145.51389173731806
3008190,105.41997935948878
3008191,47.917885722544696
3008192,15.09468410692995
3008193,809.6720114886227
3008194,7.034240519368826
3008195,1.7538126020153846
3008196,4.39956584596318
3008197,3.6698559596563474
3008198,1.7538126020153846
3008199,103.6454236975073
3008200,2.4011945193451787
3008201,2.475214610523442
3008202,1.7538126020153846
3008203,15.016225495132982
3008204,1.7538126020153846
3008205,15.312674416893575
3008206,113.01093699762731
3008207,2.381800857259504
3008208,2.3097704258026712
3008209,15.1074809922398
3008210,8.663955501578695
3008211,57.68056891745687
3008212,5.202080101289157
3008213,3.236341669573325
3008214,3.987923622670553
3008215,1.7517968874703223
3008216,1.8116841580619032
3008217,605.8551458328095
3008218,1.7517968874703223
3008219,432.95544008980596
3008220,2.4726708496907266
3008221,502.87625940370447
3008222,141.965940042009
3008223,102.8429339905745
3008224,46.733299786547505
3008225,14.704938390086753
3008226,790.040936896342
3008227,7.957123379860175
3008228,1.7517968874703223
3008229,4.335134770418882
3008230,8.787950976291402
3008231,1.7517968874703223
3008232,110.250070485872
3008233,2.398704939168876
3008234,2.4726708496907266
3008235,1.7517968874703223
3008236,6.291304557955158
3008237,1.7517968874703223
3008238,14.917649889415943
3008239,113.89607520596488
3008240,2.3793254727066504
3008241,2.307347765530427
3008242,14.717425388529287
3008243,8.54863899933723
3008244,67.39107737872997
3008245,7.783735405607523
3008246,3.2332407848163296
3008247,1.8137437405402945
3008248,1.7538126020153846
3008249,3.991577319003177
3008250,575.1131154794618
3008251,1.7538126020153846
3008252,444.91463511859666
3008253,2.475214610523442
3008254,400.2803355927507
3008255,119.62204001221815
3008256,105.41997935948878
3008257,47.917885722544696
3008258,15.09468410692995
3008259,809.6720114886227
3008260,8.874685295299553
3008261,1.7538126020153846
3008262,4.39956584596318
3008263,7.891444616997589
3008264,1.7538126020153846
3008265,113.01093699762731
3008266,2.4011945193451787
3008267,2.475214610523442
3008268,1.7538126020153846
3008269,20.37886952542364
3008270,1.7538126020153846
3008271,15.312674416893575
3008272,116.74742374878278
3008273,2.381800857259504
3008274,2.3097704258026712
3008275,15.1074809922398
3008276,8.663955501578695
3008277,18.210535259942734
3008278,1.8137437405402945
3008279,3.236341669573325
3008280,1.8137437405402945
3008281,1.7538126020153846
3008282,3.991577319003177
3008283,575.1131154794618
3008284,1.7538126020153846
3008285,444.91463511859666
3008286,2.475214610523442
3008287,325.8394414824864
3008288,247.6203373967957
3008289,111.77868524910627
3008290,47.917885722544696
3008291,15.09468410692995
3008292,809.6720114886227
3008293,12.394045158071009
3008294,1.7538126020153846
3008295,9.280818314307579
3008296,3.6698559596563474
3008297,1.7538126020153846
3008298,116.74742374878278
3008299,2.4011945193451787
3008300,2.475214610523442
3008301,5.202080101289157
3008302,20.37886952542364
3008303,1.7538126020153846
3008304,15.312674416893575
3008305,120.60161190362403
3008306,2.381800857259504
3008307,2.3097704258026712
3008308,48.201968381518824
3008309,8.663955501578695
3008310,18.210535259942734
3008311,10.072648541314715
3008312,3.236341669573325
3008313,1.745083034613688
3008314,1.6996861891836859
3008315,4.560883975154329
3008316,698.6282300554558
3008317,1.6996861891836859
3008318,420.91469188341364
3008319,2.3613856406104965
3008320,455.41636960131945
3008321,353.4315732306522
3008322,97.5176574657505
3008323,36.38827607184915
3008324,10.469172648025017
3008325,744.3565854111564
3008326,11.835044427224286
3008327,1.6996861891836859
3008328,3.7203688236802774
3008329,7.196879180858485
3008330,1.6996861891836859
3008331,105.65761537434017
3008332,2.305796683033152
3008333,2.3613856406104965
3008334,3.963725803080102
3008335,26.257647859740644
3008336,1.6996861891836859
3008337,10.591994847693682
3008338,99.04584694878508
3008339,2.286066073587805
3008340,2.231722714303434
3008341,36.60540239945031
3008342,7.137390621912848
3008343,41.2528546742401
3008344,10.69115913231388
3008345,2.960599309938111
3008346,1.8116841580619032
3008347,1.7517968874703223
3008348,1.8116841580619032
3008349,421.7227210848811
3008350,1.7517968874703223
3008351,434.0638875786806
3008352,2.4726708496907266
3008353,186.94483381209915
3008354,109.94401891065074
3008355,107.30628633088617
3008356,46.733299786547505
3008357,14.704938390086753
3008358,790.040936896342
3008359,8.86745729918861
3008360,1.7517968874703223
3008361,4.335134770418882
3008362,3.614132249509807
3008363,1.7517968874703223
3008364,107.21261140376717
3008365,2.398704939168876
3008366,2.4726708496907266
3008367,1.7517968874703223
3008368,14.825109641701365
3008369,1.7517968874703223
3008370,14.917649889415943
3008371,107.21261140376717
3008372,2.3793254727066504
3008373,2.307347765530427
3008374,14.717425388529287
3008375,8.54863899933723
3008376,56.259571758049894
3008377,4.575989432102584
3008378,3.2332407848163296
3008412,1.7470938312046247
3008413,1.7016637322005486
3008414,3.967361774304768
3008415,724.7481640196535
3008416,1.7016637322005486
3008417,431.38524833835453
3008418,2.3638478840842767
3008419,546.5902395517976
3008420,362.22741719702094
3008421,99.96254671504147
3008422,37.31613201736193
3008423,10.753800374939532
3008424,762.8539223296021
3008425,10.103198173739278
3008426,1.7016637322005486
3008427,3.7773755261092052
3008428,8.292616109389403
3008429,1.7016637322005486
3008430,98.27899387092712
3008431,2.3082182071243196
3008432,2.3638478840842767
3008433,3.967361774304768
3008434,22.34429654338927
3008435,1.7016637322005486
3008436,10.879670623894667
3008437,143.15722449988328
3008438,2.2884731448403115
3008439,2.2340899785846355
3008440,37.53864671733966
3008441,7.2356638338288715
3008442,42.30143370872252
3008443,10.336959725160186
3008444,2.9635004825037736
3008445,1.7470938312046247
3008446,1.7016637322005486
3008447,3.967361774304768
3008448,729.5203604977027
3008449,1.7016637322005486
3008450,431.38524833835453
3008451,2.3638478840842767
3008452,544.2946080028023
3008453,197.1601193171773
3008454,99.96254671504147
3008455,37.31613201736193
3008456,10.753800374939532
3008457,762.8539223296021
3008458,11.990050018027754
3008459,1.7016637322005486
3008460,8.313512889222368
3008461,8.292616109389403
3008462,1.7016637322005486
3008463,108.3045120210087
3008464,2.3082182071243196
3008465,2.3638478840842767
3008466,1.7016637322005486
3008467,26.586831590608792
3008468,1.7016637322005486
3008469,10.879670623894667
3008470,108.3045120210087
3008471,2.2884731448403115
3008472,2.2340899785846355
3008473,37.53864671733966
3008474,7.2356638338288715
3008475,12.179916976837614
3008476,1.7470938312046247
3008477,2.9635004825037736
3008478,1.8137437405402945
3008479,1.7538126020153846
3008480,1.8137437405402945
3008481,658.8312289260099
3008482,1.7538126020153846
3008483,444.8607644925032
3008484,2.475214610523442
3008485,433.6507269376423
3008486,115.88870073645995
3008487,105.41997935948878
3008488,47.917885722544696
3008489,15.09468410692995
3008490,809.6720114886227
3008491,7.034240519368826
3008492,1.7538126020153846
3008493,9.280818314307579
3008494,7.891444616997589
3008495,1.7538126020153846
3008496,109.8980980166696
3008497,2.4011945193451787
3008498,2.475214610523442
3008499,1.7538126020153846
3008500,17.923217335576712
3008501,1.7538126020153846
3008502,15.312674416893575
3008503,116.74742374878278
3008504,2.381800857259504
3008505,2.3097704258026712
3008506,15.1074809922398
3008507,8.663955501578695
3008508,18.210535259942734
3008509,6.302373676310771
3008510,3.236341669573325
3008511,1.772597480762022
3008512,1.7267456148305858
3008513,4.013478092749234
3008514,246.67299836737078
3008515,1.7267456148305858
3008516,77.0953426133858
3008517,2.472422937120056
3008518,122.3010088668495
3008519,125.66995904049185
3008520,92.14824006990263
3008521,10.774502327130289
3008522,10.871634977332844
3008523,749.6949188560538
3008524,3.085698853221623
3008525,1.7267456148305858
3008526,8.410804415180587
3008527,9.361420121919371
3008528,1.7267456148305858
3008529,86.53219369918367
3008530,2.414997698846263
3008531,2.472422937120056
3008532,4.616621685359159
3008533,26.82485446497881
3008534,1.7267456148305858
3008535,10.993747456700177
3008536,101.97191758590768
3008537,2.3328695812083526
3008538,2.277752208324305
3008539,10.842880832860487
3008540,7.309860200528782
3008541,81.13431489778435
3008542,1.772597480762022
3008543,3.0914305465031866
3008544,1.772597480762022
3008545,1.7267456148305858
3008546,1.772597480762022
3008547,381.77421766282407
3008548,1.7267456148305858
3008549,102.72354991320917
3008550,2.472422937120056
3008551,130.53306721847756
3008552,314.88505530824324
3008553,100.3990326906131
3008554,10.774502327130289
3008555,10.871634977332844
3008556,762.2589065139706
3008557,3.085698853221623
3008558,1.7267456148305858
3008559,9.551724991329081
3008560,10.897437610839383
3008561,1.7267456148305858
3008562,90.5949909731209
3008563,2.414997698846263
3008564,2.472422937120056
3008565,1.7267456148305858
3008566,22.554608914271867
3008567,1.7267456148305858
3008568,10.993747456700177
3008569,101.97191758590768
3008570,2.3328695812083526
3008571,2.277752208324305
3008572,10.842880832860487
3008573,7.309860200528782
3008574,90.67221290752194
3008575,1.772597480762022
3008576,3.0914305465031866
3008577,1.772597480762022
3008578,1.7267456148305858
3008579,4.013478092749234
3008580,290.986936655452
3008581,1.7267456148305858
3008582,109.55268009849462
3008583,2.472422937120056
3008584,118.80718242548464
3008585,171.44566056747107
3008586,88.01654671192085
3008587,10.774502327130289
3008588,10.871634977332844
3008589,765.5869629360012
3008590,3.085698853221623
3008591,1.7267456148305858
3008592,3.827281309301763
3008593,3.304444567317459
3008594,1.7267456148305858
3008595,65.6513760964384
3008596,2.414997698846263
3008597,2.472422937120056
3008598,1.7267456148305858
3008599,26.82485446497881
3008600,1.7267456148305858
3008601,10.993747456700177
3008602,108.75156050413653
3008603,2.3328695812083526
3008604,2.277752208324305
3008605,10.842880832860487
3008606,7.309860200528782
3008607,52.23062441039167
3008608,1.772597480762022
3008609,3.0914305465031866
3008610,1.772597480762022
3008611,1.7267456148305858
3008612,1.772597480762022
3008613,290.986936655452
3008614,1.7267456148305858
3008615,99.43601061833184
3008616,2.472422937120056
3008617,118.80718242548464
3008618,111.09019027762737
3008619,56.8710040794302
3008620,10.774502327130289
3008621,10.871634977332844
3008622,762.2589065139706
3008623,3.085698853221623
3008624,1.7267456148305858
3008625,3.827281309301763
3008626,3.304444567317459
3008627,1.7267456148305858
3008628,65.6513760964384
3008629,2.414997698846263
3008630,2.472422937120056
3008631,1.7267456148305858
3008632,22.554608914271867
3008633,1.7267456148305858
3008634,10.993747456700177
3008635,95.45307983627225
3008636,2.3328695812083526
3008637,2.277752208324305
3008638,10.842880832860487
3008639,7.309860200528782
3008640,69.61016011508562
3008641,1.772597480762022
3008642,3.0914305465031866
3008643,1.772597480762022
3008644,1.7267456148305858
3008645,4.616621685359159
3008646,478.3574966909129
3008647,1.7267456148305858
3008648,109.55268009849462
3008649,2.472422937120056
3008650,125.9813069617621
3008651,378.5581862737384
3008652,97.08871140897986
3008653,10.774502327130289
3008654,10.871634977332844
3008655,765.5869629360012
3008656,3.085698853221623
3008657,1.7267456148305858
3008658,3.827281309301763
3008659,8.399771020854613
3008660,1.7267456148305858
3008661,92.65758107772828
3008662,2.414997698846263
3008663,2.472422937120056
3008664,1.7267456148305858
3008665,31.07034185053857
3008666,1.7267456148305858
3008667,10.993747456700177
3008668,123.84936732710649
3008669,2.3328695812083526
3008670,2.277752208324305
3008671,10.842880832860487
3008672,7.309860200528782
3008673,69.61016011508562
3008674,1.772597480762022
3008675,3.0914305465031866
3008676,1.7470938312046247
3008677,1.7016637322005486
3008678,1.7470938312046247
3008679,719.0091910209362
3008680,1.7016637322005486
3008681,431.38524833835453
3008682,2.3638478840842767
3008683,537.5375730796179
3008684,362.22741719702094
3008685,99.96254671504147
3008686,37.31613201736193
3008687,10.753800374939532
3008688,762.8539223296021
3008689,8.510420504910696
3008690,1.7016637322005486
3008691,8.313512889222368
3008692,7.29587082108052
3008693,1.7016637322005486
3008694,98.27899387092712
3008695,2.3082182071243196
3008696,2.3638478840842767
3008697,1.7016637322005486
3008698,22.34429654338927
3008699,1.7016637322005486
3008700,10.879670623894667
3008701,101.52866091263047
3008702,2.2884731448403115
3008703,2.2340899785846355
3008704,10.730238946612415
3008705,7.2356638338288715
3008706,42.30143370872252
3008707,1.7951350325941688
3008708,2.9635004825037736
3008709,1.7470938312046247
3008710,1.7016637322005486
3008711,1.7470938312046247
3008712,707.1061244714823
3008713,1.7016637322005486
3008714,431.38524833835453
3008715,2.3638478840842767
3008716,527.597333717444
3008717,398.8133301316557
3008718,99.96254671504147
3008719,37.31613201736193
3008720,10.753800374939532
3008721,762.8539223296021
3008722,9.904833753315378
3008723,1.7016637322005486
3008724,9.442638309616529
3008725,7.29587082108052
3008726,1.7016637322005486
3008727,101.52866091263047
3008728,2.3082182071243196
3008729,2.3638478840842767
3008730,1.7016637322005486
3008731,22.34429654338927
3008732,1.7016637322005486
3008733,10.879670623894667
3008734,108.3045120210087
3008735,2.2884731448403115
3008736,2.2340899785846355
3008737,10.730238946612415
3008738,7.2356638338288715
3008739,51.32089702567551
3008740,1.7951350325941688
3008741,2.9635004825037736
3008775,1.8137437405402945
3008776,1.7538126020153846
3008777,1.8137437405402945
3008778,620.9153255010013
3008779,1.7538126020153846
3008780,444.91463511859666
3008781,2.475214610523442
3008782,288.65338612954474
3008783,119.62204001221815
3008784,88.5767904871286
3008785,47.917885722544696
3008786,15.09468410692995
3008787,809.6720114886227
3008788,8.874685295299553
3008789,1.7538126020153846
3008790,9.280818314307579
3008791,3.6698559596563474
3008792,1.7538126020153846
3008793,108.14326845992099
3008794,2.4011945193451787
3008795,2.475214610523442
3008796,1.7538126020153846
3008797,15.016225495132982
3008798,1.7538126020153846
3008799,15.312674416893575
3008800,95.68636391249427
3008801,2.381800857259504
3008802,2.3097704258026712
3008803,15.1074809922398
3008804,8.663955501578695
3008805,18.210535259942734
3008806,1.8137437405402945
3008807,3.236341669573325
3008808,1.7470938312046247
3008809,1.7016637322005486
3008810,3.967361774304768
3008811,731.0596077246475
3008812,1.7016637322005486
3008813,431.38524833835453
3008814,2.3638478840842767
3008815,527.597333717444
3008816,144.71374355885982
3008817,99.96254671504147
3008818,37.31613201736193
3008819,10.753800374939532
3008820,762.8539223296021
3008821,11.990050018027754
3008822,1.7016637322005486
3008823,8.313512889222368
3008824,7.29587082108052
3008825,1.7016637322005486
3008826,101.52866091263047
3008827,2.3082182071243196
3008828,2.3638478840842767
3008829,1.7016637322005486
3008830,13.390477929421827
3008831,1.7016637322005486
3008832,10.879670623894667
3008833,108.3045120210087
3008834,2.2884731448403115
3008835,5.312990671715637
3008836,10.730238946612415
3008837,7.2356638338288715
3008838,42.30143370872252
3008839,1.7470938312046247
3008840,2.9635004825037736
3008841,1.8137437405402945
3008842,1.7538126020153846
3008843,1.8137437405402945
3008844,530.881922636589
3008845,1.7538126020153846
3008846,444.8607644925032
3008847,2.475214610523442
3008848,366.5555096292896
3008849,97.79208979053857
3008850,56.26286896012165
3008851,47.917885722544696
3008852,15.09468410692995
3008853,809.6720114886227
3008854,8.874685295299553
3008855,1.7538126020153846
3008856,9.280818314307579
3008857,3.6698559596563474
3008858,1.7538126020153846
3008859,74.64855325701873
3008860,2.4011945193451787
3008861,2.475214610523442
3008862,1.7538126020153846
3008863,15.016225495132982
3008864,1.7538126020153846
3008865,15.312674416893575
3008866,108.14326845992099
3008867,2.381800857259504
3008868,2.3097704258026712
3008869,15.1074809922398
3008870,8.663955501578695
3008871,57.68056891745687
3008872,1.8137437405402945
3008873,3.236341669573325
3008874,1.8137437405402945
3008875,1.7538126020153846
3008876,1.8137437405402945
3008877,722.5482407037887
3008878,1.7538126020153846
3008879,444.91463511859666
3008880,2.475214610523442
3008881,325.8394414824864
3008882,131.4003212002151
3008883,105.41997935948878
3008884,47.917885722544696
3008885,15.09468410692995
3008886,809.6720114886227
3008887,7.034240519368826
3008888,1.7538126020153846
3008889,4.39956584596318
3008890,3.6698559596563474
3008891,1.7538126020153846
3008892,113.01093699762731
3008893,2.4011945193451787
3008894,2.475214610523442
3008895,1.7538126020153846
3008896,17.923217335576712
3008897,1.7538126020153846
3008898,15.312674416893575
3008899,116.74742374878278
3008900,2.381800857259504
3008901,2.3097704258026712
3008902,15.1074809922398
3008903,8.663955501578695
3008904,57.68056891745687
3008905,1.8137437405402945
3008906,3.236341669573325
3008907,1.7470938312046247
3008908,1.7016637322005486
3008909,1.7470938312046247
3008910,707.1061244714823
3008911,1.7016637322005486
3008912,431.38524833835453
3008913,2.3638478840842767
3008914,550.9549138342089
3008915,100.70273276314921
3008916,87.77234258419001
3008917,37.31613201736193
3008918,10.753800374939532
3008919,762.8539223296021
3008920,8.68341984576453
3008921,1.7016637322005486
3008922,3.7773755261092052
3008923,7.29587082108052
3008924,1.7016637322005486
3008925,95.03788438980592
3008926,2.3082182071243196
3008927,2.3638478840842767
3008928,1.7016637322005486
3008929,13.390477929421827
3008930,1.7016637322005486
3008931,10.879670623894667
3008932,108.3045120210087
3008933,2.2884731448403115
3008934,2.2340899785846355
3008935,10.730238946612415
3008936,7.2356638338288715
3008937,12.179916976837614
3008938,1.7470938312046247
3008939,2.9635004825037736
3008940,1.8137437405402945
3008941,1.7538126020153846
3008942,1.8137437405402945
3008943,530.881922636589
3008944,1.7538126020153846
3008945,437.15801118759526
3008946,2.475214610523442
3008947,433.6507269376423
3008948,106.28679139153581
3008949,67.39501557098505
3008950,47.917885722544696
3008951,15.09468410692995
3008952,809.6720114886227
3008953,10.32018775441328
3008954,1.7538126020153846
3008955,9.280818314307579
3008956,3.6698559596563474
3008957,1.7538126020153846
3008958,103.6454236975073
3008959,2.4011945193451787
3008960,2.475214610523442
3008961,1.7538126020153846
3008962,24.52015421583317
3008963,1.7538126020153846
3008964,15.312674416893575
3008965,108.14326845992099
3008966,2.381800857259504
3008967,2.3097704258026712
3008968,15.1074809922398
3008969,8.663955501578695
3008970,18.210535259942734
3008971,1.8137437405402945
3008972,3.236341669573325
3008973,1.7470938312046247
3008974,1.7016637322005486
3008975,1.7470938312046247
3008976,731.0596077246475
3008977,1.7016637322005486
3008978,431.38524833835453
3008979,2.3638478840842767
3008980,513.8563571624911
3008981,281.0962130647371
3008982,93.88908945796103
3008983,37.31613201736193
3008984,10.753800374939532
3008985,762.8539223296021
3008986,8.510420504910696
3008987,1.7016637322005486
3008988,3.7773755261092052
3008989,7.29587082108052
3008990,1.7016637322005486
3008991,95.03788438980592
3008992,2.3082182071243196
3008993,2.3638478840842767
3008994,1.7016637322005486
3008995,26.586831590608792
3008996,1.7016637322005486
3008997,10.879670623894667
3008998,101.52866091263047
3008999,2.2884731448403115
3009000,2.2340899785846355
3009001,10.730238946612415
3009002,7.2356638338288715
3009003,51.32089702567551
3009004,1.7951350325941688
3009005,2.9635004825037736
3009006,1.772597480762022
3009007,1.7267456148305858
3009008,4.616621685359159
3009009,290.986936655452
3009010,1.7267456148305858
3009011,99.43601061833184
3009012,2.472422937120056
3009013,130.53306721847756
3009014,225.06406152667265
3009015,97.08871140897986
3009016,10.774502327130289
3009017,10.871634977332844
3009018,755.6784784040643
3009019,3.085698853221623
3009020,1.7267456148305858
3009021,3.827281309301763
3009022,7.391532074369735
3009023,1.7267456148305858
3009024,86.53219369918367
3009025,2.414997698846263
3009026,2.472422937120056
3009027,1.7267456148305858
3009028,31.07034185053857
3009029,1.7267456148305858
3009030,10.993747456700177
3009031,101.97191758590768
3009032,2.3328695812083526
3009033,2.277752208324305
3009034,10.842880832860487
3009035,7.309860200528782
3009036,81.13431489778435
3009037,1.772597480762022
3009038,3.0914305465031866
3009039,1.772597480762022
3009040,1.7267456148305858
3009041,4.013478092749234
3009042,290.986936655452
3009043,1.7267456148305858
3009044,102.72354991320917
3009045,2.472422937120056
3009046,130.53306721847756
3009047,197.86912877151286
3009048,92.14824006990263
3009049,10.774502327130289
3009050,10.871634977332844
3009051,765.5869629360012
3009052,3.085698853221623
3009053,1.7267456148305858
3009054,8.410804415180587
3009055,8.399771020854613
3009056,1.7267456148305858
3009057,90.5949909731209
3009058,2.414997698846263
3009059,2.472422937120056
3009060,1.7267456148305858
3009061,32.82298014461729
3009062,1.7267456148305858
3009063,10.993747456700177
3009064,143.71162039363216
3009065,2.3328695812083526
3009066,2.277752208324305
3009067,10.842880832860487
3009068,7.309860200528782
3009069,90.67221290752194
3009070,1.772597480762022
3009071,3.0914305465031866
3009072,1.7470938312046247
3009073,1.7016637322005486
3009074,3.967361774304768
3009075,719.0091910209362
3009076,1.7016637322005486
3009077,431.38524833835453
3009078,2.3638478840842767
3009079,544.2946080028023
3009080,377.20498306818877
3009081,96.66647516317121
3009082,37.31613201736193
3009083,10.753800374939532
3009084,762.8539223296021
3009085,14.075654849996779
3009086,1.7016637322005486
3009087,8.313512889222368
3009088,7.29587082108052
3009089,1.7016637322005486
3009090,123.3710645039122
3009091,2.3082182071243196
3009092,2.3638478840842767
3009093,3.967361774304768
3009094,26.586831590608792
3009095,1.7016637322005486
3009096,10.879670623894667
3009097,143.15722449988328
3009098,2.2884731448403115
3009099,2.2340899785846355
3009100,37.53864671733966
3009101,7.2356638338288715
3009102,42.30143370872252
3009103,9.217003358250393
3009104,2.9635004825037736
3009138,1.8137437405402945
3009139,1.7538126020153846
3009140,3.991577319003177
3009141,762.5287494984318
3009142,1.7538126020153846
3009143,444.91463511859666
3009144,2.475214610523442
3009145,400.2803355927507
3009146,115.88870073645995
3009147,109.9940976521519
3009148,47.917885722544696
3009149,15.09468410692995
3009150,809.6720114886227
3009151,8.874685295299553
3009152,1.7538126020153846
3009153,4.39956584596318
3009154,3.6698559596563474
3009155,1.7538126020153846
3009156,113.01093699762731
3009157,2.4011945193451787
3009158,2.475214610523442
3009159,1.7538126020153846
3009160,6.3793598021066025
3009161,1.7538126020153846
3009162,15.312674416893575
3009163,113.01093699762731
3009164,2.381800857259504
3009165,2.3097704258026712
3009166,48.201968381518824
3009167,8.663955501578695
3009168,57.68056891745687
3009169,1.8137437405402945
3009170,3.236341669573325
3009171,1.772597480762022
3009172,1.7267456148305858
3009173,4.616621685359159
3009174,434.6256400090957
3009175,1.7267456148305858
3009176,93.34122441743935
3009177,2.472422937120056
3009178,162.11820731948632
3009179,197.86912877151286
3009180,97.08871140897986
3009181,10.774502327130289
3009182,10.871634977332844
3009183,765.5869629360012
3009184,3.085698853221623
3009185,1.7267456148305858
3009186,8.410804415180587
3009187,3.304444567317459
3009188,1.7267456148305858
3009189,90.5949909731209
3009190,2.414997698846263
3009191,2.472422937120056
3009192,1.7267456148305858
3009193,13.520123966339032
3009194,1.7267456148305858
3009195,10.993747456700177
3009196,143.71162039363216
3009197,2.3328695812083526
3009198,2.277752208324305
3009199,10.842880832860487
3009200,7.309860200528782
3009201,90.67221290752194
3009202,1.772597480762022
3009203,3.0914305465031866
3009204,1.772597480762022
3009205,1.7267456148305858
3009206,4.616621685359159
3009207,381.77421766282407
3009208,1.7267456148305858
3009209,109.55268009849462
3009210,2.472422937120056
3009211,134.65138235283632
3009212,225.06406152667265
3009213,100.3990326906131
3009214,10.774502327130289
3009215,10.871634977332844
3009216,765.5869629360012
3009217,3.085698853221623
3009218,1.7267456148305858
3009219,3.827281309301763
3009220,8.399771020854613
3009221,1.7267456148305858
3009222,76.52942499709688
3009223,2.414997698846263
3009224,2.472422937120056
3009225,4.013478092749234
3009226,31.07034185053857
3009227,1.7267456148305858
3009228,10.993747456700177
3009229,101.97191758590768
3009230,2.3328695812083526
3009231,2.277752208324305
3009232,10.842880832860487
3009233,7.309860200528782
3009234,69.61016011508562
3009235,1.772597480762022
3009236,3.0914305465031866
3009237,1.7470938312046247
3009238,1.7016637322005486
3009239,3.967361774304768
3009240,719.0091910209362
3009241,1.7016637322005486
3009242,431.38524833835453
3009243,2.3638478840842767
3009244,513.8563571624911
3009245,224.25809652899792
3009246,96.66647516317121
3009247,37.31613201736193
3009248,10.753800374939532
3009249,762.8539223296021
3009250,7.62775314641342
3009251,1.7016637322005486
3009252,8.313512889222368
3009253,7.29587082108052
3009254,1.7016637322005486
3009255,101.52866091263047
3009256,2.3082182071243196
3009257,2.3638478840842767
3009258,1.7016637322005486
3009259,18.498956978630176
3009260,1.7016637322005486
3009261,10.879670623894667
3009262,108.3045120210087
3009263,2.2884731448403115
3009264,2.2340899785846355
3009265,10.730238946612415
3009266,7.2356638338288715
3009267,12.179916976837614
3009268,1.7951350325941688
3009269,2.9635004825037736
3009270,1.4616707397224218
3009271,1.4143024133093034
3009272,4.245381359345849
3009273,567.989195113237
3009274,1.4143024133093034
3009275,91.64911233603604
3009276,1.7164465618095028
3009277,180.51203242139223
3009278,563.6883659971691
3009279,80.98075895961234
3009280,2.7094434245681347
3009281,2.738157207460168
3009282,1301.6131720805674
3009283,1.789922201977288
3009284,1.4143024133093034
3009285,7.82079628494847
3009286,7.981875609027654
3009287,1.4143024133093034
3009288,73.14116474357427
3009289,15.457296587805622
3009290,1.7164465618095028
3009291,10.246019777861788
3009292,29.773244918104414
3009293,1.4327181711774921
3009294,2.775016104634192
3009295,181.35522391923158
3009296,1.7037899909980783
3009297,5.384737144465954
3009298,2.730985413470565
3009299,2.5500193740478516
3009300,58.382588195491365
3009301,13.09406493360963
3009302,1.7906867217270452
3009303,1.4616707397224218
3009304,1.4143024133093034
3009305,5.043213664135698
3009306,567.989195113237
3009307,1.4143024133093034
3009308,91.64911233603604
3009309,1.7164465618095028
3009310,110.42568793936687
3009311,563.6883659971691
3009312,80.98075895961234
3009313,2.7094434245681347
3009314,2.738157207460168
3009315,1301.6131720805674
3009316,1.789922201977288
3009317,1.4143024133093034
3009318,7.82079628494847
3009319,7.981875609027654
3009320,1.4143024133093034
3009321,73.14116474357427
3009322,15.457296587805622
3009323,1.7164465618095028
3009324,10.246019777861788
3009325,34.728340155156076
3009326,1.4327181711774921
3009327,2.775016104634192
3009328,138.84196273051293
3009329,1.7037899909980783
3009330,1.6719897734538391
3009331,2.730985413470565
3009332,2.5500193740478516
3009333,69.37527608012873
3009334,13.09406493360963
3009335,1.7906867217270452
3009336,1.5279073522613027
3009337,1.4258495832343425
3009338,5.205819489318542
3009339,600.1561427840189
3009340,1.4258495832343425
3009341,96.88689044123285
3009342,1.7895384727193426
3009343,248.6353274612784
3009344,544.8702170085979
3009345,85.61541776528627
3009346,2.919151224910571
3009347,2.9494882982967843
3009348,1375.2544469966028
3009349,1.8649911350088555
3009350,1.4258495832343425
3009351,6.715812807939341
3009352,8.223552533966313
3009353,1.4258495832343425
3009354,80.02777155046601
3009355,27.231605904723732
3009356,1.7895384727193426
3009357,5.774608266723163
3009358,30.60126609385046
3009359,1.4981757518037089
3009360,2.9884309577404298
3009361,96.26760985486303
3009362,1.7765413493054196
3009363,6.679384081816573
3009364,2.9419110577293717
3009365,2.6455403769139143
3009366,61.73969343306941
3009367,13.473296446192265
3009368,1.8657762258275317
3009369,1.5279073522613027
3009370,1.4258495832343425
3009371,5.205819489318542
3009372,600.1561427840189
3009373,1.4258495832343425
3009374,96.88689044123285
3009375,1.7895384727193426
3009376,116.7249714827268
3009377,595.6121727677275
3009378,85.61541776528627
3009379,2.919151224910571
3009380,2.9494882982967843
3009381,1375.2544469966028
3009382,1.8649911350088555
3009383,1.4258495832343425
3009384,8.058139019857206
3009385,8.223552533966313
3009386,1.4258495832343425
3009387,74.0822083376935
3009388,18.930957652204654
3009389,1.7895384727193426
3009390,7.077205889937661
3009391,32.651941731951084
3009392,1.4981757518037089
3009393,2.9884309577404298
3009394,191.66440201203554
3009395,1.7765413493054196
3009396,1.743885477650279
3009397,2.9419110577293717
3009398,2.6455403769139143
3009399,48.52963322172582
3009400,13.473296446192265
3009401,1.8657762258275317
3009402,1.5279073522613027
3009403,1.4258495832343425
3009404,5.205819489318542
3009405,248.40491973636082
3009406,1.4258495832343425
3009407,96.88689044123285
3009408,1.7895384727193426
3009409,126.44613476212587
3009410,544.8702170085979
3009411,81.32553116553399
3009412,2.919151224910571
3009413,2.9494882982967843
3009414,1375.2544469966028
3009415,1.8649911350088555
3009416,1.4258495832343425
3009417,9.047962430505263
3009418,7.185549941223121
3009419,1.4258495832343425
3009420,74.0822083376935
3009421,15.900115994940005
3009422,1.7895384727193426
3009423,5.021993416965505
3009424,14.825433795387948
3009425,1.4981757518037089
3009426,2.9884309577404298
3009427,116.05534068265786
3009428,1.7765413493054196
3009429,6.679384081816573
3009430,2.9419110577293717
3009431,2.6455403769139143
3009432,61.73969343306941
3009433,13.473296446192265
3009434,1.8657762258275317
3009435,1.4616707397224218
3009436,1.4143024133093034
3009437,4.245381359345849
3009438,754.7567822443442
3009439,1.4143024133093034
3009440,80.20215902344374
3009441,1.7164465618095028
3009442,119.62668660885376
3009443,451.5451570157803
3009444,80.98075895961234
3009445,2.7094434245681347
3009446,2.738157207460168
3009447,1301.6131720805674
3009448,1.789922201977288
3009449,1.4143024133093034
3009450,6.5136419083908095
3009451,6.971070917935556
3009452,1.4143024133093034
3009453,75.69209916546247
3009454,14.362598305279175
3009455,1.7164465618095028
3009456,8.612679416258047
3009457,24.298541108369736
3009458,1.4327181711774921
3009459,2.775016104634192
3009460,91.06296850865047
3009461,1.7037899909980783
3009462,1.6719897734538391
3009463,2.730985413470565
3009464,2.5500193740478516
3009465,69.37527608012873
3009466,13.09406493360963
3009467,1.7906867217270452
3009501,1.5279073522613027
3009502,1.4258495832343425
3009503,5.205819489318542
3009504,497.82771279647017
3009505,1.4258495832343425
3009506,84.79280085371927
3009507,1.7895384727193426
3009508,105.27480098147366
3009509,358.97070409252035
3009510,85.61541776528627
3009511,2.919151224910571
3009512,2.9494882982967843
3009513,1375.2544469966028
3009514,1.8649911350088555
3009515,1.4258495832343425
3009516,6.715812807939341
3009517,7.185549941223121
3009518,1.4258495832343425
3009519,74.0822083376935
3009520,11.359035468906939
3009521,1.7895384727193426
3009522,1.4258495832343425
3009523,30.60126609385046
3009524,1.4981757518037089
3009525,2.9884309577404298
3009526,116.05534068265786
3009527,1.7765413493054196
3009528,1.743885477650279
3009529,2.9419110577293717
3009530,2.6455403769139143
3009531,48.52963322172582
3009532,13.473296446192265
3009533,1.8657762258275317
3009534,1.5279073522613027
3009535,1.4258495832343425
3009536,4.386519768764827
3009537,600.1561427840189
3009538,1.4258495832343425
3009539,96.88689044123285
3009540,1.7895384727193426
3009541,116.7249714827268
3009542,477.1291162709211
3009543,81.32553116553399
3009544,2.919151224910571
3009545,2.9494882982967843
3009546,1375.2544469966028
3009547,1.8649911350088555
3009548,1.4258495832343425
3009549,2.2061544319039643
3009550,7.185549941223121
3009551,1.4258495832343425
3009552,77.33262389084821
3009553,1.7567297373605153
3009554,1.7895384727193426
3009555,1.4258495832343425
3009556,30.60126609385046
3009557,1.4981757518037089
3009558,2.9884309577404298
3009559,96.26760985486303
3009560,1.7765413493054196
3009561,5.556532402693007
3009562,2.9419110577293717
3009563,2.6455403769139143
3009564,73.35383638044489
3009565,1.5279073522613027
3009566,1.8657762258275317
3009567,1.4616707397224218
3009568,1.4143024133093034
3009569,4.245381359345849
3009570,471.1362032329976
3009571,1.4143024133093034
3009572,91.64911233603604
3009573,1.7164465618095028
3009574,105.04447967354658
3009575,563.6883659971691
3009576,76.92041764426622
3009577,2.7094434245681347
3009578,2.738157207460168
3009579,1301.6131720805674
3009580,1.789922201977288
3009581,1.4143024133093034
3009582,2.1221462863301674
3009583,7.981875609027654
3009584,1.4143024133093034
3009585,73.14116474357427
3009586,1.6844974859195672
3009587,1.7164465618095028
3009588,1.4143024133093034
3009589,18.739677015103155
3009590,1.4327181711774921
3009591,2.775016104634192
3009592,91.06296850865047
3009593,1.7037899909980783
3009594,1.6719897734538391
3009595,2.730985413470565
3009596,2.5500193740478516
3009597,58.382588195491365
3009598,1.4616707397224218
3009599,1.7906867217270452
3009600,1.772597480762022
3009601,1.7267456148305858
3009602,4.013478092749234
3009603,335.72745092134795
3009604,1.7267456148305858
3009605,99.43601061833184
3009606,2.472422937120056
3009607,143.3432289288256
3009608,256.27778136917317
3009609,100.3990326906131
3009610,10.774502327130289
3009611,10.871634977332844
3009612,755.6784784040643
3009613,3.085698853221623
3009614,1.7267456148305858
3009615,8.410804415180587
3009616,7.391532074369735
3009617,1.7267456148305858
3009618,90.5949909731209
3009619,2.414997698846263
3009620,2.472422937120056
3009621,1.7267456148305858
3009622,31.07034185053857
3009623,1.7267456148305858
3009624,10.993747456700177
3009625,108.75156050413653
3009626,2.3328695812083526
3009627,2.277752208324305
3009628,10.842880832860487
3009629,7.309860200528782
3009630,52.23062441039167
3009631,1.772597480762022
3009632,3.0914305465031866
3009633,1.8137437405402945
3009634,1.7538126020153846
3009635,3.991577319003177
3009636,771.8545981462975
3009637,1.7538126020153846
3009638,444.91463511859666
3009639,2.475214610523442
3009640,468.20637815666436
3009641,110.89816679321126
3009642,97.3259514687861
3009643,47.917885722544696
3009644,48.162878970412216
3009645,809.6720114886227
3009646,7.963684548658973
3009647,1.7538126020153846
3009648,9.280818314307579
3009649,3.6698559596563474
3009650,1.7538126020153846
3009651,113.01093699762731
3009652,2.4011945193451787
3009653,2.475214610523442
3009654,1.7538126020153846
3009655,17.923217335576712
3009656,1.7538126020153846
3009657,15.312674416893575
3009658,120.60161190362403
3009659,2.381800857259504
3009660,2.3097704258026712
3009661,15.1074809922398
3009662,8.663955501578695
3009663,18.210535259942734
3009664,1.8137437405402945
3009665,3.236341669573325
3009798,1.7747904673466968
3009799,1.7289023348718593
3009800,4.017443504344767
3009801,247.42098307207465
3009802,1.7289023348718593
3009803,99.73933233785394
3009804,2.478982317425468
3009805,126.36479678914256
3009806,315.8390437986019
3009807,92.42955236192326
3009808,10.81006190651216
3009809,10.907487902122408
3009810,739.514217087804
3009811,3.0934167070306104
3009812,1.7289023348718593
3009813,3.836400006684629
3009814,9.380992765089442
3009815,1.7289023348718593
3009816,92.94043160478408
3009817,2.421448603316851
3009818,2.478982317425468
3009819,1.7289023348718593
3009820,26.87741540173207
3009821,1.7289023348718593
3009822,11.02996916721698
3009823,102.28289786989494
3009824,2.3355057151335883
3009825,5.403280652643146
3009826,10.878646918711596
3009827,7.325557462736501
3009828,59.468024190162105
3009829,1.7747904673466968
3009830,3.0991592274368385
3010161,1.7747904673466968
3010162,1.7289023348718593
3010163,4.62106415351137
3010164,336.74438447730023
3010165,1.7289023348718593
3010166,109.88655466020607
3010167,2.478982317425468
3010168,130.93030358695836
3010169,257.05477299358427
3010170,94.53345420341326
3010171,10.81006190651216
3010172,10.907487902122408
3010173,767.9020934786168
3010174,3.0934167070306104
3010175,1.7289023348718593
3010176,3.836400006684629
3010177,8.417527116245664
3010178,1.7289023348718593
3010179,76.76356769510824
3010180,2.421448603316851
3010181,2.478982317425468
3010182,4.62106415351137
3010183,26.87741540173207
3010184,1.7289023348718593
3010185,11.02996916721698
3010186,124.22641859134679
3010187,2.3355057151335883
3010188,2.280344747151386
3010189,10.878646918711596
3010190,7.325557462736501
3010191,69.82340629093412
3010192,1.7747904673466968
3010193,3.0991592274368385
3010524,1.7747904673466968
3010525,1.7289023348718593
3010526,4.017443504344767
3010527,336.74438447730023
3010528,1.7289023348718593
3010529,109.88655466020607
3010530,2.478982317425468
3010531,135.06105623671024
3010532,343.6178317568097
3010533,97.3849441687948
3010534,10.81006190651216
3010535,10.907487902122408
3010536,767.9020934786168
3010537,3.0934167070306104
3010538,1.7289023348718593
3010539,3.836400006684629
3010540,8.417527116245664
3010541,1.7289023348718593
3010542,92.94043160478408
3010543,2.421448603316851
3010544,2.478982317425468
3010545,1.7289023348718593
3010546,22.599103389919506
3010547,1.7289023348718593
3010548,11.02996916721698
3010549,144.1486566444987
3010550,2.3355057151335883
3010551,2.280344747151386
3010552,10.878646918711596
3010553,7.325557462736501
3010554,52.391383528839256
3010555,1.7747904673466968
3010556,3.0991592274368385
3010887,1.7747904673466968
3010888,1.7289023348718593
3010889,4.62106415351137
3010890,435.94125098748873
3010891,1.7289023348718593
3010892,93.62613958119324
3010893,2.478982317425468
3010894,130.93030358695836
3010895,343.6178317568097
3010896,100.70526278442351
3010897,10.81006190651216
3010898,10.907487902122408
3010899,757.9636848333307
3010900,3.0934167070306104
3010901,1.7289023348718593
3010902,3.836400006684629
3010903,3.31257563010327
3010904,1.7289023348718593
3010905,76.76356769510824
3010906,2.421448603316851
3010907,2.478982317425468
3010908,1.7289023348718593
3010909,22.599103389919506
3010910,1.7289023348718593
3010911,11.02996916721698
3010912,102.28289786989494
3010913,2.3355057151335883
3010914,2.280344747151386
3010915,10.878646918711596
3010916,7.325557462736501
3010917,52.391383528839256
3010918,1.7747904673466968
3010919,3.0991592274368385
3011250,1.7747904673466968
3011251,1.7289023348718593
3011252,4.62106415351137
3011253,291.8687516455045
3011254,1.7289023348718593
3011255,93.62613958119324
3011256,2.478982317425468
3011257,135.06105623671024
3011258,198.46972337625127
3011259,94.53345420341326
3011260,10.81006190651216
3011261,10.907487902122408
3011262,767.9020934786168
3011263,3.0934167070306104
3011264,1.7289023348718593
3011265,3.836400006684629
3011266,7.407383614120969
3011267,1.7289023348718593
3011268,90.87161237604727
3011269,2.421448603316851
3011270,2.478982317425468
3011271,1.7289023348718593
3011272,18.71179130966769
3011273,1.7289023348718593
3011274,11.02996916721698
3011275,124.22641859134679
3011276,2.3355057151335883
3011277,2.280344747151386
3011278,10.878646918711596
3011279,7.325557462736501
3011280,52.391383528839256
3011281,1.7747904673466968
3011282,3.0991592274368385
3011448,1.7747904673466968
3011449,1.7289023348718593
3011450,4.017443504344767
3011451,479.80518003941467
3011452,1.7289023348718593
3011453,87.43740659875584
3011454,2.478982317425468
3011455,135.06105623671024
3011456,315.8390437986019
3011457,97.3849441687948
3011458,10.81006190651216
3011459,10.907487902122408
3011460,767.9020934786168
3011461,3.0934167070306104
3011462,1.7289023348718593
3011463,8.428581352568932
3011464,8.417527116245664
3011465,1.7289023348718593
3011466,92.94043160478408
3011467,2.421448603316851
3011468,2.478982317425468
3011469,6.35884617809214
3011470,13.547552369186745
3011471,1.7289023348718593
3011472,11.02996916721698
3011473,124.22641859134679
3011474,2.3355057151335883
3011475,2.280344747151386
3011476,10.878646918711596
3011477,7.325557462736501
3011478,52.391383528839256
3011479,1.7747904673466968
3011480,3.0991592274368385
3011481,1.7747904673466968
3011482,1.7289023348718593
3011483,4.62106415351137
3011484,336.74438447730023
3011485,1.7289023348718593
3011486,109.88655466020607
3011487,2.478982317425468
3011488,122.67338401195971
3011489,364.6279208986098
3011490,94.53345420341326
3011491,10.81006190651216
3011492,10.907487902122408
3011493,764.5639861615891
3011494,3.0934167070306104
3011495,1.7289023348718593
3011496,8.428581352568932
3011497,10.919911779269496
3011498,1.7289023348718593
3011499,92.94043160478408
3011500,2.421448603316851
3011501,2.478982317425468
3011502,1.7289023348718593
3011503,26.87741540173207
3011504,1.7289023348718593
3011505,11.02996916721698
3011506,102.28289786989494
3011507,2.3355057151335883
3011508,2.280344747151386
3011509,10.878646918711596
3011510,7.325557462736501
3011511,52.391383528839256
3011512,1.7747904673466968
3011513,3.0991592274368385
3011514,1.7747904673466968
3011515,1.7289023348718593
3011516,4.62106415351137
3011517,382.9302147317577
3011518,1.7289023348718593
3011519,109.88655466020607
3011520,2.478982317425468
3011521,135.06105623671024
3011522,315.8390437986019
3011523,100.70526278442351
3011524,10.81006190651216
3011525,10.907487902122408
3011526,767.9020934786168
3011527,3.0934167070306104
3011528,1.7289023348718593
3011529,9.571657118938417
3011530,8.417527116245664
3011531,1.7289023348718593
3011532,90.87161237604727
3011533,2.421448603316851
3011534,2.478982317425468
3011535,4.62106415351137
3011536,22.599103389919506
3011537,1.7289023348718593
3011538,11.02996916721698
3011539,99.00932513236147
3011540,2.3355057151335883
3011541,2.280344747151386
3011542,10.878646918711596
3011543,7.325557462736501
3011544,59.468024190162105
3011545,1.7747904673466968
3011546,3.0991592274368385
3011547,1.7492666456720958
3011548,1.7038006137212625
3011549,3.9712907101881276
3011550,721.1836543886831
3011551,1.7038006137212625
3011552,102.58895955832567
3011553,2.366508520304957
3011554,545.9414246886425
3011555,256.1347545124904
3011556,92.11478505643232
3011557,280.1156989385239
3011558,10.789297433401892
3011559,765.1607989544127
3011560,3.034771919825194
3011561,1.7038006137212625
3011562,3.7863999518502442
3011563,8.31016978997425
3011564,1.7038006137212625
3011565,108.63461705339323
3011566,2.3108348430398244
3011567,2.366508520304957
3011568,3.9712907101881276
3011569,26.63894290397727
3011570,1.7038006137212625
3011571,10.915547816734282
3011572,123.74667126997011
3011573,2.2910741633944784
3011574,2.2366479827615406
3011575,10.76566484839591
3011576,7.251220939668757
3011577,42.432206180164165
3011578,11.126706810595394
3011579,2.9666354140785125
3009831,1.8116841580619032
3009832,1.7517968874703223
3009833,1.8116841580619032
3009834,518.0019742115888
3009835,1.7517968874703223
3009836,94.03368713638768
3009837,2.4726708496907266
3009838,317.9247616063916
3009839,108.18846271076332
3009840,65.73877527480319
3009841,117.65693109561377
3009842,14.704938390086753
3009843,790.040936896342
3009844,3.2273104292866943
3009845,1.7517968874703223
3009846,4.335134770418882
3009847,3.614132249509807
3009848,1.7517968874703223
3009849,107.21261140376717
3009850,2.398704939168876
3009851,2.4726708496907266
3009852,1.7517968874703223
3009853,6.291304557955158
3009854,1.7517968874703223
3009855,14.917649889415943
3009856,113.89607520596488
3009857,2.3793254727066504
3009858,2.307347765530427
3009859,14.717425388529287
3009860,8.54863899933723
3009861,67.39107737872997
3009862,3.987923622670553
3009863,3.2332407848163296
3009864,1.7470938312046247
3009865,1.7016637322005486
3009866,1.7470938312046247
3009867,732.9294993285436
3009868,1.7016637322005486
3009869,92.98789459306016
3009870,2.3638478840842767
3009871,466.7431459776929
3009872,170.83085622626055
3009873,99.96254671504147
3009874,253.70026395443654
3009875,10.753800374939532
3009876,762.8539223296021
3009877,3.027164636702434
3009878,1.7016637322005486
3009879,8.313512889222368
3009880,8.292616109389403
3009881,1.7016637322005486
3009882,92.30681165663681
3009883,2.3082182071243196
3009884,2.3638478840842767
3009885,1.7016637322005486
3009886,13.390477929421827
3009887,1.7016637322005486
3009888,10.879670623894667
3009889,98.27899387092712
3009890,2.2884731448403115
3009891,2.2340899785846355
3009892,10.730238946612415
3009893,7.2356638338288715
3009894,58.25565246479587
3009895,7.674694444668802
3009896,2.9635004825037736
3009897,1.8116841580619032
3009898,1.7517968874703223
3009899,3.987923622670553
3009900,518.0019742115888
3009901,1.7517968874703223
3009902,108.00249760633244
3009903,2.4726708496907266
3009904,281.6391964838772
3009905,162.8093189834204
3009906,102.8429339905745
3009907,117.65693109561377
3009908,14.704938390086753
3009909,790.040936896342
3009910,3.2273104292866943
3009911,1.7517968874703223
3009912,4.335134770418882
3009913,7.785346209059101
3009914,1.7517968874703223
3009915,107.21261140376717
3009916,2.398704939168876
3009917,2.4726708496907266
3009918,6.297028541052821
3009919,17.697413394950388
3009920,1.7517968874703223
3009921,14.917649889415943
3009922,107.21261140376717
3009923,2.3793254727066504
3009924,2.307347765530427
3009925,14.717425388529287
3009926,8.54863899933723
3009927,56.259571758049894
3009928,6.297028541052821
3009929,3.2332407848163296
3009930,1.8116841580619032
3009931,1.7517968874703223
3009932,1.8116841580619032
3009933,421.7227210848811
3009934,1.7517968874703223
3009935,106.27766365534556
3009936,2.4726708496907266
3009937,456.84416843654134
3009938,120.38631439359119
3009939,54.87620254510638
3009940,103.12445886089056
3009941,14.704938390086753
3009942,790.040936896342
3009943,3.2273104292866943
3009944,1.7517968874703223
3009945,9.158141010175507
3009946,7.785346209059101
3009947,1.7517968874703223
3009948,105.50027645573462
3009949,2.398704939168876
3009950,2.4726708496907266
3009951,1.7517968874703223
3009952,17.697413394950388
3009953,1.7517968874703223
3009954,14.917649889415943
3009955,113.89607520596488
3009956,2.3793254727066504
3009957,2.307347765530427
3009958,14.717425388529287
3009959,8.54863899933723
3009960,56.259571758049894
3009961,4.575989432102584
3009962,3.2332407848163296
3009963,1.8137437405402945
3009964,1.7538126020153846
3009965,1.8137437405402945
3009966,658.8312289260099
3009967,1.7538126020153846
3009968,104.4092716008891
3009969,2.475214610523442
3009970,400.2803355927507
3009971,145.51389173731806
3009972,88.5767904871286
3009973,112.4281029886414
3009974,15.09468410692995
3009975,809.6720114886227
3009976,3.230406970007997
3009977,1.7538126020153846
3009978,4.39956584596318
3009979,7.891444616997589
3009980,1.7538126020153846
3009981,95.68636391249427
3009982,2.4011945193451787
3009983,2.475214610523442
3009984,1.7538126020153846
3009985,6.3793598021066025
3009986,1.7538126020153846
3009987,15.312674416893575
3009988,116.74742374878278
3009989,2.381800857259504
3009990,2.3097704258026712
3009991,15.1074809922398
3009992,8.663955501578695
3009993,57.68056891745687
3009994,5.202080101289157
3009995,3.236341669573325
3009996,1.8116841580619032
3009997,1.7517968874703223
3009998,3.987923622670553
3009999,705.0269382743548
3010000,1.7517968874703223
3010001,85.57747578001266
3010002,2.4726708496907266
3010003,502.87625940370447
3010004,128.19414096370903
3010005,109.04765870425358
3010006,139.91113077461495
3010007,14.704938390086753
3010008,790.040936896342
3010009,3.2273104292866943
3010010,1.7517968874703223
3010011,10.328380891427697
3010012,3.614132249509807
3010013,1.7517968874703223
3010014,105.50027645573462
3010015,2.398704939168876
3010016,2.4726708496907266
3010017,1.7517968874703223
3010018,6.291304557955158
3010019,1.7517968874703223
3010020,47.622109623748564
3010021,113.89607520596488
3010022,2.3793254727066504
3010023,2.307347765530427
3010024,47.01050315551329
3010025,8.54863899933723
3010026,88.57163264602599
3010027,6.297028541052821
3010028,3.2332407848163296
3010029,1.8137437405402945
3010030,1.7538126020153846
3010031,1.8137437405402945
3010032,575.1131154794618
3010033,1.7538126020153846
3010034,110.7075866370601
3010035,2.475214610523442
3010036,400.2803355927507
3010037,112.6972902133316
3010038,105.41997935948878
3010039,128.63794447115734
3010040,15.09468410692995
3010041,809.6720114886227
3010042,3.230406970007997
3010043,1.7538126020153846
3010044,9.280818314307579
3010045,7.891444616997589
3010046,1.7538126020153846
3010047,113.01093699762731
3010048,2.4011945193451787
3010049,2.475214610523442
3010050,1.7538126020153846
3010051,15.016225495132982
3010052,1.7538126020153846
3010053,15.312674416893575
3010054,116.74742374878278
3010055,2.381800857259504
3010056,2.3097704258026712
3010057,15.1074809922398
3010058,8.663955501578695
3010059,18.210535259942734
3010060,1.8137437405402945
3010061,3.236341669573325
3010062,1.8137437405402945
3010063,1.7538126020153846
3010064,3.991577319003177
3010065,575.1131154794618
3010066,1.7538126020153846
3010067,121.48922966098475
3010068,2.475214610523442
3010069,366.5555096292896
3010070,247.6203373967957
3010071,111.77868524910627
3010072,217.48490640907906
3010073,15.09468410692995
3010074,809.6720114886227
3010075,3.230406970007997
3010076,1.7538126020153846
3010077,9.280818314307579
3010078,7.891444616997589
3010079,1.7538126020153846
3010080,113.01093699762731
3010081,2.4011945193451787
3010082,2.475214610523442
3010083,4.580073891625225
3010084,15.016225495132982
3010085,1.7538126020153846
3010086,15.312674416893575
3010087,120.60161190362403
3010088,2.381800857259504
3010089,2.3097704258026712
3010090,48.201968381518824
3010091,8.663955501578695
3010092,18.210535259942734
3010093,9.4058471114399
3010094,3.236341669573325
3010095,1.745083034613688
3010096,1.6996861891836859
3010097,4.560883975154329
3010098,599.1275357178343
3010099,1.6996861891836859
3010100,90.71190215298603
3010101,2.3613856406104965
3010102,282.0498959424707
3010103,306.1367210645126
3010104,97.5176574657505
3010105,351.4712600900483
3010106,10.469172648025017
3010107,744.3565854111564
3010108,2.979109930761456
3010109,1.6996861891836859
3010110,3.7203688236802774
3010111,3.2045971756181233
3010112,1.6996861891836859
3010113,92.71224979847578
3010114,2.305796683033152
3010115,2.3613856406104965
3010116,4.560883975154329
3010117,18.266282944093792
3010118,1.6996861891836859
3010119,10.591994847693682
3010120,99.04584694878508
3010121,2.286066073587805
3010122,2.231722714303434
3010123,36.60540239945031
3010124,7.137390621912848
3010125,41.2528546742401
3010126,10.328661384671047
3010127,2.960599309938111
3010128,1.8116841580619032
3010129,1.7517968874703223
3010130,1.8116841580619032
3010131,605.8551458328095
3010132,1.7517968874703223
3010133,108.00249760633244
3010134,2.4726708496907266
3010135,390.5630096103583
3010136,113.05814686185573
3010137,107.30628633088617
3010138,125.49865740827957
3010139,14.704938390086753
3010140,790.040936896342
3010141,3.2273104292866943
3010142,1.7517968874703223
3010143,4.335134770418882
3010144,3.614132249509807
3010145,1.7517968874703223
3010146,110.250070485872
3010147,2.398704939168876
3010148,2.4726708496907266
3010149,1.7517968874703223
3010150,6.291304557955158
3010151,1.7517968874703223
3010152,14.917649889415943
3010153,125.49865740827957
3010154,2.3793254727066504
3010155,2.307347765530427
3010156,14.717425388529287
3010157,8.54863899933723
3010158,56.259571758049894
3010159,5.197540350450389
3010160,3.2332407848163296
3010194,1.7470938312046247
3010195,1.7016637322005486
3010196,3.967361774304768
3010197,675.968438144497
3010198,1.7016637322005486
3010199,95.73890249498785
3010200,2.3638478840842767
3010201,513.8563571624911
3010202,281.0962130647371
3010203,99.96254671504147
3010204,279.26927187564945
3010205,10.753800374939532
3010206,762.8539223296021
3010207,3.027164636702434
3010208,1.7016637322005486
3010209,3.7773755261092052
3010210,7.29587082108052
3010211,1.7016637322005486
3010212,92.30681165663681
3010213,2.3082182071243196
3010214,2.3638478840842767
3010215,1.7016637322005486
3010216,13.390477929421827
3010217,1.7016637322005486
3010218,10.879670623894667
3010219,123.3710645039122
3010220,2.2884731448403115
3010221,2.2340899785846355
3010222,10.730238946612415
3010223,7.2356638338288715
3010224,42.30143370872252
3010225,9.217003358250393
3010226,2.9635004825037736
3010227,1.7470938312046247
3010228,1.7016637322005486
3010229,3.967361774304768
3010230,614.0207578875769
3010231,1.7016637322005486
3010232,95.73890249498785
3010233,2.3638478840842767
3010234,466.7431459776929
3010235,103.88705676928235
3010236,99.96254671504147
3010237,311.8097772241568
3010238,10.753800374939532
3010239,762.8539223296021
3010240,3.027164636702434
3010241,1.7016637322005486
3010242,3.7773755261092052
3010243,8.292616109389403
3010244,1.7016637322005486
3010245,92.30681165663681
3010246,2.3082182071243196
3010247,2.3638478840842767
3010248,1.7016637322005486
3010249,18.498956978630176
3010250,1.7016637322005486
3010251,10.879670623894667
3010252,98.27899387092712
3010253,2.2884731448403115
3010254,5.312990671715637
3010255,10.730238946612415
3010256,7.2356638338288715
3010257,42.30143370872252
3010258,1.7470938312046247
3010259,2.9635004825037736
3010260,1.8137437405402945
3010261,1.7538126020153846
3010262,1.8137437405402945
3010263,620.9153255010013
3010264,1.7538126020153846
3010265,113.84314744803345
3010266,2.475214610523442
3010267,366.5555096292896
3010268,110.89816679321126
3010269,109.9940976521519
3010270,128.63794447115734
3010271,15.09468410692995
3010272,809.6720114886227
3010273,3.230406970007997
3010274,1.7538126020153846
3010275,9.280818314307579
3010276,3.6698559596563474
3010277,1.7538126020153846
3010278,103.6454236975073
3010279,2.4011945193451787
3010280,2.475214610523442
3010281,1.7538126020153846
3010282,17.923217335576712
3010283,1.7538126020153846
3010284,15.312674416893575
3010285,113.01093699762731
3010286,2.381800857259504
3010287,2.3097704258026712
3010288,15.1074809922398
3010289,8.663955501578695
3010290,57.68056891745687
3010291,7.790169566245503
3010292,3.236341669573325
3010293,1.772597480762022
3010294,1.7267456148305858
3010295,4.616621685359159
3010296,150.1204379025274
3010297,1.7267456148305858
3010298,93.34122441743935
3010299,2.472422937120056
3010300,118.80718242548464
3010301,145.27412547084563
3010302,88.01654671192085
3010303,10.774502327130289
3010304,10.871634977332844
3010305,755.6784784040643
3010306,3.085698853221623
3010307,1.7267456148305858
3010308,8.410804415180587
3010309,8.399771020854613
3010310,1.7267456148305858
3010311,76.52942499709688
3010312,2.414997698846263
3010313,2.472422937120056
3010314,4.013478092749234
3010315,16.324533976536234
3010316,1.7267456148305858
3010317,10.993747456700177
3010318,98.70820143257707
3010319,2.3328695812083526
3010320,2.277752208324305
3010321,10.842880832860487
3010322,7.309860200528782
3010323,59.285957616483095
3010324,1.772597480762022
3010325,3.0914305465031866
3010326,1.772597480762022
3010327,1.7267456148305858
3010328,4.616621685359159
3010329,335.72745092134795
3010330,1.7267456148305858
3010331,109.55268009849462
3010332,2.472422937120056
3010333,118.80718242548464
3010334,282.10554270575847
3010335,94.2458071550521
3010336,10.774502327130289
3010337,10.871634977332844
3010338,765.5869629360012
3010339,3.085698853221623
3010340,1.7267456148305858
3010341,9.551724991329081
3010342,8.399771020854613
3010343,1.7267456148305858
3010344,90.5949909731209
3010345,2.414997698846263
3010346,2.472422937120056
3010347,1.7267456148305858
3010348,18.674626091824127
3010349,1.7267456148305858
3010350,38.40438026492588
3010351,98.70820143257707
3010352,2.3328695812083526
3010353,2.277752208324305
3010354,10.842880832860487
3010355,7.309860200528782
3010356,59.285957616483095
3010357,1.772597480762022
3010358,3.0914305465031866
3010359,1.772597480762022
3010360,1.7267456148305858
3010361,4.013478092749234
3010362,335.72745092134795
3010363,1.7267456148305858
3010364,109.55268009849462
3010365,2.472422937120056
3010366,118.80718242548464
3010367,256.27778136917317
3010368,92.14824006990263
3010369,10.774502327130289
3010370,10.871634977332844
3010371,737.2845611982427
3010372,3.085698853221623
3010373,1.7267456148305858
3010374,3.827281309301763
3010375,7.391532074369735
3010376,1.7267456148305858
3010377,65.6513760964384
3010378,2.414997698846263
3010379,2.472422937120056
3010380,1.7267456148305858
3010381,18.674626091824127
3010382,1.7267456148305858
3010383,10.993747456700177
3010384,86.53219369918367
3010385,2.3328695812083526
3010386,2.277752208324305
3010387,10.842880832860487
3010388,7.309860200528782
3010389,43.054335556390896
3010390,1.772597480762022
3010391,3.0914305465031866
3010392,1.772597480762022
3010393,1.7267456148305858
3010394,1.772597480762022
3010395,170.60540389484044
3010396,1.7267456148305858
3010397,91.26357866040799
3010398,2.472422937120056
3010399,118.80718242548464
3010400,88.60197597149576
3010401,66.78163648099849
3010402,10.774502327130289
3010403,10.871634977332844
3010404,737.2845611982427
3010405,3.085698853221623
3010406,1.7267456148305858
3010407,3.827281309301763
3010408,3.304444567317459
3010409,1.7267456148305858
3010410,65.6513760964384
3010411,2.414997698846263
3010412,2.472422937120056
3010413,1.7267456148305858
3010414,16.324533976536234
3010415,1.7267456148305858
3010416,38.40438026492588
3010417,76.52942499709688
3010418,2.3328695812083526
3010419,2.277752208324305
3010420,37.90872151968995
3010421,7.309860200528782
3010422,43.054335556390896
3010423,1.772597480762022
3010424,3.0914305465031866
3010425,1.772597480762022
3010426,1.7267456148305858
3010427,4.616621685359159
3010428,381.77421766282407
3010429,1.7267456148305858
3010430,99.43601061833184
3010431,2.472422937120056
3010432,122.3010088668495
3010433,363.52703123517307
3010434,94.2458071550521
3010435,10.774502327130289
3010436,10.871634977332844
3010437,760.6540588446071
3010438,3.085698853221623
3010439,1.7267456148305858
3010440,8.410804415180587
3010441,8.399771020854613
3010442,1.7267456148305858
3010443,90.5949909731209
3010444,2.414997698846263
3010445,2.472422937120056
3010446,1.7267456148305858
3010447,26.82485446497881
3010448,1.7267456148305858
3010449,10.993747456700177
3010450,98.70820143257707
3010451,2.3328695812083526
3010452,2.277752208324305
3010453,10.842880832860487
3010454,7.309860200528782
3010455,59.285957616483095
3010456,1.772597480762022
3010457,3.0914305465031866
3010458,1.7470938312046247
3010459,1.7016637322005486
3010460,1.7470938312046247
3010461,719.0091910209362
3010462,1.7016637322005486
3010463,102.27705773599325
3010464,2.3638478840842767
3010465,513.8563571624911
3010466,281.0962130647371
3010467,96.66647516317121
3010468,339.23530019186154
3010469,10.753800374939532
3010470,762.8539223296021
3010471,2.957948006706167
3010472,1.7016637322005486
3010473,9.442638309616529
3010474,7.29587082108052
3010475,1.7016637322005486
3010476,86.29206168103369
3010477,2.3082182071243196
3010478,2.3638478840842767
3010479,1.7016637322005486
3010480,16.16984816416285
3010481,1.7016637322005486
3010482,10.879670623894667
3010483,98.27899387092712
3010484,2.2884731448403115
3010485,2.2340899785846355
3010486,37.53864671733966
3010487,7.2356638338288715
3010488,42.30143370872252
3010489,1.7951350325941688
3010490,2.9635004825037736
3010491,1.7470938312046247
3010492,1.7016637322005486
3010493,1.7470938312046247
3010494,694.0360162322053
3010495,1.7016637322005486
3010496,123.45384103746544
3010497,2.3638478840842767
3010498,486.03038435229
3010499,313.7588599450903
3010500,93.88908945796103
3010501,339.23530019186154
3010502,10.753800374939532
3010503,762.8539223296021
3010504,2.957948006706167
3010505,1.7016637322005486
3010506,8.313512889222368
3010507,3.2553750340815446
3010508,1.7016637322005486
3010509,95.03788438980592
3010510,2.3082182071243196
3010511,2.3638478840842767
3010512,1.7016637322005486
3010513,16.16984816416285
3010514,1.7016637322005486
3010515,10.879670623894667
3010516,86.29206168103369
3010517,2.2884731448403115
3010518,2.2340899785846355
3010519,10.730238946612415
3010520,7.2356638338288715
3010521,42.30143370872252
3010522,1.7951350325941688
3010523,2.9635004825037736
3010557,1.8137437405402945
3010558,1.7538126020153846
3010559,1.8137437405402945
3010560,486.1809400989454
3010561,1.7538126020153846
3010562,104.4092716008891
3010563,2.475214610523442
3010564,255.19095292240831
3010565,145.51389173731806
3010566,67.39501557098505
3010567,143.40808875756395
3010568,15.09468410692995
3010569,809.6720114886227
3010570,3.230406970007997
3010571,1.7538126020153846
3010572,9.280818314307579
3010573,7.891444616997589
3010574,1.7538126020153846
3010575,95.68636391249427
3010576,2.4011945193451787
3010577,2.475214610523442
3010578,1.7538126020153846
3010579,6.3793598021066025
3010580,1.7538126020153846
3010581,15.312674416893575
3010582,103.6454236975073
3010583,2.381800857259504
3010584,2.3097704258026712
3010585,15.1074809922398
3010586,8.663955501578695
3010587,18.210535259942734
3010588,1.8137437405402945
3010589,3.236341669573325
3010590,1.7470938312046247
3010591,1.7016637322005486
3010592,1.7470938312046247
3010593,719.0091910209362
3010594,1.7016637322005486
3010595,86.92924060335028
3010596,2.3638478840842767
3010597,537.5375730796179
3010598,144.71374355885982
3010599,87.77234258419001
3010600,123.3710645039122
3010601,10.753800374939532
3010602,762.8539223296021
3010603,3.027164636702434
3010604,1.7016637322005486
3010605,8.313512889222368
3010606,8.292616109389403
3010607,1.7016637322005486
3010608,92.30681165663681
3010609,2.3082182071243196
3010610,2.3638478840842767
3010611,1.7016637322005486
3010612,13.390477929421827
3010613,1.7016637322005486
3010614,10.879670623894667
3010615,92.30681165663681
3010616,2.2884731448403115
3010617,2.2340899785846355
3010618,10.730238946612415
3010619,7.2356638338288715
3010620,42.30143370872252
3010621,1.7470938312046247
3010622,2.9635004825037736
3010623,1.8137437405402945
3010624,1.7538126020153846
3010625,1.8137437405402945
3010626,486.1809400989454
3010627,1.7538126020153846
3010628,104.4092716008891
3010629,2.475214610523442
3010630,255.19095292240831
3010631,106.28679139153581
3010632,56.26286896012165
3010633,116.74742374878278
3010634,15.09468410692995
3010635,809.6720114886227
3010636,3.230406970007997
3010637,1.7538126020153846
3010638,4.39956584596318
3010639,3.6698559596563474
3010640,1.7538126020153846
3010641,74.64855325701873
3010642,2.4011945193451787
3010643,2.475214610523442
3010644,1.7538126020153846
3010645,17.923217335576712
3010646,1.7538126020153846
3010647,15.312674416893575
3010648,95.68636391249427
3010649,2.381800857259504
3010650,2.3097704258026712
3010651,15.1074809922398
3010652,8.663955501578695
3010653,57.68056891745687
3010654,1.8137437405402945
3010655,3.236341669573325
3010656,1.8137437405402945
3010657,1.7538126020153846
3010658,1.8137437405402945
3010659,722.5482407037887
3010660,1.7538126020153846
3010661,117.60690827836063
3010662,2.475214610523442
3010663,255.19095292240831
3010664,119.62204001221815
3010665,105.41997935948878
3010666,217.48490640907906
3010667,15.09468410692995
3010668,809.6720114886227
3010669,3.230406970007997
3010670,1.7538126020153846
3010671,9.280818314307579
3010672,7.891444616997589
3010673,1.7538126020153846
3010674,109.8980980166696
3010675,2.4011945193451787
3010676,2.475214610523442
3010677,1.7538126020153846
3010678,6.3793598021066025
3010679,1.7538126020153846
3010680,15.312674416893575
3010681,108.14326845992099
3010682,2.381800857259504
3010683,2.3097704258026712
3010684,15.1074809922398
3010685,8.663955501578695
3010686,57.68056891745687
3010687,1.8137437405402945
3010688,3.236341669573325
3010689,1.7470938312046247
3010690,1.7016637322005486
3010691,1.7470938312046247
3010692,433.0725447688982
3010693,1.7016637322005486
3010694,123.45384103746544
3010695,2.3638478840842767
3010696,537.5375730796179
3010697,110.63361590814291
3010698,91.8344205149887
3010699,169.29441031059434
3010700,10.753800374939532
3010701,762.8539223296021
3010702,3.027164636702434
3010703,1.7016637322005486
3010704,3.7773755261092052
3010705,7.29587082108052
3010706,1.7016637322005486
3010707,95.03788438980592
3010708,2.3082182071243196
3010709,2.3638478840842767
3010710,1.7016637322005486
3010711,5.445331316936598
3010712,1.7016637322005486
3010713,10.879670623894667
3010714,101.52866091263047
3010715,2.2884731448403115
3010716,2.2340899785846355
3010717,10.730238946612415
3010718,7.2356638338288715
3010719,12.179916976837614
3010720,1.7470938312046247
3010721,2.9635004825037736
3010722,1.8137437405402945
3010723,1.7538126020153846
3010724,1.8137437405402945
3010725,658.8312289260099
3010726,1.7538126020153846
3010727,104.4092716008891
3010728,2.475214610523442
3010729,325.8394414824864
3010730,67.71925894008801
3010731,105.41997935948878
3010732,143.40808875756395
3010733,15.09468410692995
3010734,809.6720114886227
3010735,3.230406970007997
3010736,1.7538126020153846
3010737,4.39956584596318
3010738,3.6698559596563474
3010739,1.7538126020153846
3010740,108.14326845992099
3010741,2.4011945193451787
3010742,2.475214610523442
3010743,1.7538126020153846
3010744,17.923217335576712
3010745,1.7538126020153846
3010746,15.312674416893575
3010747,108.14326845992099
3010748,2.381800857259504
3010749,2.3097704258026712
3010750,15.1074809922398
3010751,8.663955501578695
3010752,57.68056891745687
3010753,1.8137437405402945
3010754,3.236341669573325
3010755,1.7470938312046247
3010756,1.7016637322005486
3010757,1.7470938312046247
3010758,724.7481640196535
3010759,1.7016637322005486
3010760,102.27705773599325
3010761,2.3638478840842767
3010762,466.7431459776929
3010763,144.71374355885982
3010764,87.77234258419001
3010765,279.26927187564945
3010766,10.753800374939532
3010767,762.8539223296021
3010768,2.957948006706167
3010769,1.7016637322005486
3010770,3.7773755261092052
3010771,7.29587082108052
3010772,1.7016637322005486
3010773,92.30681165663681
3010774,2.3082182071243196
3010775,2.3638478840842767
3010776,1.7016637322005486
3010777,13.390477929421827
3010778,1.7016637322005486
3010779,10.879670623894667
3010780,98.27899387092712
3010781,2.2884731448403115
3010782,2.2340899785846355
3010783,10.730238946612415
3010784,7.2356638338288715
3010785,51.32089702567551
3010786,1.7951350325941688
3010787,2.9635004825037736
3010788,1.772597480762022
3010789,1.7267456148305858
3010790,4.616621685359159
3010791,246.67299836737078
3010792,1.7267456148305858
3010793,109.55268009849462
3010794,2.472422937120056
3010795,130.53306721847756
3010796,314.88505530824324
3010797,97.08871140897986
3010798,10.774502327130289
3010799,10.871634977332844
3010800,764.2084901350712
3010801,3.085698853221623
3010802,1.7267456148305858
3010803,3.827281309301763
3010804,8.399771020854613
3010805,1.7267456148305858
3010806,90.5949909731209
3010807,2.414997698846263
3010808,2.472422937120056
3010809,1.7267456148305858
3010810,16.324533976536234
3010811,1.7267456148305858
3010812,10.993747456700177
3010813,108.75156050413653
3010814,2.3328695812083526
3010815,2.277752208324305
3010816,10.842880832860487
3010817,7.309860200528782
3010818,59.285957616483095
3010819,1.772597480762022
3010820,3.0914305465031866
3010821,1.772597480762022
3010822,1.7267456148305858
3010823,4.013478092749234
3010824,290.986936655452
3010825,1.7267456148305858
3010826,99.43601061833184
3010827,2.472422937120056
3010828,134.65138235283632
3010829,145.27412547084563
3010830,97.08871140897986
3010831,10.774502327130289
3010832,10.871634977332844
3010833,765.5869629360012
3010834,3.085698853221623
3010835,1.7267456148305858
3010836,8.410804415180587
3010837,7.391532074369735
3010838,1.7267456148305858
3010839,86.53219369918367
3010840,2.414997698846263
3010841,2.472422937120056
3010842,1.7267456148305858
3010843,31.07034185053857
3010844,1.7267456148305858
3010845,10.993747456700177
3010846,101.97191758590768
3010847,2.3328695812083526
3010848,2.277752208324305
3010849,10.842880832860487
3010850,7.309860200528782
3010851,52.23062441039167
3010852,1.772597480762022
3010853,3.0914305465031866
3010854,1.7470938312046247
3010855,1.7016637322005486
3010856,1.7470938312046247
3010857,675.968438144497
3010858,1.7016637322005486
3010859,95.73890249498785
3010860,2.3638478840842767
3010861,486.03038435229
3010862,362.22741719702094
3010863,96.66647516317121
3010864,339.23530019186154
3010865,10.753800374939532
3010866,762.8539223296021
3010867,3.027164636702434
3010868,1.7016637322005486
3010869,3.7773755261092052
3010870,7.29587082108052
3010871,1.7016637322005486
3010872,95.03788438980592
3010873,2.3082182071243196
3010874,2.3638478840842767
3010875,3.967361774304768
3010876,16.16984816416285
3010877,1.7016637322005486
3010878,10.879670623894667
3010879,101.52866091263047
3010880,2.2884731448403115
3010881,2.2340899785846355
3010882,10.730238946612415
3010883,7.2356638338288715
3010884,42.30143370872252
3010885,6.285393682338485
3010886,2.9635004825037736
3010920,1.8137437405402945
3010921,1.7538126020153846
3010922,1.8137437405402945
3010923,771.8545981462975
3010924,1.7538126020153846
3010925,113.84314744803345
3010926,2.475214610523442
3010927,515.3808365655942
3010928,131.4003212002151
3010929,109.9940976521519
3010930,165.08129447142835
3010931,15.09468410692995
3010932,809.6720114886227
3010933,3.230406970007997
3010934,1.7538126020153846
3010935,9.280818314307579
3010936,3.6698559596563474
3010937,1.7538126020153846
3010938,113.01093699762731
3010939,2.4011945193451787
3010940,2.475214610523442
3010941,1.7538126020153846
3010942,15.016225495132982
3010943,1.7538126020153846
3010944,15.312674416893575
3010945,113.01093699762731
3010946,2.381800857259504
3010947,2.3097704258026712
3010948,48.201968381518824
3010949,8.663955501578695
3010950,57.68056891745687
3010951,1.8137437405402945
3010952,3.236341669573325
3010953,1.772597480762022
3010954,1.7267456148305858
3010955,4.013478092749234
3010956,434.6256400090957
3010957,1.7267456148305858
3010958,109.55268009849462
3010959,2.472422937120056
3010960,130.53306721847756
3010961,282.10554270575847
3010962,97.08871140897986
3010963,10.774502327130289
3010964,10.871634977332844
3010965,764.2084901350712
3010966,3.085698853221623
3010967,1.7267456148305858
3010968,3.827281309301763
3010969,7.391532074369735
3010970,1.7267456148305858
3010971,65.6513760964384
3010972,2.414997698846263
3010973,2.472422937120056
3010974,1.7267456148305858
3010975,16.324533976536234
3010976,1.7267456148305858
3010977,10.993747456700177
3010978,90.5949909731209
3010979,2.3328695812083526
3010980,5.398219979149273
3010981,10.842880832860487
3010982,7.309860200528782
3010983,59.285957616483095
3010984,1.772597480762022
3010985,3.0914305465031866
3010986,1.772597480762022
3010987,1.7267456148305858
3010988,4.616621685359159
3010989,176.57137954423433
3010990,1.7267456148305858
3010991,99.43601061833184
3010992,2.472422937120056
3010993,130.53306721847756
3010994,282.10554270575847
3010995,100.3990326906131
3010996,10.774502327130289
3010997,10.871634977332844
3010998,765.5869629360012
3010999,3.085698853221623
3011000,1.7267456148305858
3011001,3.827281309301763
3011002,7.391532074369735
3011003,1.7267456148305858
3011004,90.5949909731209
3011005,2.414997698846263
3011006,2.472422937120056
3011007,4.013478092749234
3011008,26.82485446497881
3011009,1.7267456148305858
3011010,10.993747456700177
3011011,123.84936732710649
3011012,2.3328695812083526
3011013,2.277752208324305
3011014,10.842880832860487
3011015,7.309860200528782
3011016,59.285957616483095
3011017,1.772597480762022
3011018,3.0914305465031866
3011019,1.7470938312046247
3011020,1.7016637322005486
3011021,3.967361774304768
3011022,614.0207578875769
3011023,1.7016637322005486
3011024,95.73890249498785
3011025,2.3638478840842767
3011026,404.3281564238613
3011027,281.0962130647371
3011028,93.88908945796103
3011029,253.70026395443654
3011030,10.753800374939532
3011031,762.8539223296021
3011032,2.957948006706167
3011033,1.7016637322005486
3011034,8.313512889222368
3011035,7.29587082108052
3011036,1.7016637322005486
3011037,90.28640436667553
3011038,2.3082182071243196
3011039,2.3638478840842767
3011040,1.7016637322005486
3011041,18.498956978630176
3011042,1.7016637322005486
3011043,10.879670623894667
3011044,101.52866091263047
3011045,2.2884731448403115
3011046,2.2340899785846355
3011047,10.730238946612415
3011048,7.2356638338288715
3011049,12.179916976837614
3011050,1.7951350325941688
3011051,2.9635004825037736
3011052,1.4616707397224218
3011053,1.4143024133093034
3011054,4.245381359345849
3011055,471.1362032329976
3011056,1.4143024133093034
3011057,84.44044013674124
3011058,1.7164465618095028
3011059,119.62668660885376
3011060,563.6883659971691
3011061,76.92041764426622
3011062,2.7094434245681347
3011063,2.738157207460168
3011064,1301.6131720805674
3011065,1.789922201977288
3011066,1.4143024133093034
3011067,6.5136419083908095
3011068,7.981875609027654
3011069,1.4143024133093034
3011070,73.14116474357427
3011071,13.791317242907294
3011072,1.7164465618095028
3011073,10.246019777861788
3011074,24.298541108369736
3011075,1.4327181711774921
3011076,2.775016104634192
3011077,91.06296850865047
3011078,1.7037899909980783
3011079,5.384737144465954
3011080,2.730985413470565
3011081,2.5500193740478516
3011082,36.263511307705045
3011083,13.09406493360963
3011084,1.7906867217270452
3011085,1.4616707397224218
3011086,1.4143024133093034
3011087,5.043213664135698
3011088,649.5340984259266
3011089,1.4143024133093034
3011090,91.64911233603604
3011091,1.7164465618095028
3011092,110.42568793936687
3011093,515.6615348445321
3011094,76.92041764426622
3011095,2.7094434245681347
3011096,2.738157207460168
3011097,1301.6131720805674
3011098,1.789922201977288
3011099,1.4143024133093034
3011100,2.1221462863301674
3011101,7.981875609027654
3011102,1.4143024133093034
3011103,70.06467396564095
3011104,7.5283815702350445
3011105,1.7164465618095028
3011106,10.246019777861788
3011107,11.787685223967378
3011108,1.4327181711774921
3011109,2.775016104634192
3011110,138.84196273051293
3011111,1.7037899909980783
3011112,1.6719897734538391
3011113,2.730985413470565
3011114,2.5500193740478516
3011115,36.263511307705045
3011116,13.09406493360963
3011117,1.7906867217270452
3011118,1.5279073522613027
3011119,1.4258495832343425
3011120,5.205819489318542
3011121,600.1561427840189
3011122,1.4258495832343425
3011123,89.27068681005483
3011124,1.7895384727193426
3011125,105.27480098147366
3011126,595.6121727677275
3011127,85.61541776528627
3011128,2.919151224910571
3011129,2.9494882982967843
3011130,1375.2544469966028
3011131,1.8649911350088555
3011132,1.4258495832343425
3011133,2.2061544319039643
3011134,7.185549941223121
3011135,1.4258495832343425
3011136,74.0822083376935
3011137,7.757856250392752
3011138,1.7895384727193426
3011139,5.021993416965505
3011140,30.60126609385046
3011141,1.4981757518037089
3011142,2.9884309577404298
3011143,96.26760985486303
3011144,1.7765413493054196
3011145,6.679384081816573
3011146,20.676822689380057
3011147,2.6455403769139143
3011148,38.37014782832649
3011149,13.473296446192265
3011150,1.8657762258275317
3011151,1.5279073522613027
3011152,1.4258495832343425
3011153,5.205819489318542
3011154,497.82771279647017
3011155,1.4258495832343425
3011156,96.88689044123285
3011157,1.7895384727193426
3011158,151.50438196848387
3011159,544.8702170085979
3011160,85.61541776528627
3011161,2.919151224910571
3011162,2.9494882982967843
3011163,1375.2544469966028
3011164,1.8649911350088555
3011165,1.4258495832343425
3011166,6.715812807939341
3011167,8.223552533966313
3011168,1.4258495832343425
3011169,77.33262389084821
3011170,11.359035468906939
3011171,1.7895384727193426
3011172,8.658655115922906
3011173,30.60126609385046
3011174,1.4981757518037089
3011175,2.9884309577404298
3011176,238.11542375637706
3011177,1.7765413493054196
3011178,1.743885477650279
3011179,2.9419110577293717
3011180,2.6455403769139143
3011181,38.37014782832649
3011182,13.473296446192265
3011183,1.8657762258275317
3011184,1.5279073522613027
3011185,1.4258495832343425
3011186,5.205819489318542
3011187,164.74597667387803
3011188,1.4258495832343425
3011189,96.88689044123285
3011190,1.7895384727193426
3011191,126.44613476212587
3011192,410.560042717455
3011193,78.58721739481163
3011194,2.919151224910571
3011195,2.9494882982967843
3011196,1375.2544469966028
3011197,1.8649911350088555
3011198,1.4258495832343425
3011199,6.715812807939341
3011200,7.185549941223121
3011201,1.4258495832343425
3011202,77.33262389084821
3011203,14.189309847421335
3011204,1.7895384727193426
3011205,5.021993416965505
3011206,12.131765745290316
3011207,1.4981757518037089
3011208,2.9884309577404298
3011209,88.69959007168923
3011210,1.7765413493054196
3011211,1.743885477650279
3011212,2.9419110577293717
3011213,2.6455403769139143
3011214,31.716406387765794
3011215,13.473296446192265
3011216,1.8657762258275317
3011217,1.4616707397224218
3011218,1.4143024133093034
3011219,4.245381359345849
3011220,471.1362032329976
3011221,1.4143024133093034
3011222,84.44044013674124
3011223,1.7164465618095028
3011224,96.24243153781626
3011225,515.6615348445321
3011226,76.92041764426622
3011227,2.7094434245681347
3011228,2.738157207460168
3011229,1301.6131720805674
3011230,1.789922201977288
3011231,1.4143024133093034
3011232,6.5136419083908095
3011233,7.981875609027654
3011234,1.4143024133093034
3011235,66.25932312127756
3011236,11.03520214369587
3011237,1.7164465618095028
3011238,1.4143024133093034
3011239,29.773244918104414
3011240,1.4327181711774921
3011241,2.775016104634192
3011242,83.89990191319491
3011243,1.7037899909980783
3011244,1.6719897734538391
3011245,2.730985413470565
3011246,2.5500193740478516
3011247,29.965801416189542
3011248,12.567665104966613
3011249,1.7906867217270452
3011283,1.5279073522613027
3011284,1.4258495832343425
3011285,5.205819489318542
3011286,401.70505752033046
3011287,1.4258495832343425
3011288,84.79280085371927
3011289,1.7895384727193426
3011290,116.7249714827268
3011291,410.560042717455
3011292,85.61541776528627
3011293,2.919151224910571
3011294,2.9494882982967843
3011295,1375.2544469966028
3011296,1.8649911350088555
3011297,1.4258495832343425
3011298,2.2061544319039643
3011299,7.185549941223121
3011300,1.4258495832343425
3011301,74.0822083376935
3011302,7.757856250392752
3011303,1.7895384727193426
3011304,1.4258495832343425
3011305,19.2708160163489
3011306,1.4981757518037089
3011307,2.9884309577404298
3011308,96.26760985486303
3011309,1.7765413493054196
3011310,1.743885477650279
3011311,2.9419110577293717
3011312,2.6455403769139143
3011313,38.37014782832649
3011314,14.710520450329135
3011315,1.8657762258275317
3011316,1.5279073522613027
3011317,1.4258495832343425
3011318,4.386519768764827
3011319,686.3110644594589
3011320,1.4258495832343425
3011321,84.79280085371927
3011322,1.7895384727193426
3011323,116.7249714827268
3011324,410.560042717455
3011325,78.58721739481163
3011326,2.919151224910571
3011327,2.9494882982967843
3011328,1375.2544469966028
3011329,1.8649911350088555
3011330,1.4258495832343425
3011331,2.2061544319039643
3011332,7.185549941223121
3011333,1.4258495832343425
3011334,70.06172771137487
3011335,1.7567297373605153
3011336,1.7895384727193426
3011337,1.4258495832343425
3011338,19.2708160163489
3011339,1.4981757518037089
3011340,2.9884309577404298
3011341,96.26760985486303
3011342,1.7765413493054196
3011343,1.743885477650279
3011344,2.9419110577293717
3011345,2.6455403769139143
3011346,31.716406387765794
3011347,1.5279073522613027
3011348,1.8657762258275317
3011349,1.4616707397224218
3011350,1.4143024133093034
3011351,5.043213664135698
3011352,380.15692453107863
3011353,1.4143024133093034
3011354,91.64911233603604
3011355,1.7164465618095028
3011356,96.24243153781626
3011357,563.6883659971691
3011358,80.98075895961234
3011359,2.7094434245681347
3011360,2.738157207460168
3011361,1301.6131720805674
3011362,1.789922201977288
3011363,1.4143024133093034
3011364,7.82079628494847
3011365,6.971070917935556
3011366,1.4143024133093034
3011367,66.25932312127756
3011368,1.6844974859195672
3011369,1.7164465618095028
3011370,1.4143024133093034
3011371,24.298541108369736
3011372,1.4327181711774921
3011373,2.775016104634192
3011374,79.6884342495964
3011375,1.7037899909980783
3011376,1.6719897734538391
3011377,2.730985413470565
3011378,2.5500193740478516
3011379,36.263511307705045
3011380,1.4616707397224218
3011381,1.7906867217270452
3011382,1.772597480762022
3011383,1.7267456148305858
3011384,4.616621685359159
3011385,381.77421766282407
3011386,1.7267456148305858
3011387,109.55268009849462
3011388,2.472422937120056
3011389,130.53306721847756
3011390,197.86912877151286
3011391,100.3990326906131
3011392,10.774502327130289
3011393,10.871634977332844
3011394,760.6540588446071
3011395,3.085698853221623
3011396,1.7267456148305858
3011397,3.827281309301763
3011398,7.391532074369735
3011399,1.7267456148305858
3011400,86.53219369918367
3011401,2.414997698846263
3011402,2.472422937120056
3011403,1.7267456148305858
3011404,26.82485446497881
3011405,1.7267456148305858
3011406,10.993747456700177
3011407,95.45307983627225
3011408,2.3328695812083526
3011409,2.277752208324305
3011410,10.842880832860487
3011411,7.309860200528782
3011412,52.23062441039167
3011413,1.772597480762022
3011414,3.0914305465031866
3011415,1.8137437405402945
3011416,1.7538126020153846
3011417,3.991577319003177
3011418,722.5482407037887
3011419,1.7538126020153846
3011420,110.7075866370601
3011421,2.475214610523442
3011422,366.5555096292896
3011423,97.79208979053857
3011424,97.3259514687861
3011425,120.60161190362403
3011426,15.09468410692995
3011427,809.6720114886227
3011428,3.230406970007997
3011429,1.7538126020153846
3011430,9.280818314307579
3011431,7.891444616997589
3011432,1.7538126020153846
3011433,108.14326845992099
3011434,2.4011945193451787
3011435,2.475214610523442
3011436,1.7538126020153846
3011437,6.3793598021066025
3011438,1.7538126020153846
3011439,15.312674416893575
3011440,116.74742374878278
3011441,2.381800857259504
3011442,2.3097704258026712
3011443,15.1074809922398
3011444,8.663955501578695
3011445,18.210535259942734
3011446,1.8137437405402945
3011447,3.236341669573325
3011580,1.7747904673466968
3011581,1.7289023348718593
3011582,1.7747904673466968
3011583,165.16724491554075
3011584,1.7289023348718593
3011585,87.43740659875584
3011586,2.478982317425468
3011587,130.93030358695836
3011588,257.05477299358427
3011589,92.42955236192326
3011590,10.81006190651216
3011591,10.907487902122408
3011592,748.8054544612036
3011593,3.0934167070306104
3011594,1.7289023348718593
3011595,3.836400006684629
3011596,8.417527116245664
3011597,1.7289023348718593
3011598,90.87161237604727
3011599,2.421448603316851
3011600,2.478982317425468
3011601,1.7289023348718593
3011602,16.357259888392008
3011603,1.7289023348718593
3011604,11.02996916721698
3011605,95.74437290784107
3011606,2.3355057151335883
3011607,6.179619014211546
3011608,38.02622778306201
3011609,7.325557462736501
3011610,59.468024190162105
3011611,1.7747904673466968
3011612,3.0991592274368385
3011943,1.7747904673466968
3011944,1.7289023348718593
3011945,4.62106415351137
3011946,177.10765389294326
3011947,1.7289023348718593
3011948,109.88655466020607
3011949,2.478982317425468
3011950,122.67338401195971
3011951,343.6178317568097
3011952,94.53345420341326
3011953,10.81006190651216
3011954,10.907487902122408
3011955,767.9020934786168
3011956,3.0934167070306104
3011957,1.7289023348718593
3011958,8.428581352568932
3011959,3.31257563010327
3011960,1.7289023348718593
3011961,90.87161237604727
3011962,2.421448603316851
3011963,2.478982317425468
3011964,1.7289023348718593
3011965,26.87741540173207
3011966,1.7289023348718593
3011967,11.02996916721698
3011968,102.28289786989494
3011969,2.3355057151335883
3011970,2.280344747151386
3011971,10.878646918711596
3011972,7.325557462736501
3011973,59.468024190162105
3011974,1.7747904673466968
3011975,3.0991592274368385
3012306,1.7747904673466968
3012307,1.7289023348718593
3012308,4.62106415351137
3012309,171.12366070201745
3012310,1.7289023348718593
3012311,124.30976441524581
3012312,2.478982317425468
3012313,130.93030358695836
3012314,343.6178317568097
3012315,94.53345420341326
3012316,10.81006190651216
3012317,10.907487902122408
3012318,767.9020934786168
3012319,3.0934167070306104
3012320,1.7289023348718593
3012321,8.428581352568932
3012322,9.380992765089442
3012323,1.7289023348718593
3012324,92.94043160478408
3012325,2.421448603316851
3012326,2.478982317425468
3012327,4.62106415351137
3012328,22.599103389919506
3012329,1.7289023348718593
3012330,11.02996916721698
3012331,124.22641859134679
3012332,2.3355057151335883
3012333,2.280344747151386
3012334,10.878646918711596
3012335,7.325557462736501
3012336,59.468024190162105
3012337,1.7747904673466968
3012338,3.0991592274368385
3012669,1.7747904673466968
3012670,1.7289023348718593
3012671,4.017443504344767
3012672,214.12673994287692
3012673,1.7289023348718593
3012674,93.62613958119324
3012675,2.478982317425468
3012676,126.36479678914256
3012677,282.9605354468187
3012678,92.42955236192326
3012679,10.81006190651216
3012680,10.907487902122408
3012681,766.5194576216504
3012682,3.0934167070306104
3012683,1.7289023348718593
3012684,3.836400006684629
3012685,3.31257563010327
3012686,1.7289023348718593
3012687,92.94043160478408
3012688,2.421448603316851
3012689,2.478982317425468
3012690,1.7289023348718593
3012691,26.87741540173207
3012692,1.7289023348718593
3012693,11.02996916721698
3012694,95.74437290784107
3012695,2.3355057151335883
3012696,2.280344747151386
3012697,10.878646918711596
3012698,7.325557462736501
3012699,52.391383528839256
3012700,1.7747904673466968
3012701,3.0991592274368385
3013032,1.7747904673466968
3013033,1.7289023348718593
3013034,4.62106415351137
3013035,177.10765389294326
3013036,1.7289023348718593
3013037,91.54221923121766
3013038,2.478982317425468
3013039,130.93030358695836
3013040,198.46972337625127
3013041,92.42955236192326
3013042,10.81006190651216
3013043,10.907487902122408
3013044,706.9514434928672
3013045,3.0934167070306104
3013046,1.7289023348718593
3013047,8.428581352568932
3013048,8.417527116245664
3013049,1.7289023348718593
3013050,76.76356769510824
3013051,2.421448603316851
3013052,2.478982317425468
3013053,1.7289023348718593
3013054,16.357259888392008
3013055,1.7289023348718593
3013056,11.02996916721698
3013057,102.28289786989494
3013058,2.3355057151335883
3013059,2.280344747151386
3013060,38.02622778306201
3013061,7.325557462736501
3013062,59.468024190162105
3013063,1.7747904673466968
3013064,3.0991592274368385
3013230,1.7747904673466968
3013231,1.7289023348718593
3013232,4.017443504344767
3013233,435.94125098748873
3013234,1.7289023348718593
3013235,99.73933233785394
3013236,2.478982317425468
3013237,126.36479678914256
3013238,315.8390437986019
3013239,100.70526278442351
3013240,10.81006190651216
3013241,10.907487902122408
3013242,767.9020934786168
3013243,3.0934167070306104
3013244,1.7289023348718593
3013245,8.428581352568932
3013246,8.417527116245664
3013247,1.7289023348718593
3013248,86.79654525340133
3013249,2.421448603316851
3013250,2.478982317425468
3013251,5.248763387418615
3013252,16.357259888392008
3013253,1.7289023348718593
3013254,11.02996916721698
3013255,99.00932513236147
3013256,2.3355057151335883
3013257,2.280344747151386
3013258,10.878646918711596
3013259,7.325557462736501
3013260,52.391383528839256
3013261,1.7747904673466968
3013262,3.0991592274368385
3013263,1.7747904673466968
3013264,1.7289023348718593
3013265,4.62106415351137
3013266,291.8687516455045
3013267,1.7289023348718593
3013268,103.0368001639998
3013269,2.478982317425468
3013270,122.67338401195971
3013271,364.6279208986098
3013272,100.70526278442351
3013273,10.81006190651216
3013274,10.907487902122408
3013275,757.9636848333307
3013276,3.0934167070306104
3013277,1.7289023348718593
3013278,8.428581352568932
3013279,9.380992765089442
3013280,1.7289023348718593
3013281,76.76356769510824
3013282,2.421448603316851
3013283,2.478982317425468
3013284,4.017443504344767
3013285,18.71179130966769
3013286,1.7289023348718593
3013287,11.02996916721698
3013288,144.1486566444987
3013289,2.3355057151335883
3013290,2.280344747151386
3013291,10.878646918711596
3013292,7.325557462736501
3013293,52.391383528839256
3013294,1.7747904673466968
3013295,3.0991592274368385
3013296,1.7747904673466968
3013297,1.7289023348718593
3013298,4.62106415351137
3013299,291.8687516455045
3013300,1.7289023348718593
3013301,103.0368001639998
3013302,2.478982317425468
3013303,126.36479678914256
3013304,364.6279208986098
3013305,97.3849441687948
3013306,10.81006190651216
3013307,10.907487902122408
3013308,767.9020934786168
3013309,3.0934167070306104
3013310,1.7289023348718593
3013311,8.428581352568932
3013312,8.417527116245664
3013313,1.7289023348718593
3013314,90.87161237604727
3013315,2.421448603316851
3013316,2.478982317425468
3013317,5.248763387418615
3013318,26.87741540173207
3013319,1.7289023348718593
3013320,11.02996916721698
3013321,109.08301564505054
3013322,2.3355057151335883
3013323,5.403280652643146
3013324,10.878646918711596
3013325,7.325557462736501
3013326,59.468024190162105
3013327,1.7747904673466968
3013328,3.0991592274368385
3013329,1.7492666456720958
3013330,1.7038006137212625
3013331,3.9712907101881276
3013332,735.1460027158619
3013333,1.7038006137212625
3013334,96.03105876512255
3013335,2.366508520304957
3013336,539.163983185795
3013337,256.1347545124904
3013338,94.17565920123411
3013339,37.43184863112814
3013340,10.789297433401892
3013341,765.1607989544127
3013342,3.034771919825194
3013343,1.7038006137212625
3013344,3.7863999518502442
3013345,3.2634134048952816
3013346,1.7038006137212625
3013347,98.57882134264729
3013348,2.3108348430398244
3013349,7.0287525795824415
3013350,4.569358974052223
3013351,22.38839374058076
3013352,1.7038006137212625
3013353,10.915547816734282
3013354,123.74667126997011
3013355,2.2910741633944784
3013356,2.2366479827615406
3013357,45.70667805065616
3013358,7.251220939668757
3013359,432.6910731736353
3013360,10.345926695937866
3013361,2.9666354140785125
3011613,1.8116841580619032
3011614,1.7517968874703223
3011615,1.8116841580619032
3011616,330.34843287416464
3011617,1.7517968874703223
3011618,101.8567013330255
3011619,2.4726708496907266
3011620,186.94483381209915
3011621,108.18846271076332
3011622,54.87620254510638
3011623,46.733299786547505
3011624,14.704938390086753
3011625,790.040936896342
3011626,3.2273104292866943
3011627,1.7517968874703223
3011628,4.335134770418882
3011629,7.785346209059101
3011630,1.7517968874703223
3011631,105.50027645573462
3011632,2.398704939168876
3011633,2.4726708496907266
3011634,1.7517968874703223
3011635,6.291304557955158
3011636,1.7517968874703223
3011637,14.917649889415943
3011638,107.21261140376717
3011639,2.3793254727066504
3011640,2.307347765530427
3011641,14.717425388529287
3011642,8.54863899933723
3011643,434.11645368424723
3011644,4.575989432102584
3011645,3.2332407848163296
3011646,1.7470938312046247
3011647,1.7016637322005486
3011648,3.967361774304768
3011649,734.2516250833767
3011650,1.7016637322005486
3011651,95.73890249498785
3011652,2.3638478840842767
3011653,546.5902395517976
3011654,313.7588599450903
3011655,99.96254671504147
3011656,37.31613201736193
3011657,10.753800374939532
3011658,762.8539223296021
3011659,3.027164636702434
3011660,1.7016637322005486
3011661,8.313512889222368
3011662,7.29587082108052
3011663,1.7016637322005486
3011664,95.03788438980592
3011665,2.3082182071243196
3011666,5.490042001871784
3011667,1.7016637322005486
3011668,16.16984816416285
3011669,1.7016637322005486
3011670,10.879670623894667
3011671,98.27899387092712
3011672,2.2884731448403115
3011673,2.2340899785846355
3011674,10.730238946612415
3011675,7.2356638338288715
3011676,431.38524833835453
3011677,5.186391209080875
3011678,2.9635004825037736
3011679,1.8116841580619032
3011680,1.7517968874703223
3011681,1.8116841580619032
3011682,474.38346190865013
3011683,1.7517968874703223
3011684,114.73474662657642
3011685,2.4726708496907266
3011686,357.65485742459964
3011687,141.965940042009
3011688,102.8429339905745
3011689,46.733299786547505
3011690,14.704938390086753
3011691,790.040936896342
3011692,3.2273104292866943
3011693,1.7517968874703223
3011694,9.158141010175507
3011695,3.614132249509807
3011696,1.7517968874703223
3011697,105.50027645573462
3011698,2.398704939168876
3011699,2.4726708496907266
3011700,6.297028541052821
3011701,20.123763171183313
3011702,1.7517968874703223
3011703,14.917649889415943
3011704,113.89607520596488
3011705,2.3793254727066504
3011706,2.307347765530427
3011707,14.717425388529287
3011708,8.54863899933723
3011709,434.11645368424723
3011710,6.297028541052821
3011711,3.2332407848163296
3011712,1.8116841580619032
3011713,1.7517968874703223
3011714,3.987923622670553
3011715,474.38346190865013
3011716,1.7517968874703223
3011717,106.27766365534556
3011718,2.4726708496907266
3011719,281.6391964838772
3011720,116.70108032519907
3011721,86.40761647979998
3011722,46.733299786547505
3011723,14.704938390086753
3011724,790.040936896342
3011725,3.2273104292866943
3011726,1.7517968874703223
3011727,4.335134770418882
3011728,3.614132249509807
3011729,1.7517968874703223
3011730,107.21261140376717
3011731,2.398704939168876
3011732,2.4726708496907266
3011733,1.7517968874703223
3011734,14.825109641701365
3011735,1.7517968874703223
3011736,14.917649889415943
3011737,107.21261140376717
3011738,2.3793254727066504
3011739,2.307347765530427
3011740,14.717425388529287
3011741,8.54863899933723
3011742,434.11645368424723
3011743,6.297028541052821
3011744,3.2332407848163296
3011745,1.8137437405402945
3011746,1.7538126020153846
3011747,1.8137437405402945
3011748,683.4432876569762
3011749,1.7538126020153846
3011750,75.20074165434684
3011751,2.475214610523442
3011752,288.65338612954474
3011753,131.4003212002151
3011754,105.41997935948878
3011755,47.917885722544696
3011756,15.09468410692995
3011757,809.6720114886227
3011758,3.230406970007997
3011759,1.7538126020153846
3011760,4.39956584596318
3011761,3.6698559596563474
3011762,1.7538126020153846
3011763,103.6454236975073
3011764,2.4011945193451787
3011765,2.475214610523442
3011766,1.7538126020153846
3011767,15.016225495132982
3011768,1.7538126020153846
3011769,15.312674416893575
3011770,116.74742374878278
3011771,2.381800857259504
3011772,2.3097704258026712
3011773,15.1074809922398
3011774,8.663955501578695
3011775,444.91463511859666
3011776,5.202080101289157
3011777,3.236341669573325
3011778,1.8116841580619032
3011779,1.7517968874703223
3011780,1.8116841580619032
3011781,753.1393026258098
3011782,1.7517968874703223
3011783,85.57747578001266
3011784,2.4726708496907266
3011785,390.5630096103583
3011786,113.05814686185573
3011787,107.30628633088617
3011788,46.733299786547505
3011789,14.704938390086753
3011790,790.040936896342
3011791,3.2273104292866943
3011792,1.7517968874703223
3011793,4.335134770418882
3011794,7.785346209059101
3011795,1.7517968874703223
3011796,105.50027645573462
3011797,2.398704939168876
3011798,2.4726708496907266
3011799,1.7517968874703223
3011800,6.291304557955158
3011801,1.7517968874703223
3011802,14.917649889415943
3011803,110.250070485872
3011804,2.3793254727066504
3011805,2.307347765530427
3011806,14.717425388529287
3011807,24.292676755496984
3011808,434.11645368424723
3011809,7.783735405607523
3011810,3.2332407848163296
3011811,1.8137437405402945
3011812,1.7538126020153846
3011813,1.8137437405402945
3011814,432.21333020813177
3011815,1.7538126020153846
3011816,113.84314744803345
3011817,2.475214610523442
3011818,325.8394414824864
3011819,115.88870073645995
3011820,97.3259514687861
3011821,47.917885722544696
3011822,15.09468410692995
3011823,809.6720114886227
3011824,3.230406970007997
3011825,1.7538126020153846
3011826,4.39956584596318
3011827,7.891444616997589
3011828,1.7538126020153846
3011829,108.14326845992099
3011830,2.4011945193451787
3011831,2.475214610523442
3011832,1.7538126020153846
3011833,17.923217335576712
3011834,1.7538126020153846
3011835,15.312674416893575
3011836,108.14326845992099
3011837,2.381800857259504
3011838,2.3097704258026712
3011839,15.1074809922398
3011840,8.663955501578695
3011841,444.91463511859666
3011842,1.8137437405402945
3011843,3.236341669573325
3011844,1.8137437405402945
3011845,1.7538126020153846
3011846,3.991577319003177
3011847,620.9153255010013
3011848,1.7538126020153846
3011849,117.60690827836063
3011850,2.475214610523442
3011851,288.65338612954474
3011852,219.33363617625199
3011853,111.77868524910627
3011854,47.917885722544696
3011855,15.09468410692995
3011856,809.6720114886227
3011857,3.230406970007997
3011858,1.7538126020153846
3011859,9.280818314307579
3011860,3.6698559596563474
3011861,1.7538126020153846
3011862,109.8980980166696
3011863,2.4011945193451787
3011864,2.475214610523442
3011865,3.991577319003177
3011866,15.016225495132982
3011867,1.7538126020153846
3011868,15.312674416893575
3011869,109.8980980166696
3011870,2.381800857259504
3011871,2.3097704258026712
3011872,15.1074809922398
3011873,8.663955501578695
3011874,444.91463511859666
3011875,5.202080101289157
3011876,3.236341669573325
3011877,1.745083034613688
3011878,1.6996861891836859
3011879,3.963725803080102
3011880,689.9587653030991
3011881,1.6996861891836859
3011882,96.58200082158464
3011883,2.3613856406104965
3011884,214.91546197003183
3011885,274.26502644130267
3011886,97.5176574657505
3011887,36.38827607184915
3011888,10.469172648025017
3011889,744.3565854111564
3011890,2.979109930761456
3011891,1.6996861891836859
3011892,8.202378092524421
3011893,7.196879180858485
3011894,1.6996861891836859
3011895,92.71224979847578
3011896,2.305796683033152
3011897,6.27157288318217
3011898,5.181862942076626
3011899,18.266282944093792
3011900,1.6996861891836859
3011901,10.591994847693682
3011902,92.71224979847578
3011903,2.286066073587805
3011904,2.231722714303434
3011905,10.446181778629793
3011906,7.137390621912848
3011907,420.91469188341364
3011908,10.69115913231388
3011909,2.960599309938111
3011910,1.8116841580619032
3011911,1.7517968874703223
3011912,3.987923622670553
3011913,421.7227210848811
3011914,1.7517968874703223
3011915,106.27766365534556
3011916,2.4726708496907266
3011917,248.98708300286827
3011918,120.38631439359119
3011919,102.8429339905745
3011920,46.733299786547505
3011921,14.704938390086753
3011922,790.040936896342
3011923,3.2273104292866943
3011924,1.7517968874703223
3011925,4.335134770418882
3011926,3.614132249509807
3011927,1.7517968874703223
3011928,105.50027645573462
3011929,2.398704939168876
3011930,2.4726708496907266
3011931,1.7517968874703223
3011932,6.291304557955158
3011933,1.7517968874703223
3011934,14.917649889415943
3011935,113.89607520596488
3011936,2.3793254727066504
3011937,2.307347765530427
3011938,14.717425388529287
3011939,8.54863899933723
3011940,434.11645368424723
3011941,7.783735405607523
3011942,3.2332407848163296
3011976,1.7470938312046247
3011977,1.7016637322005486
3011978,3.967361774304768
3011979,639.3809412803422
3011980,1.7016637322005486
3011981,99.00367010270762
3011982,2.3638478840842767
3011983,486.03038435229
3011984,170.83085622626055
3011985,99.96254671504147
3011986,37.31613201736193
3011987,10.753800374939532
3011988,762.8539223296021
3011989,3.027164636702434
3011990,1.7016637322005486
3011991,3.7773755261092052
3011992,7.29587082108052
3011993,1.7016637322005486
3011994,95.03788438980592
3011995,2.3082182071243196
3011996,9.772048820814971
3011997,3.967361774304768
3011998,13.390477929421827
3011999,1.7016637322005486
3012000,10.879670623894667
3012001,123.3710645039122
3012002,2.2884731448403115
3012003,2.2340899785846355
3012004,10.730238946612415
3012005,7.2356638338288715
3012006,431.38524833835453
3012007,6.285393682338485
3012008,2.9635004825037736
3012009,1.7470938312046247
3012010,1.7016637322005486
3012011,3.967361774304768
3012012,707.1061244714823
3012013,1.7016637322005486
3012014,95.73890249498785
3012015,2.3638478840842767
3012016,486.03038435229
3012017,170.83085622626055
3012018,99.96254671504147
3012019,37.31613201736193
3012020,10.753800374939532
3012021,762.8539223296021
3012022,3.027164636702434
3012023,1.7016637322005486
3012024,8.313512889222368
3012025,8.292616109389403
3012026,1.7016637322005486
3012027,98.27899387092712
3012028,2.3082182071243196
3012029,6.27689937195496
3012030,1.7016637322005486
3012031,16.16984816416285
3012032,1.7016637322005486
3012033,10.879670623894667
3012034,108.3045120210087
3012035,2.2884731448403115
3012036,6.07838221091879
3012037,10.730238946612415
3012038,7.2356638338288715
3012039,431.38524833835453
3012040,1.7470938312046247
3012041,2.9635004825037736
3012042,1.8137437405402945
3012043,1.7538126020153846
3012044,1.8137437405402945
3012045,486.1809400989454
3012046,1.7538126020153846
3012047,110.7075866370601
3012048,2.475214610523442
3012049,366.5555096292896
3012050,110.89816679321126
3012051,109.9940976521519
3012052,47.917885722544696
3012053,15.09468410692995
3012054,809.6720114886227
3012055,3.230406970007997
3012056,1.7538126020153846
3012057,9.280818314307579
3012058,7.891444616997589
3012059,1.7538126020153846
3012060,116.74742374878278
3012061,2.4011945193451787
3012062,2.475214610523442
3012063,1.7538126020153846
3012064,20.37886952542364
3012065,1.7538126020153846
3012066,15.312674416893575
3012067,116.74742374878278
3012068,2.381800857259504
3012069,2.3097704258026712
3012070,15.1074809922398
3012071,8.663955501578695
3012072,444.91463511859666
3012073,5.202080101289157
3012074,3.236341669573325
3012075,1.772597480762022
3012076,1.7267456148305858
3012077,4.013478092749234
3012078,157.48554044650044
3012079,1.7267456148305858
3012080,96.1571286155158
3012081,2.472422937120056
3012082,112.95774693427646
3012083,145.27412547084563
3012084,88.01654671192085
3012085,10.774502327130289
3012086,10.871634977332844
3012087,723.6574242582116
3012088,3.085698853221623
3012089,1.7267456148305858
3012090,3.827281309301763
3012091,7.391532074369735
3012092,1.7267456148305858
3012093,65.6513760964384
3012094,2.414997698846263
3012095,2.472422937120056
3012096,4.013478092749234
3012097,26.82485446497881
3012098,1.7267456148305858
3012099,10.993747456700177
3012100,98.70820143257707
3012101,2.3328695812083526
3012102,2.277752208324305
3012103,10.842880832860487
3012104,7.309860200528782
3012105,59.285957616483095
3012106,1.772597480762022
3012107,3.0914305465031866
3012108,1.772597480762022
3012109,1.7267456148305858
3012110,4.616621685359159
3012111,381.77421766282407
3012112,1.7267456148305858
3012113,109.55268009849462
3012114,2.472422937120056
3012115,118.80718242548464
3012116,342.58020255200364
3012117,97.08871140897986
3012118,10.774502327130289
3012119,10.871634977332844
3012120,760.6540588446071
3012121,3.085698853221623
3012122,1.7267456148305858
3012123,9.551724991329081
3012124,9.361420121919371
3012125,1.7267456148305858
3012126,90.5949909731209
3012127,2.414997698846263
3012128,2.472422937120056
3012129,1.7267456148305858
3012130,31.07034185053857
3012131,1.7267456148305858
3012132,10.993747456700177
3012133,98.70820143257707
3012134,2.3328695812083526
3012135,2.277752208324305
3012136,10.842880832860487
3012137,7.309860200528782
3012138,59.285957616483095
3012139,1.772597480762022
3012140,3.0914305465031866
3012141,1.772597480762022
3012142,1.7267456148305858
3012143,4.013478092749234
3012144,246.67299836737078
3012145,1.7267456148305858
3012146,93.34122441743935
3012147,2.472422937120056
3012148,93.31851509718618
3012149,256.27778136917317
3012150,94.2458071550521
3012151,10.774502327130289
3012152,10.871634977332844
3012153,737.2845611982427
3012154,3.085698853221623
3012155,1.7267456148305858
3012156,3.827281309301763
3012157,8.399771020854613
3012158,1.7267456148305858
3012159,65.6513760964384
3012160,2.414997698846263
3012161,2.472422937120056
3012162,1.7267456148305858
3012163,31.07034185053857
3012164,1.7267456148305858
3012165,10.993747456700177
3012166,95.45307983627225
3012167,2.3328695812083526
3012168,2.277752208324305
3012169,10.842880832860487
3012170,7.309860200528782
3012171,43.054335556390896
3012172,1.772597480762022
3012173,3.0914305465031866
3012174,1.772597480762022
3012175,1.7267456148305858
3012176,1.772597480762022
3012177,176.57137954423433
3012178,1.7267456148305858
3012179,102.72354991320917
3012180,2.472422937120056
3012181,118.80718242548464
3012182,101.14241874545438
3012183,50.09829559317031
3012184,10.774502327130289
3012185,10.871634977332844
3012186,554.6669303414469
3012187,3.085698853221623
3012188,1.7267456148305858
3012189,3.827281309301763
3012190,7.391532074369735
3012191,1.7267456148305858
3012192,55.90600372355906
3012193,2.414997698846263
3012194,2.472422937120056
3012195,1.7267456148305858
3012196,22.554608914271867
3012197,1.7267456148305858
3012198,10.993747456700177
3012199,92.65758107772828
3012200,2.3328695812083526
3012201,2.277752208324305
3012202,10.842880832860487
3012203,7.309860200528782
3012204,12.409082225977572
3012205,1.772597480762022
3012206,3.0914305465031866
3012207,1.772597480762022
3012208,1.7267456148305858
3012209,1.772597480762022
3012210,246.67299836737078
3012211,1.7267456148305858
3012212,99.43601061833184
3012213,2.472422937120056
3012214,93.31851509718618
3012215,342.58020255200364
3012216,88.01654671192085
3012217,10.774502327130289
3012218,10.871634977332844
3012219,746.547823062661
3012220,3.085698853221623
3012221,1.7267456148305858
3012222,3.827281309301763
3012223,8.399771020854613
3012224,1.7267456148305858
3012225,90.5949909731209
3012226,2.414997698846263
3012227,2.472422937120056
3012228,1.7267456148305858
3012229,26.82485446497881
3012230,1.7267456148305858
3012231,10.993747456700177
3012232,98.70820143257707
3012233,2.3328695812083526
3012234,2.277752208324305
3012235,10.842880832860487
3012236,7.309860200528782
3012237,59.285957616483095
3012238,1.772597480762022
3012239,3.0914305465031866
3012240,1.7470938312046247
3012241,1.7016637322005486
3012242,3.967361774304768
3012243,639.3809412803422
3012244,1.7016637322005486
3012245,102.27705773599325
3012246,2.3638478840842767
3012247,537.5375730796179
3012248,255.3605330234493
3012249,96.66647516317121
3012250,37.31613201736193
3012251,10.753800374939532
3012252,762.8539223296021
3012253,2.957948006706167
3012254,1.7016637322005486
3012255,8.313512889222368
3012256,7.29587082108052
3012257,1.7016637322005486
3012258,92.30681165663681
3012259,2.3082182071243196
3012260,5.490042001871784
3012261,1.7016637322005486
3012262,22.34429654338927
3012263,1.7016637322005486
3012264,10.879670623894667
3012265,123.3710645039122
3012266,2.2884731448403115
3012267,2.2340899785846355
3012268,37.53864671733966
3012269,7.2356638338288715
3012270,431.38524833835453
3012271,1.7951350325941688
3012272,2.9635004825037736
3012273,1.7470938312046247
3012274,1.7016637322005486
3012275,3.967361774304768
3012276,694.0360162322053
3012277,1.7016637322005486
3012278,109.10236843352394
3012279,5.490042001871784
3012280,513.8563571624911
3012281,362.22741719702094
3012282,93.88908945796103
3012283,37.31613201736193
3012284,10.753800374939532
3012285,762.8539223296021
3012286,2.957948006706167
3012287,1.7016637322005486
3012288,8.313512889222368
3012289,3.2553750340815446
3012290,1.7016637322005486
3012291,98.27899387092712
3012292,2.3082182071243196
3012293,7.022407254807147
3012294,1.7016637322005486
3012295,16.16984816416285
3012296,1.7016637322005486
3012297,10.879670623894667
3012298,95.03788438980592
3012299,2.2884731448403115
3012300,2.2340899785846355
3012301,10.730238946612415
3012302,7.2356638338288715
3012303,431.38524833835453
3012304,1.7951350325941688
3012305,2.9635004825037736
3012339,1.8137437405402945
3012340,1.7538126020153846
3012341,1.8137437405402945
3012342,620.9153255010013
3012343,1.7538126020153846
3012344,108.93994789257671
3012345,2.475214610523442
3012346,325.8394414824864
3012347,166.87453585132536
3012348,75.9313859291
3012349,47.917885722544696
3012350,15.09468410692995
3012351,809.6720114886227
3012352,3.230406970007997
3012353,1.7538126020153846
3012354,9.280818314307579
3012355,7.891444616997589
3012356,1.7538126020153846
3012357,103.6454236975073
3012358,2.4011945193451787
3012359,2.475214610523442
3012360,1.7538126020153846
3012361,15.016225495132982
3012362,1.7538126020153846
3012363,15.312674416893575
3012364,103.6454236975073
3012365,2.381800857259504
3012366,2.3097704258026712
3012367,15.1074809922398
3012368,8.663955501578695
3012369,444.91463511859666
3012370,1.8137437405402945
3012371,3.236341669573325
3012372,1.7470938312046247
3012373,1.7016637322005486
3012374,1.7470938312046247
3012375,707.1061244714823
3012376,1.7016637322005486
3012377,99.00367010270762
3012378,2.3638478840842767
3012379,466.7431459776929
3012380,144.71374355885982
3012381,87.77234258419001
3012382,37.31613201736193
3012383,10.753800374939532
3012384,762.8539223296021
3012385,3.027164636702434
3012386,1.7016637322005486
3012387,3.7773755261092052
3012388,8.292616109389403
3012389,1.7016637322005486
3012390,95.03788438980592
3012391,2.3082182071243196
3012392,6.27689937195496
3012393,1.7016637322005486
3012394,16.16984816416285
3012395,1.7016637322005486
3012396,10.879670623894667
3012397,108.3045120210087
3012398,2.2884731448403115
3012399,2.2340899785846355
3012400,10.730238946612415
3012401,7.2356638338288715
3012402,431.38524833835453
3012403,1.7470938312046247
3012404,2.9635004825037736
3012405,1.8137437405402945
3012406,1.7538126020153846
3012407,1.8137437405402945
3012408,620.9153255010013
3012409,1.7538126020153846
3012410,87.72604838324258
3012411,2.475214610523442
3012412,191.60901600509052
3012413,106.28679139153581
3012414,56.26286896012165
3012415,15.0144795091656
3012416,15.09468410692995
3012417,809.6720114886227
3012418,3.230406970007997
3012419,1.7538126020153846
3012420,4.39956584596318
3012421,3.6698559596563474
3012422,1.7538126020153846
3012423,108.14326845992099
3012424,2.4011945193451787
3012425,2.475214610523442
3012426,1.7538126020153846
3012427,15.016225495132982
3012428,1.7538126020153846
3012429,15.312674416893575
3012430,95.68636391249427
3012431,2.381800857259504
3012432,2.3097704258026712
3012433,15.1074809922398
3012434,8.663955501578695
3012435,444.91463511859666
3012436,1.8137437405402945
3012437,3.236341669573325
3012438,1.8137437405402945
3012439,1.7538126020153846
3012440,1.8137437405402945
3012441,620.9153255010013
3012442,1.7538126020153846
3012443,117.60690827836063
3012444,2.475214610523442
3012445,325.8394414824864
3012446,131.4003212002151
3012447,105.41997935948878
3012448,47.917885722544696
3012449,15.09468410692995
3012450,809.6720114886227
3012451,3.230406970007997
3012452,1.7538126020153846
3012453,4.39956584596318
3012454,3.6698559596563474
3012455,1.7538126020153846
3012456,95.68636391249427
3012457,2.4011945193451787
3012458,2.475214610523442
3012459,1.7538126020153846
3012460,6.3793598021066025
3012461,1.7538126020153846
3012462,15.312674416893575
3012463,116.74742374878278
3012464,2.381800857259504
3012465,2.3097704258026712
3012466,15.1074809922398
3012467,8.663955501578695
3012468,444.91463511859666
3012469,1.8137437405402945
3012470,3.236341669573325
3012471,1.7470938312046247
3012472,1.7016637322005486
3012473,1.7470938312046247
3012474,614.0207578875769
3012475,1.7016637322005486
3012476,109.10236843352394
3012477,2.3638478840842767
3012478,466.7431459776929
3012479,94.5131402826114
3012480,87.77234258419001
3012481,37.31613201736193
3012482,10.753800374939532
3012483,762.8539223296021
3012484,3.027164636702434
3012485,1.7016637322005486
3012486,3.7773755261092052
3012487,8.292616109389403
3012488,1.7016637322005486
3012489,95.03788438980592
3012490,2.3082182071243196
3012491,7.022407254807147
3012492,1.7016637322005486
3012493,16.16984816416285
3012494,1.7016637322005486
3012495,10.879670623894667
3012496,92.30681165663681
3012497,2.2884731448403115
3012498,2.2340899785846355
3012499,10.730238946612415
3012500,7.2356638338288715
3012501,431.38524833835453
3012502,1.7470938312046247
3012503,2.9635004825037736
3012504,1.8137437405402945
3012505,1.7538126020153846
3012506,1.8137437405402945
3012507,683.4432876569762
3012508,1.7538126020153846
3012509,108.93994789257671
3012510,2.475214610523442
3012511,400.2803355927507
3012512,110.89816679321126
3012513,67.39501557098505
3012514,47.917885722544696
3012515,15.09468410692995
3012516,809.6720114886227
3012517,3.230406970007997
3012518,1.7538126020153846
3012519,4.39956584596318
3012520,3.6698559596563474
3012521,1.7538126020153846
3012522,108.14326845992099
3012523,2.4011945193451787
3012524,2.475214610523442
3012525,1.7538126020153846
3012526,15.016225495132982
3012527,1.7538126020153846
3012528,15.312674416893575
3012529,113.01093699762731
3012530,2.381800857259504
3012531,2.3097704258026712
3012532,15.1074809922398
3012533,8.663955501578695
3012534,444.91463511859666
3012535,1.8137437405402945
3012536,3.236341669573325
3012537,1.7470938312046247
3012538,1.7016637322005486
3012539,1.7470938312046247
3012540,715.9907372664882
3012541,1.7016637322005486
3012542,102.27705773599325
3012543,2.3638478840842767
3012544,362.2670991235289
3012545,197.1601193171773
3012546,96.66647516317121
3012547,37.31613201736193
3012548,10.753800374939532
3012549,762.8539223296021
3012550,2.957948006706167
3012551,1.7016637322005486
3012552,3.7773755261092052
3012553,8.292616109389403
3012554,1.7016637322005486
3012555,95.03788438980592
3012556,2.3082182071243196
3012557,7.022407254807147
3012558,1.7016637322005486
3012559,22.34429654338927
3012560,1.7016637322005486
3012561,10.879670623894667
3012562,108.3045120210087
3012563,2.2884731448403115
3012564,2.2340899785846355
3012565,10.730238946612415
3012566,7.2356638338288715
3012567,431.38524833835453
3012568,1.7951350325941688
3012569,2.9635004825037736
3012570,1.772597480762022
3012571,1.7267456148305858
3012572,4.013478092749234
3012573,188.79237390253473
3012574,1.7267456148305858
3012575,109.55268009849462
3012576,2.472422937120056
3012577,130.53306721847756
3012578,256.27778136917317
3012579,100.3990326906131
3012580,10.774502327130289
3012581,10.871634977332844
3012582,762.2589065139706
3012583,3.085698853221623
3012584,1.7267456148305858
3012585,3.827281309301763
3012586,9.361420121919371
3012587,1.7267456148305858
3012588,86.53219369918367
3012589,2.414997698846263
3012590,2.472422937120056
3012591,1.7267456148305858
3012592,31.07034185053857
3012593,1.7267456148305858
3012594,10.993747456700177
3012595,98.70820143257707
3012596,2.3328695812083526
3012597,2.277752208324305
3012598,10.842880832860487
3012599,7.309860200528782
3012600,59.285957616483095
3012601,1.772597480762022
3012602,3.0914305465031866
3012603,1.772597480762022
3012604,1.7267456148305858
3012605,4.616621685359159
3012606,290.986936655452
3012607,1.7267456148305858
3012608,102.72354991320917
3012609,2.472422937120056
3012610,162.11820731948632
3012611,171.44566056747107
3012612,92.14824006990263
3012613,10.774502327130289
3012614,10.871634977332844
3012615,764.2084901350712
3012616,3.085698853221623
3012617,1.7267456148305858
3012618,8.410804415180587
3012619,7.391532074369735
3012620,1.7267456148305858
3012621,76.52942499709688
3012622,2.414997698846263
3012623,2.472422937120056
3012624,1.7267456148305858
3012625,26.82485446497881
3012626,1.7267456148305858
3012627,10.993747456700177
3012628,95.45307983627225
3012629,2.3328695812083526
3012630,2.277752208324305
3012631,10.842880832860487
3012632,7.309860200528782
3012633,59.285957616483095
3012634,1.772597480762022
3012635,3.0914305465031866
3012636,1.7470938312046247
3012637,1.7016637322005486
3012638,1.7470938312046247
3012639,729.5203604977027
3012640,1.7016637322005486
3012641,99.00367010270762
3012642,2.3638478840842767
3012643,439.865206327175
3012644,377.20498306818877
3012645,99.96254671504147
3012646,37.31613201736193
3012647,10.753800374939532
3012648,762.8539223296021
3012649,3.027164636702434
3012650,1.7016637322005486
3012651,3.7773755261092052
3012652,7.29587082108052
3012653,1.7016637322005486
3012654,101.52866091263047
3012655,2.3082182071243196
3012656,7.022407254807147
3012657,1.7016637322005486
3012658,13.390477929421827
3012659,1.7016637322005486
3012660,10.879670623894667
3012661,95.03788438980592
3012662,2.2884731448403115
3012663,2.2340899785846355
3012664,10.730238946612415
3012665,7.2356638338288715
3012666,431.38524833835453
3012667,6.285393682338485
3012668,2.9635004825037736
3012702,1.8137437405402945
3012703,1.7538126020153846
3012704,1.8137437405402945
3012705,765.743123270315
3012706,1.7538126020153846
3012707,117.60690827836063
3012708,2.475214610523442
3012709,366.5555096292896
3012710,145.51389173731806
3012711,111.77868524910627
3012712,47.917885722544696
3012713,15.09468410692995
3012714,809.6720114886227
3012715,3.230406970007997
3012716,1.7538126020153846
3012717,9.280818314307579
3012718,3.6698559596563474
3012719,1.7538126020153846
3012720,108.14326845992099
3012721,2.4011945193451787
3012722,2.475214610523442
3012723,1.7538126020153846
3012724,6.3793598021066025
3012725,1.7538126020153846
3012726,15.312674416893575
3012727,120.60161190362403
3012728,2.381800857259504
3012729,2.3097704258026712
3012730,48.201968381518824
3012731,8.663955501578695
3012732,444.91463511859666
3012733,1.8137437405402945
3012734,3.236341669573325
3012735,1.772597480762022
3012736,1.7267456148305858
3012737,4.616621685359159
3012738,176.57137954423433
3012739,1.7267456148305858
3012740,102.72354991320917
3012741,2.472422937120056
3012742,143.3432289288256
3012743,282.10554270575847
3012744,94.2458071550521
3012745,10.774502327130289
3012746,10.871634977332844
3012747,749.6949188560538
3012748,3.085698853221623
3012749,1.7267456148305858
3012750,3.827281309301763
3012751,3.304444567317459
3012752,1.7267456148305858
3012753,76.52942499709688
3012754,2.414997698846263
3012755,2.472422937120056
3012756,4.013478092749234
3012757,13.520123966339032
3012758,1.7267456148305858
3012759,10.993747456700177
3012760,101.97191758590768
3012761,2.3328695812083526
3012762,5.398219979149273
3012763,10.842880832860487
3012764,7.309860200528782
3012765,59.285957616483095
3012766,1.772597480762022
3012767,3.0914305465031866
3012768,1.772597480762022
3012769,1.7267456148305858
3012770,4.013478092749234
3012771,188.79237390253473
3012772,1.7267456148305858
3012773,96.1571286155158
3012774,2.472422937120056
3012775,112.95774693427646
3012776,225.06406152667265
3012777,97.08871140897986
3012778,10.774502327130289
3012779,10.871634977332844
3012780,666.6730307702854
3012781,3.085698853221623
3012782,1.7267456148305858
3012783,3.827281309301763
3012784,7.391532074369735
3012785,1.7267456148305858
3012786,86.53219369918367
3012787,2.414997698846263
3012788,2.472422937120056
3012789,1.7267456148305858
3012790,22.554608914271867
3012791,1.7267456148305858
3012792,10.993747456700177
3012793,98.70820143257707
3012794,2.3328695812083526
3012795,2.277752208324305
3012796,10.842880832860487
3012797,7.309860200528782
3012798,59.285957616483095
3012799,1.772597480762022
3012800,3.0914305465031866
3012801,1.7470938312046247
3012802,1.7016637322005486
3012803,1.7470938312046247
3012804,639.3809412803422
3012805,1.7016637322005486
3012806,95.73890249498785
3012807,2.3638478840842767
3012808,186.6416856149342
3012809,281.0962130647371
3012810,96.66647516317121
3012811,37.31613201736193
3012812,10.753800374939532
3012813,762.8539223296021
3012814,2.957948006706167
3012815,1.7016637322005486
3012816,8.313512889222368
3012817,3.2553750340815446
3012818,1.7016637322005486
3012819,90.28640436667553
3012820,2.3082182071243196
3012821,7.022407254807147
3012822,1.7016637322005486
3012823,16.16984816416285
3012824,1.7016637322005486
3012825,10.879670623894667
3012826,98.27899387092712
3012827,2.2884731448403115
3012828,2.2340899785846355
3012829,10.730238946612415
3012830,7.2356638338288715
3012831,431.38524833835453
3012832,1.7951350325941688
3012833,2.9635004825037736
3012834,1.4616707397224218
3012835,1.4143024133093034
3012836,4.245381359345849
3012837,306.2834016425965
3012838,1.4143024133093034
3012839,91.64911233603604
3012840,1.7164465618095028
3012841,110.42568793936687
3012842,563.6883659971691
3012843,80.98075895961234
3012844,2.7094434245681347
3012845,2.738157207460168
3012846,1301.6131720805674
3012847,1.789922201977288
3012848,1.4143024133093034
3012849,6.5136419083908095
3012850,7.981875609027654
3012851,1.4143024133093034
3012852,70.06467396564095
3012853,13.791317242907294
3012854,1.7164465618095028
3012855,10.246019777861788
3012856,24.298541108369736
3012857,1.4327181711774921
3012858,2.775016104634192
3012859,91.06296850865047
3012860,1.7037899909980783
3012861,1.6719897734538391
3012862,2.730985413470565
3012863,2.5500193740478516
3012864,36.263511307705045
3012865,13.09406493360963
3012866,1.7906867217270452
3012867,1.4616707397224218
3012868,1.4143024133093034
3012869,5.043213664135698
3012870,235.05964314176165
3012871,1.4143024133093034
3012872,109.86562682428867
3012873,1.7164465618095028
3012874,143.34410525297565
3012875,515.6615348445321
3012876,80.98075895961234
3012877,2.7094434245681347
3012878,2.738157207460168
3012879,1301.6131720805674
3012880,1.789922201977288
3012881,1.4143024133093034
3012882,2.1221462863301674
3012883,6.971070917935556
3012884,1.4143024133093034
3012885,70.06467396564095
3012886,7.5283815702350445
3012887,1.7164465618095028
3012888,7.038757970670426
3012889,14.410773374535433
3012890,1.4327181711774921
3012891,2.775016104634192
3012892,109.79188806136877
3012893,1.7037899909980783
3012894,1.6719897734538391
3012895,2.730985413470565
3012896,2.5500193740478516
3012897,36.263511307705045
3012898,13.09406493360963
3012899,1.7906867217270452
3012900,1.5279073522613027
3012901,1.4258495832343425
3012902,5.205819489318542
3012903,151.42328724402955
3012904,1.4258495832343425
3012905,116.13324815554355
3012906,1.7895384727193426
3012907,248.6353274612784
3012908,595.6121727677275
3012909,85.61541776528627
3012910,2.919151224910571
3012911,2.9494882982967843
3012912,1375.2544469966028
3012913,1.8649911350088555
3012914,1.4258495832343425
3012915,2.2061544319039643
3012916,7.185549941223121
3012917,1.4258495832343425
3012918,77.33262389084821
3012919,9.29800661453548
3012920,1.7895384727193426
3012921,5.021993416965505
3012922,30.60126609385046
3012923,1.4981757518037089
3012924,2.9884309577404298
3012925,116.05534068265786
3012926,1.7765413493054196
3012927,6.679384081816573
3012928,20.676822689380057
3012929,2.6455403769139143
3012930,38.37014782832649
3012931,14.710520450329135
3012932,1.8657762258275317
3012933,1.5279073522613027
3012934,1.4258495832343425
3012935,5.205819489318542
3012936,164.74597667387803
3012937,1.4258495832343425
3012938,116.13324815554355
3012939,1.7895384727193426
3012940,151.50438196848387
3012941,544.8702170085979
3012942,85.61541776528627
3012943,2.919151224910571
3012944,2.9494882982967843
3012945,1375.2544469966028
3012946,1.8649911350088555
3012947,1.4258495832343425
3012948,6.715812807939341
3012949,7.185549941223121
3012950,1.4258495832343425
3012951,74.0822083376935
3012952,14.189309847421335
3012953,1.7895384727193426
3012954,8.658655115922906
3012955,30.60126609385046
3012956,1.4981757518037089
3012957,2.9884309577404298
3012958,146.74771759539507
3012959,1.7765413493054196
3012960,1.743885477650279
3012961,2.9419110577293717
3012962,2.6455403769139143
3012963,38.37014782832649
3012964,12.605134189664827
3012965,1.8657762258275317
3012966,1.5279073522613027
3012967,1.4258495832343425
3012968,5.205819489318542
3012969,151.42328724402955
3012970,1.4258495832343425
3012971,96.88689044123285
3012972,1.7895384727193426
3012973,151.50438196848387
3012974,358.97070409252035
3012975,71.19986885281477
3012976,2.919151224910571
3012977,2.9494882982967843
3012978,1375.2544469966028
3012979,1.8649911350088555
3012980,1.4258495832343425
3012981,2.2061544319039643
3012982,7.185549941223121
3012983,1.4258495832343425
3012984,74.0822083376935
3012985,6.771254336001313
3012986,1.7895384727193426
3012987,5.774608266723163
3012988,24.97925345472643
3012989,1.4981757518037089
3012990,2.9884309577404298
3012991,84.25003342307033
3012992,1.7765413493054196
3012993,5.556532402693007
3012994,2.9419110577293717
3012995,2.6455403769139143
3012996,38.37014782832649
3012997,13.473296446192265
3012998,1.8657762258275317
3012999,1.4616707397224218
3013000,1.4143024133093034
3013001,5.043213664135698
3013002,143.26734978345405
3013003,1.4143024133093034
3013004,91.64911233603604
3013005,1.7164465618095028
3013006,105.04447967354658
3013007,515.6615348445321
3013008,76.92041764426622
3013009,2.7094434245681347
3013010,2.738157207460168
3013011,1301.6131720805674
3013012,1.789922201977288
3013013,1.4143024133093034
3013014,7.82079628494847
3013015,6.971070917935556
3013016,1.4143024133093034
3013017,70.06467396564095
3013018,6.567630749110614
3013019,1.7164465618095028
3013020,4.993328415741292
3013021,24.298541108369736
3013022,1.4327181711774921
3013023,2.775016104634192
3013024,109.79188806136877
3013025,1.7037899909980783
3013026,1.6719897734538391
3013027,2.730985413470565
3013028,2.5500193740478516
3013029,36.263511307705045
3013030,13.09406493360963
3013031,1.7906867217270452
3013065,1.5279073522613027
3013066,1.4258495832343425
3013067,5.205819489318542
3013068,248.40491973636082
3013069,1.4258495832343425
3013070,116.13324815554355
3013071,1.7895384727193426
3013072,111.03954470769966
3013073,544.8702170085979
3013074,78.58721739481163
3013075,2.919151224910571
3013076,2.9494882982967843
3013077,1372.7796732082804
3013078,1.8649911350088555
3013079,1.4258495832343425
3013080,2.2061544319039643
3013081,7.185549941223121
3013082,1.4258495832343425
3013083,70.06172771137487
3013084,7.757856250392752
3013085,1.7895384727193426
3013086,1.4258495832343425
3013087,19.2708160163489
3013088,1.4981757518037089
3013089,2.9884309577404298
3013090,88.69959007168923
3013091,1.7765413493054196
3013092,1.743885477650279
3013093,2.9419110577293717
3013094,2.6455403769139143
3013095,38.37014782832649
3013096,14.710520450329135
3013097,1.8657762258275317
3013098,1.5279073522613027
3013099,1.4258495832343425
3013100,1.5279073522613027
3013101,323.65520621398235
3013102,1.4258495832343425
3013103,96.88689044123285
3013104,1.7895384727193426
3013105,96.84099947535033
3013106,410.560042717455
3013107,81.32553116553399
3013108,2.919151224910571
3013109,2.9494882982967843
3013110,1369.2795835145344
3013111,1.8649911350088555
3013112,1.4258495832343425
3013113,8.058139019857206
3013114,7.185549941223121
3013115,1.4258495832343425
3013116,58.2770523449872
3013117,1.7567297373605153
3013118,1.7895384727193426
3013119,1.4258495832343425
3013120,19.2708160163489
3013121,1.4981757518037089
3013122,2.9884309577404298
3013123,88.69959007168923
3013124,1.7765413493054196
3013125,1.743885477650279
3013126,2.9419110577293717
3013127,2.6455403769139143
3013128,38.37014782832649
3013129,1.5279073522613027
3013130,1.8657762258275317
3013131,1.4616707397224218
3013132,1.4143024133093034
3013133,5.043213664135698
3013134,567.989195113237
3013135,1.4143024133093034
3013136,91.64911233603604
3013137,1.7164465618095028
3013138,91.60567692569566
3013139,388.5380929854476
3013140,80.98075895961234
3013141,2.7094434245681347
3013142,2.738157207460168
3013143,1301.6131720805674
3013144,1.789922201977288
3013145,1.4143024133093034
3013146,2.1221462863301674
3013147,6.971070917935556
3013148,1.4143024133093034
3013149,66.25932312127756
3013150,1.6844974859195672
3013151,1.7164465618095028
3013152,1.4143024133093034
3013153,24.298541108369736
3013154,1.4327181711774921
3013155,2.775016104634192
3013156,79.6884342495964
3013157,1.7037899909980783
3013158,1.6719897734538391
3013159,2.730985413470565
3013160,2.5500193740478516
3013161,36.263511307705045
3013162,1.4616707397224218
3013163,1.7906867217270452
3013164,1.772597480762022
3013165,1.7267456148305858
3013166,1.772597480762022
3013167,170.60540389484044
3013168,1.7267456148305858
3013169,99.43601061833184
3013170,2.472422937120056
3013171,162.11820731948632
3013172,256.27778136917317
3013173,97.08871140897986
3013174,10.774502327130289
3013175,10.871634977332844
3013176,746.547823062661
3013177,3.085698853221623
3013178,1.7267456148305858
3013179,8.410804415180587
3013180,8.399771020854613
3013181,1.7267456148305858
3013182,55.90600372355906
3013183,2.414997698846263
3013184,2.472422937120056
3013185,1.7267456148305858
3013186,16.324533976536234
3013187,1.7267456148305858
3013188,10.993747456700177
3013189,92.65758107772828
3013190,2.3328695812083526
3013191,2.277752208324305
3013192,10.842880832860487
3013193,7.309860200528782
3013194,43.054335556390896
3013195,1.772597480762022
3013196,3.0914305465031866
3013197,1.8137437405402945
3013198,1.7538126020153846
3013199,3.991577319003177
3013200,683.4432876569762
3013201,1.7538126020153846
3013202,96.3921155235122
3013203,2.475214610523442
3013204,219.68998904626955
3013205,106.28679139153581
3013206,105.41997935948878
3013207,47.917885722544696
3013208,15.09468410692995
3013209,809.6720114886227
3013210,3.230406970007997
3013211,1.7538126020153846
3013212,4.39956584596318
3013213,3.6698559596563474
3013214,1.7538126020153846
3013215,108.14326845992099
3013216,2.4011945193451787
3013217,2.475214610523442
3013218,1.7538126020153846
3013219,17.923217335576712
3013220,1.7538126020153846
3013221,15.312674416893575
3013222,109.8980980166696
3013223,2.381800857259504
3013224,2.3097704258026712
3013225,15.1074809922398
3013226,8.663955501578695
3013227,444.91463511859666
3013228,1.8137437405402945
3013229,3.236341669573325
3013362,1.7747904673466968
3013363,1.7289023348718593
3013364,4.017443504344767
3013365,720.7291981791988
3013366,1.7289023348718593
3013367,144.2452619336378
3013368,2.478982317425468
3013369,135.06105623671024
3013370,364.6279208986098
3013371,104.03434809795925
3013372,10.81006190651216
3013373,10.907487902122408
3013374,767.9020934786168
3013375,3.0934167070306104
3013376,1.7289023348718593
3013377,3.836400006684629
3013378,8.417527116245664
3013379,1.7289023348718593
3013380,76.76356769510824
3013381,2.421448603316851
3013382,10.132134806760387
3013383,1.7289023348718593
3013384,31.130922480413332
3013385,1.7289023348718593
3013386,11.02996916721698
3013387,92.94043160478408
3013388,2.3355057151335883
3013389,2.280344747151386
3013390,10.878646918711596
3013391,7.325557462736501
3013392,434.24280352281255
3013393,1.7747904673466968
3013394,3.0991592274368385
3013725,1.7747904673466968
3013726,1.7289023348718593
3013727,4.62106415351137
3013728,711.7858685999088
3013729,1.7289023348718593
3013730,170.5339453599924
3013731,2.478982317425468
3013732,126.36479678914256
3013733,315.8390437986019
3013734,97.3849441687948
3013735,10.81006190651216
3013736,10.907487902122408
3013737,767.9020934786168
3013738,3.0934167070306104
3013739,1.7289023348718593
3013740,3.836400006684629
3013741,7.407383614120969
3013742,1.7289023348718593
3013743,76.76356769510824
3013744,2.421448603316851
3013745,10.132134806760387
3013746,4.017443504344767
3013747,18.71179130966769
3013748,1.7289023348718593
3013749,11.02996916721698
3013750,124.22641859134679
3013751,2.3355057151335883
3013752,2.280344747151386
3013753,10.878646918711596
3013754,7.325557462736501
3013755,434.24280352281255
3013756,1.7747904673466968
3013757,3.0991592274368385
3014088,1.7747904673466968
3014089,1.7289023348718593
3014090,4.017443504344767
3014091,643.6131020347068
3014092,1.7289023348718593
3014093,224.24941557312582
3014094,2.478982317425468
3014095,162.61083237323837
3014096,425.2487553602665
3014097,104.03434809795925
3014098,10.81006190651216
3014099,10.907487902122408
3014100,767.9020934786168
3014101,3.0934167070306104
3014102,1.7289023348718593
3014103,3.836400006684629
3014104,9.380992765089442
3014105,1.7289023348718593
3014106,92.94043160478408
3014107,2.421448603316851
3014108,13.042643452566935
3014109,1.7289023348718593
3014110,31.130922480413332
3014111,1.7289023348718593
3014112,11.02996916721698
3014113,224.09959805322742
3014114,2.3355057151335883
3014115,5.403280652643146
3014116,10.878646918711596
3014117,7.325557462736501
3014118,434.24280352281255
3014119,1.7747904673466968
3014120,6.971449714399797
3014451,1.7747904673466968
3014452,1.7289023348718593
3014453,4.017443504344767
3014454,382.9302147317577
3014455,1.7289023348718593
3014456,109.88655466020607
3014457,2.478982317425468
3014458,187.93217937571424
3014459,364.6279208986098
3014460,100.70526278442351
3014461,10.81006190651216
3014462,10.907487902122408
3014463,767.9020934786168
3014464,3.0934167070306104
3014465,1.7289023348718593
3014466,8.428581352568932
3014467,7.407383614120969
3014468,1.7289023348718593
3014469,86.79654525340133
3014470,2.421448603316851
3014471,11.861809666501191
3014472,1.7289023348718593
3014473,22.599103389919506
3014474,1.7289023348718593
3014475,11.02996916721698
3014476,102.28289786989494
3014477,2.3355057151335883
3014478,2.280344747151386
3014479,10.878646918711596
3014480,7.325557462736501
3014481,434.24280352281255
3014482,1.7747904673466968
3014483,3.0991592274368385
3014814,1.7747904673466968
3014815,1.7289023348718593
3014816,1.7747904673466968
3014817,435.94125098748873
3014818,1.7289023348718593
3014819,99.73933233785394
3014820,2.478982317425468
3014821,187.93217937571424
3014822,257.05477299358427
3014823,100.70526278442351
3014824,10.81006190651216
3014825,10.907487902122408
3014826,767.9020934786168
3014827,3.0934167070306104
3014828,1.7289023348718593
3014829,3.836400006684629
3014830,8.417527116245664
3014831,1.7289023348718593
3014832,90.87161237604727
3014833,2.421448603316851
3014834,7.302718631218655
3014835,1.7289023348718593
3014836,16.357259888392008
3014837,1.7289023348718593
3014838,11.02996916721698
3014839,124.22641859134679
3014840,2.3355057151335883
3014841,2.280344747151386
3014842,10.878646918711596
3014843,7.325557462736501
3014844,434.24280352281255
3014845,1.7747904673466968
3014846,3.0991592274368385
3015012,1.7747904673466968
3015013,1.7289023348718593
3015014,4.017443504344767
3015015,720.7291981791988
3015016,1.7289023348718593
3015017,196.92769954565438
3015018,2.478982317425468
3015019,255.86551048182656
3015020,379.7044707688156
3015021,100.70526278442351
3015022,10.81006190651216
3015023,10.907487902122408
3015024,767.9020934786168
3015025,3.0934167070306104
3015026,1.7289023348718593
3015027,9.571657118938417
3015028,8.417527116245664
3015029,1.7289023348718593
3015030,76.76356769510824
3015031,2.421448603316851
3015032,12.53248382440523
3015033,7.7466356974784
3015034,18.71179130966769
3015035,1.7289023348718593
3015036,11.02996916721698
3015037,170.41985498507714
3015038,2.3355057151335883
3015039,2.280344747151386
3015040,10.878646918711596
3015041,7.325557462736501
3015042,434.24280352281255
3015043,1.7747904673466968
3015044,6.971449714399797
3015045,1.7747904673466968
3015046,1.7289023348718593
3015047,4.62106415351137
3015048,643.6131020347068
3015049,1.7289023348718593
3015050,109.88655466020607
3015051,2.478982317425468
3015052,122.67338401195971
3015053,401.45562345392716
3015054,104.03434809795925
3015055,10.81006190651216
3015056,10.907487902122408
3015057,767.9020934786168
3015058,3.0934167070306104
3015059,1.7289023348718593
3015060,8.428581352568932
3015061,9.380992765089442
3015062,1.7289023348718593
3015063,86.79654525340133
3015064,2.421448603316851
3015065,13.47818601811404
3015066,4.62106415351137
3015067,26.87741540173207
3015068,1.7289023348718593
3015069,11.02996916721698
3015070,124.22641859134679
3015071,2.3355057151335883
3015072,2.280344747151386
3015073,10.878646918711596
3015074,7.325557462736501
3015075,434.24280352281255
3015076,1.7747904673466968
3015077,6.971449714399797
3015078,1.7747904673466968
3015079,1.7289023348718593
3015080,4.62106415351137
3015081,680.4423989874446
3015082,1.7289023348718593
3015083,196.92769954565438
3015084,2.478982317425468
3015085,162.61083237323837
3015086,343.6178317568097
3015087,100.70526278442351
3015088,10.81006190651216
3015089,10.907487902122408
3015090,767.9020934786168
3015091,3.0934167070306104
3015092,1.7289023348718593
3015093,8.428581352568932
3015094,8.417527116245664
3015095,1.7289023348718593
3015096,76.76356769510824
3015097,2.421448603316851
3015098,13.042643452566935
3015099,4.62106415351137
3015100,26.87741540173207
3015101,1.7289023348718593
3015102,11.02996916721698
3015103,144.1486566444987
3015104,2.3355057151335883
3015105,2.280344747151386
3015106,10.878646918711596
3015107,7.325557462736501
3015108,434.24280352281255
3015109,1.7747904673466968
3015110,3.0991592274368385
3015111,1.7492666456720958
3015112,1.7038006137212625
3015113,3.9712907101881276
3015114,718.1560847546071
3015115,1.7038006137212625
3015116,93.27174268326921
3015117,2.366508520304957
3015118,515.4112488253511
3015119,434.546427432722
3015120,94.17565920123411
3015121,37.43184863112814
3015122,10.789297433401892
3015123,765.1607989544127
3015124,3.034771919825194
3015125,1.7038006137212625
3015126,8.3311060436641
3015127,7.311541657457722
3015128,1.7038006137212625
3015129,98.57882134264729
3015130,2.3108348430398244
3015131,2.366508520304957
3015132,6.291156066067208
3015133,22.38839374058076
3015134,1.7038006137212625
3015135,10.915547816734282
3015136,169.80870785230678
3015137,2.2910741633944784
3015138,2.2366479827615406
3015139,10.76566484839591
3015140,7.251220939668757
3015141,51.47890872242711
3015142,10.345926695937866
3015143,2.9666354140785125
3013395,1.8116841580619032
3013396,1.7517968874703223
3013397,1.8116841580619032
3013398,330.34843287416464
3013399,1.7517968874703223
3013400,85.57747578001266
3013401,2.4726708496907266
3013402,281.6391964838772
3013403,435.97790579953795
3013404,86.40761647979998
3013405,46.733299786547505
3013406,14.704938390086753
3013407,790.040936896342
3013408,3.2273104292866943
3013409,1.7517968874703223
3013410,4.335134770418882
3013411,7.785346209059101
3013412,1.7517968874703223
3013413,101.11135062080838
3013414,2.398704939168876
3013415,2.4726708496907266
3013416,1.7517968874703223
3013417,14.825109641701365
3013418,1.7517968874703223
3013419,14.917649889415943
3013420,113.89607520596488
3013421,2.3793254727066504
3013422,2.307347765530427
3013423,14.717425388529287
3013424,8.54863899933723
3013425,67.39107737872997
3013426,3.987923622670553
3013427,3.2332407848163296
3013428,1.7470938312046247
3013429,1.7016637322005486
3013430,3.967361774304768
3013431,734.2516250833767
3013432,1.7016637322005486
3013433,95.73890249498785
3013434,2.3638478840842767
3013435,513.8563571624911
3013436,433.23501620699005
3013437,99.96254671504147
3013438,37.31613201736193
3013439,10.753800374939532
3013440,762.8539223296021
3013441,3.027164636702434
3013442,1.7016637322005486
3013443,8.313512889222368
3013444,7.29587082108052
3013445,1.7016637322005486
3013446,98.27899387092712
3013447,2.3082182071243196
3013448,2.3638478840842767
3013449,1.7016637322005486
3013450,16.16984816416285
3013451,1.7016637322005486
3013452,10.879670623894667
3013453,143.15722449988328
3013454,2.2884731448403115
3013455,2.2340899785846355
3013456,10.730238946612415
3013457,7.2356638338288715
3013458,42.30143370872252
3013459,9.86528350113351
3013460,2.9635004825037736
3013461,1.8116841580619032
3013462,1.7517968874703223
3013463,1.8116841580619032
3013464,373.62757554825816
3013465,1.7517968874703223
3013466,106.27766365534556
3013467,2.4726708496907266
3013468,357.65485742459964
3013469,435.97790579953795
3013470,102.8429339905745
3013471,46.733299786547505
3013472,14.704938390086753
3013473,790.040936896342
3013474,3.2273104292866943
3013475,1.7517968874703223
3013476,4.335134770418882
3013477,3.614132249509807
3013478,1.7517968874703223
3013479,101.11135062080838
3013480,2.398704939168876
3013481,2.4726708496907266
3013482,6.297028541052821
3013483,17.697413394950388
3013484,1.7517968874703223
3013485,14.917649889415943
3013486,117.65693109561377
3013487,2.3793254727066504
3013488,2.307347765530427
3013489,14.717425388529287
3013490,8.54863899933723
3013491,56.259571758049894
3013492,7.783735405607523
3013493,3.2332407848163296
3013494,1.8116841580619032
3013495,1.7517968874703223
3013496,3.987923622670553
3013497,421.7227210848811
3013498,1.7517968874703223
3013499,106.27766365534556
3013500,2.4726708496907266
3013501,317.9247616063916
3013502,435.97790579953795
3013503,54.87620254510638
3013504,46.733299786547505
3013505,14.704938390086753
3013506,790.040936896342
3013507,3.2273104292866943
3013508,1.7517968874703223
3013509,4.335134770418882
3013510,3.614132249509807
3013511,1.7517968874703223
3013512,107.21261140376717
3013513,2.398704939168876
3013514,2.4726708496907266
3013515,1.7517968874703223
3013516,14.825109641701365
3013517,1.7517968874703223
3013518,14.917649889415943
3013519,113.89607520596488
3013520,2.3793254727066504
3013521,2.307347765530427
3013522,14.717425388529287
3013523,8.54863899933723
3013524,67.39107737872997
3013525,11.340422676905726
3013526,3.2332407848163296
3013527,1.8137437405402945
3013528,1.7538126020153846
3013529,1.8137437405402945
3013530,658.8312289260099
3013531,1.7538126020153846
3013532,108.93994789257671
3013533,2.475214610523442
3013534,288.65338612954474
3013535,446.82228244783965
3013536,67.39501557098505
3013537,47.917885722544696
3013538,15.09468410692995
3013539,809.6720114886227
3013540,3.230406970007997
3013541,1.7538126020153846
3013542,4.39956584596318
3013543,7.891444616997589
3013544,1.7538126020153846
3013545,103.6454236975073
3013546,2.4011945193451787
3013547,2.475214610523442
3013548,1.7538126020153846
3013549,6.3793598021066025
3013550,1.7538126020153846
3013551,15.312674416893575
3013552,143.40808875756395
3013553,2.381800857259504
3013554,2.3097704258026712
3013555,15.1074809922398
3013556,8.663955501578695
3013557,69.08832246282893
3013558,6.302373676310771
3013559,3.236341669573325
3013560,1.8116841580619032
3013561,1.7517968874703223
3013562,1.8116841580619032
3013563,758.3889441682355
3013564,1.7517968874703223
3013565,85.57747578001266
3013566,2.4726708496907266
3013567,456.84416843654134
3013568,435.97790579953795
3013569,94.94490949338072
3013570,63.5915742181984
3013571,46.972360325927106
3013572,790.040936896342
3013573,3.2273104292866943
3013574,1.7517968874703223
3013575,9.158141010175507
3013576,7.785346209059101
3013577,1.7517968874703223
3013578,113.89607520596488
3013579,2.398704939168876
3013580,2.4726708496907266
3013581,1.7517968874703223
3013582,24.21563140213106
3013583,1.7517968874703223
3013584,14.917649889415943
3013585,139.91113077461495
3013586,2.3793254727066504
3013587,2.307347765530427
3013588,56.34395028616076
3013589,24.292676755496984
3013590,56.259571758049894
3013591,10.543262919899524
3013592,3.2332407848163296
3013593,1.8137437405402945
3013594,1.7538126020153846
3013595,1.8137437405402945
3013596,575.1131154794618
3013597,1.7538126020153846
3013598,104.4092716008891
3013599,2.475214610523442
3013600,288.65338612954474
3013601,446.82228244783965
3013602,105.41997935948878
3013603,47.917885722544696
3013604,15.09468410692995
3013605,809.6720114886227
3013606,3.230406970007997
3013607,1.7538126020153846
3013608,4.39956584596318
3013609,7.891444616997589
3013610,1.7538126020153846
3013611,95.68636391249427
3013612,2.4011945193451787
3013613,2.475214610523442
3013614,1.7538126020153846
3013615,15.016225495132982
3013616,1.7538126020153846
3013617,15.312674416893575
3013618,109.8980980166696
3013619,2.381800857259504
3013620,2.3097704258026712
3013621,15.1074809922398
3013622,8.663955501578695
3013623,18.210535259942734
3013624,1.8137437405402945
3013625,3.236341669573325
3013626,1.8137437405402945
3013627,1.7538126020153846
3013628,3.991577319003177
3013629,530.881922636589
3013630,1.7538126020153846
3013631,117.60690827836063
3013632,2.475214610523442
3013633,255.19095292240831
3013634,446.82228244783965
3013635,111.77868524910627
3013636,47.917885722544696
3013637,15.09468410692995
3013638,809.6720114886227
3013639,3.230406970007997
3013640,1.7538126020153846
3013641,4.39956584596318
3013642,7.891444616997589
3013643,1.7538126020153846
3013644,113.01093699762731
3013645,2.4011945193451787
3013646,2.475214610523442
3013647,6.302373676310771
3013648,15.016225495132982
3013649,1.7538126020153846
3013650,15.312674416893575
3013651,120.60161190362403
3013652,2.381800857259504
3013653,2.3097704258026712
3013654,15.1074809922398
3013655,8.663955501578695
3013656,57.68056891745687
3013657,7.790169566245503
3013658,3.236341669573325
3013659,1.745083034613688
3013660,1.6996861891836859
3013661,3.963725803080102
3013662,623.8736018784739
3013663,1.6996861891836859
3013664,93.39629218657566
3013665,2.3613856406104965
3013666,394.5128092053266
3013667,422.71966613577376
3013668,94.30140293676892
3013669,36.38827607184915
3013670,10.469172648025017
3013671,744.3565854111564
3013672,2.979109930761456
3013673,1.6996861891836859
3013674,3.7203688236802774
3013675,3.2045971756181233
3013676,1.6996861891836859
3013677,88.07583068461061
3013678,2.305796683033152
3013679,2.3613856406104965
3013680,6.280060975965783
3013681,18.266282944093792
3013682,1.6996861891836859
3013683,10.591994847693682
3013684,95.87487320744458
3013685,2.286066073587805
3013686,2.231722714303434
3013687,10.446181778629793
3013688,7.137390621912848
3013689,50.05390443472615
3013690,9.209524794799446
3013691,2.960599309938111
3013692,1.8116841580619032
3013693,1.7517968874703223
3013694,3.987923622670553
3013695,518.0019742115888
3013696,1.7517968874703223
3013697,85.57747578001266
3013698,2.4726708496907266
3013699,281.6391964838772
3013700,435.97790579953795
3013701,107.30628633088617
3013702,46.733299786547505
3013703,14.704938390086753
3013704,790.040936896342
3013705,3.2273104292866943
3013706,1.7517968874703223
3013707,4.335134770418882
3013708,3.614132249509807
3013709,1.7517968874703223
3013710,107.21261140376717
3013711,2.398704939168876
3013712,2.4726708496907266
3013713,1.7517968874703223
3013714,6.291304557955158
3013715,1.7517968874703223
3013716,14.917649889415943
3013717,125.49865740827957
3013718,2.3793254727066504
3013719,2.307347765530427
3013720,14.717425388529287
3013721,8.54863899933723
3013722,56.259571758049894
3013723,3.987923622670553
3013724,3.2332407848163296
3013758,1.7470938312046247
3013759,1.7016637322005486
3013760,1.7470938312046247
3013761,715.9907372664882
3013762,1.7016637322005486
3013763,92.98789459306016
3013764,2.3638478840842767
3013765,527.597333717444
3013766,433.23501620699005
3013767,96.66647516317121
3013768,37.31613201736193
3013769,10.753800374939532
3013770,762.8539223296021
3013771,3.027164636702434
3013772,1.7016637322005486
3013773,8.313512889222368
3013774,7.29587082108052
3013775,1.7016637322005486
3013776,92.30681165663681
3013777,2.3082182071243196
3013778,2.3638478840842767
3013779,1.7016637322005486
3013780,16.16984816416285
3013781,1.7016637322005486
3013782,10.879670623894667
3013783,101.52866091263047
3013784,2.2884731448403115
3013785,2.2340899785846355
3013786,37.53864671733966
3013787,7.2356638338288715
3013788,42.30143370872252
3013789,10.699723005475798
3013790,2.9635004825037736
3013791,1.7470938312046247
3013792,1.7016637322005486
3013793,1.7470938312046247
3013794,639.3809412803422
3013795,1.7016637322005486
3013796,95.73890249498785
3013797,2.3638478840842767
3013798,546.5902395517976
3013799,433.23501620699005
3013800,96.66647516317121
3013801,37.31613201736193
3013802,37.616055674359814
3013803,762.8539223296021
3013804,3.027164636702434
3013805,1.7016637322005486
3013806,3.7773755261092052
3013807,8.292616109389403
3013808,1.7016637322005486
3013809,92.30681165663681
3013810,2.3082182071243196
3013811,2.3638478840842767
3013812,1.7016637322005486
3013813,18.498956978630176
3013814,1.7016637322005486
3013815,10.879670623894667
3013816,101.52866091263047
3013817,2.2884731448403115
3013818,2.2340899785846355
3013819,10.730238946612415
3013820,7.2356638338288715
3013821,51.32089702567551
3013822,1.7470938312046247
3013823,2.9635004825037736
3013824,1.8137437405402945
3013825,1.7538126020153846
3013826,1.8137437405402945
3013827,530.881922636589
3013828,1.7538126020153846
3013829,66.74544419065599
3013830,2.475214610523442
3013831,366.5555096292896
3013832,446.82228244783965
3013833,109.9940976521519
3013834,47.917885722544696
3013835,15.09468410692995
3013836,809.6720114886227
3013837,3.230406970007997
3013838,1.7538126020153846
3013839,4.39956584596318
3013840,3.6698559596563474
3013841,1.7538126020153846
3013842,103.6454236975073
3013843,2.4011945193451787
3013844,2.475214610523442
3013845,1.7538126020153846
3013846,17.923217335576712
3013847,1.7538126020153846
3013848,15.312674416893575
3013849,109.8980980166696
3013850,2.381800857259504
3013851,2.3097704258026712
3013852,15.1074809922398
3013853,8.663955501578695
3013854,69.08832246282893
3013855,4.580073891625225
3013856,3.236341669573325
3013857,1.772597480762022
3013858,1.7267456148305858
3013859,4.616621685359159
3013860,188.79237390253473
3013861,1.7267456148305858
3013862,96.1571286155158
3013863,2.472422937120056
3013864,134.65138235283632
3013865,314.88505530824324
3013866,88.01654671192085
3013867,10.774502327130289
3013868,10.871634977332844
3013869,765.5869629360012
3013870,3.085698853221623
3013871,1.7267456148305858
3013872,3.827281309301763
3013873,7.391532074369735
3013874,1.7267456148305858
3013875,65.6513760964384
3013876,2.414997698846263
3013877,2.472422937120056
3013878,1.7267456148305858
3013879,22.554608914271867
3013880,1.7267456148305858
3013881,10.993747456700177
3013882,101.97191758590768
3013883,2.3328695812083526
3013884,2.277752208324305
3013885,10.842880832860487
3013886,7.309860200528782
3013887,432.93230649538134
3013888,1.772597480762022
3013889,3.0914305465031866
3013890,1.772597480762022
3013891,1.7267456148305858
3013892,1.772597480762022
3013893,678.3906057561481
3013894,1.7267456148305858
3013895,170.0174641598938
3013896,2.472422937120056
3013897,125.9813069617621
3013898,400.24384719033253
3013899,97.08871140897986
3013900,10.774502327130289
3013901,10.871634977332844
3013902,764.2084901350712
3013903,3.085698853221623
3013904,1.7267456148305858
3013905,3.827281309301763
3013906,9.361420121919371
3013907,1.7267456148305858
3013908,65.6513760964384
3013909,2.414997698846263
3013910,13.016167020526064
3013911,1.7267456148305858
3013912,22.554608914271867
3013913,1.7267456148305858
3013914,10.993747456700177
3013915,101.97191758590768
3013916,2.3328695812083526
3013917,2.277752208324305
3013918,10.842880832860487
3013919,7.309860200528782
3013920,432.93230649538134
3013921,1.772597480762022
3013922,3.0914305465031866
3013923,1.772597480762022
3013924,1.7267456148305858
3013925,1.772597480762022
3013926,434.6256400090957
3013927,1.7267456148305858
3013928,109.55268009849462
3013929,2.472422937120056
3013930,112.95774693427646
3013931,282.10554270575847
3013932,94.2458071550521
3013933,10.774502327130289
3013934,10.871634977332844
3013935,762.2589065139706
3013936,3.085698853221623
3013937,1.7267456148305858
3013938,3.827281309301763
3013939,3.304444567317459
3013940,1.7267456148305858
3013941,65.6513760964384
3013942,2.414997698846263
3013943,13.450888400718958
3013944,1.7267456148305858
3013945,31.07034185053857
3013946,1.7267456148305858
3013947,10.993747456700177
3013948,95.45307983627225
3013949,2.3328695812083526
3013950,2.277752208324305
3013951,10.842880832860487
3013952,7.309860200528782
3013953,432.93230649538134
3013954,1.772597480762022
3013955,3.0914305465031866
3013956,1.772597480762022
3013957,1.7267456148305858
3013958,1.772597480762022
3013959,213.4790027466861
3013960,1.7267456148305858
3013961,96.1571286155158
3013962,2.472422937120056
3013963,134.65138235283632
3013964,111.09019027762737
3013965,66.78163648099849
3013966,10.774502327130289
3013967,10.871634977332844
3013968,737.2845611982427
3013969,3.085698853221623
3013970,1.7267456148305858
3013971,3.827281309301763
3013972,3.304444567317459
3013973,1.7267456148305858
3013974,55.90600372355906
3013975,2.414997698846263
3013976,6.51696243172163
3013977,1.7267456148305858
3013978,18.674626091824127
3013979,1.7267456148305858
3013980,10.993747456700177
3013981,92.65758107772828
3013982,2.3328695812083526
3013983,2.277752208324305
3013984,10.842880832860487
3013985,7.309860200528782
3013986,432.93230649538134
3013987,1.772597480762022
3013988,3.0914305465031866
3013989,1.772597480762022
3013990,1.7267456148305858
3013991,4.013478092749234
3013992,580.7538725444928
3013993,1.7267456148305858
3013994,196.3317479071633
3013995,2.472422937120056
3013996,134.65138235283632
3013997,400.24384719033253
3013998,100.3990326906131
3013999,10.774502327130289
3014000,10.871634977332844
3014001,765.5869629360012
3014002,3.085698853221623
3014003,1.7267456148305858
3014004,8.410804415180587
3014005,8.399771020854613
3014006,1.7267456148305858
3014007,76.52942499709688
3014008,2.414997698846263
3014009,11.837559614813417
3014010,1.7267456148305858
3014011,32.82298014461729
3014012,1.7267456148305858
3014013,10.993747456700177
3014014,108.75156050413653
3014015,2.3328695812083526
3014016,2.277752208324305
3014017,37.90872151968995
3014018,7.309860200528782
3014019,432.93230649538134
3014020,1.772597480762022
3014021,3.0914305465031866
3014022,1.7470938312046247
3014023,1.7016637322005486
3014024,1.7470938312046247
3014025,707.1061244714823
3014026,1.7016637322005486
3014027,109.10236843352394
3014028,2.3638478840842767
3014029,527.597333717444
3014030,433.23501620699005
3014031,91.8344205149887
3014032,37.31613201736193
3014033,10.753800374939532
3014034,762.8539223296021
3014035,2.957948006706167
3014036,1.7016637322005486
3014037,8.313512889222368
3014038,3.2553750340815446
3014039,1.7016637322005486
3014040,98.27899387092712
3014041,2.3082182071243196
3014042,2.3638478840842767
3014043,1.7016637322005486
3014044,26.586831590608792
3014045,1.7016637322005486
3014046,10.879670623894667
3014047,123.3710645039122
3014048,2.2884731448403115
3014049,2.2340899785846355
3014050,37.53864671733966
3014051,7.2356638338288715
3014052,42.30143370872252
3014053,1.7951350325941688
3014054,2.9635004825037736
3014055,1.7470938312046247
3014056,1.7016637322005486
3014057,3.967361774304768
3014058,707.1061244714823
3014059,1.7016637322005486
3014060,99.00367010270762
3014061,2.3638478840842767
3014062,513.8563571624911
3014063,433.23501620699005
3014064,91.8344205149887
3014065,37.31613201736193
3014066,10.753800374939532
3014067,762.8539223296021
3014068,2.957948006706167
3014069,1.7016637322005486
3014070,8.313512889222368
3014071,7.29587082108052
3014072,1.7016637322005486
3014073,98.27899387092712
3014074,2.3082182071243196
3014075,2.3638478840842767
3014076,1.7016637322005486
3014077,18.498956978630176
3014078,1.7016637322005486
3014079,10.879670623894667
3014080,101.52866091263047
3014081,2.2884731448403115
3014082,2.2340899785846355
3014083,10.730238946612415
3014084,7.2356638338288715
3014085,42.30143370872252
3014086,1.7951350325941688
3014087,2.9635004825037736
3014121,1.8137437405402945
3014122,1.7538126020153846
3014123,1.8137437405402945
3014124,683.4432876569762
3014125,1.7538126020153846
3014126,110.7075866370601
3014127,2.475214610523442
3014128,191.60901600509052
3014129,446.82228244783965
3014130,88.5767904871286
3014131,47.917885722544696
3014132,15.09468410692995
3014133,809.6720114886227
3014134,3.230406970007997
3014135,1.7538126020153846
3014136,9.280818314307579
3014137,3.6698559596563474
3014138,1.7538126020153846
3014139,103.6454236975073
3014140,2.4011945193451787
3014141,2.475214610523442
3014142,1.7538126020153846
3014143,17.923217335576712
3014144,1.7538126020153846
3014145,15.312674416893575
3014146,116.74742374878278
3014147,2.381800857259504
3014148,2.3097704258026712
3014149,15.1074809922398
3014150,8.663955501578695
3014151,57.68056891745687
3014152,1.8137437405402945
3014153,3.236341669573325
3014154,1.7470938312046247
3014155,1.7016637322005486
3014156,1.7470938312046247
3014157,694.0360162322053
3014158,1.7016637322005486
3014159,86.92924060335028
3014160,2.3638478840842767
3014161,486.03038435229
3014162,433.23501620699005
3014163,66.72665153656935
3014164,37.31613201736193
3014165,10.753800374939532
3014166,762.8539223296021
3014167,3.027164636702434
3014168,1.7016637322005486
3014169,8.313512889222368
3014170,8.292616109389403
3014171,1.7016637322005486
3014172,98.27899387092712
3014173,2.3082182071243196
3014174,2.3638478840842767
3014175,1.7016637322005486
3014176,16.16984816416285
3014177,1.7016637322005486
3014178,10.879670623894667
3014179,108.3045120210087
3014180,2.2884731448403115
3014181,2.2340899785846355
3014182,10.730238946612415
3014183,7.2356638338288715
3014184,42.30143370872252
3014185,1.7470938312046247
3014186,2.9635004825037736
3014187,1.8137437405402945
3014188,1.7538126020153846
3014189,1.8137437405402945
3014190,432.21333020813177
3014191,1.7538126020153846
3014192,108.93994789257671
3014193,2.475214610523442
3014194,366.5555096292896
3014195,446.82228244783965
3014196,56.26286896012165
3014197,47.917885722544696
3014198,15.09468410692995
3014199,809.6720114886227
3014200,3.230406970007997
3014201,1.7538126020153846
3014202,4.39956584596318
3014203,3.6698559596563474
3014204,1.7538126020153846
3014205,74.64855325701873
3014206,2.4011945193451787
3014207,2.475214610523442
3014208,1.7538126020153846
3014209,15.016225495132982
3014210,1.7538126020153846
3014211,15.312674416893575
3014212,103.6454236975073
3014213,2.381800857259504
3014214,2.3097704258026712
3014215,15.1074809922398
3014216,8.663955501578695
3014217,57.68056891745687
3014218,1.8137437405402945
3014219,3.236341669573325
3014220,1.8137437405402945
3014221,1.7538126020153846
3014222,1.8137437405402945
3014223,530.881922636589
3014224,1.7538126020153846
3014225,113.84314744803345
3014226,2.475214610523442
3014227,219.68998904626955
3014228,446.82228244783965
3014229,109.9940976521519
3014230,47.917885722544696
3014231,15.09468410692995
3014232,809.6720114886227
3014233,3.230406970007997
3014234,1.7538126020153846
3014235,4.39956584596318
3014236,7.891444616997589
3014237,1.7538126020153846
3014238,109.8980980166696
3014239,2.4011945193451787
3014240,2.475214610523442
3014241,1.7538126020153846
3014242,15.016225495132982
3014243,1.7538126020153846
3014244,15.312674416893575
3014245,120.60161190362403
3014246,2.381800857259504
3014247,2.3097704258026712
3014248,15.1074809922398
3014249,8.663955501578695
3014250,57.68056891745687
3014251,1.8137437405402945
3014252,3.236341669573325
3014253,1.7470938312046247
3014254,1.7016637322005486
3014255,3.967361774304768
3014256,639.3809412803422
3014257,1.7016637322005486
3014258,95.73890249498785
3014259,2.3638478840842767
3014260,439.865206327175
3014261,433.23501620699005
3014262,66.72665153656935
3014263,37.31613201736193
3014264,10.753800374939532
3014265,762.8539223296021
3014266,3.027164636702434
3014267,1.7016637322005486
3014268,8.313512889222368
3014269,8.292616109389403
3014270,1.7016637322005486
3014271,65.59730802725255
3014272,2.3082182071243196
3014273,2.3638478840842767
3014274,1.7016637322005486
3014275,22.34429654338927
3014276,1.7016637322005486
3014277,10.879670623894667
3014278,95.03788438980592
3014279,2.2884731448403115
3014280,2.2340899785846355
3014281,10.730238946612415
3014282,7.2356638338288715
3014283,12.179916976837614
3014284,1.7470938312046247
3014285,2.9635004825037736
3014286,1.8137437405402945
3014287,1.7538126020153846
3014288,1.8137437405402945
3014289,722.5482407037887
3014290,1.7538126020153846
3014291,96.3921155235122
3014292,5.5525853794431965
3014293,366.5555096292896
3014294,446.82228244783965
3014295,56.26286896012165
3014296,47.917885722544696
3014297,15.09468410692995
3014298,809.6720114886227
3014299,3.230406970007997
3014300,1.7538126020153846
3014301,4.39956584596318
3014302,3.6698559596563474
3014303,1.7538126020153846
3014304,87.0830953962463
3014305,2.4011945193451787
3014306,2.475214610523442
3014307,1.7538126020153846
3014308,15.016225495132982
3014309,1.7538126020153846
3014310,15.312674416893575
3014311,113.01093699762731
3014312,2.381800857259504
3014313,2.3097704258026712
3014314,15.1074809922398
3014315,8.663955501578695
3014316,69.08832246282893
3014317,1.8137437405402945
3014318,3.236341669573325
3014319,1.7470938312046247
3014320,1.7016637322005486
3014321,1.7470938312046247
3014322,734.2516250833767
3014323,1.7016637322005486
3014324,99.00367010270762
3014325,2.3638478840842767
3014326,513.8563571624911
3014327,433.23501620699005
3014328,77.8099542689278
3014329,37.31613201736193
3014330,37.616055674359814
3014331,762.8539223296021
3014332,2.957948006706167
3014333,1.7016637322005486
3014334,8.313512889222368
3014335,3.2553750340815446
3014336,1.7016637322005486
3014337,98.27899387092712
3014338,2.3082182071243196
3014339,2.3638478840842767
3014340,1.7016637322005486
3014341,13.390477929421827
3014342,1.7016637322005486
3014343,10.879670623894667
3014344,98.27899387092712
3014345,2.2884731448403115
3014346,2.2340899785846355
3014347,10.730238946612415
3014348,7.2356638338288715
3014349,42.30143370872252
3014350,1.7951350325941688
3014351,2.9635004825037736
3014352,1.772597480762022
3014353,1.7267456148305858
3014354,4.616621685359159
3014355,678.3906057561481
3014356,1.7267456148305858
3014357,196.3317479071633
3014358,2.472422937120056
3014359,134.65138235283632
3014360,314.88505530824324
3014361,103.71809427400986
3014362,10.774502327130289
3014363,10.871634977332844
3014364,765.5869629360012
3014365,3.085698853221623
3014366,1.7267456148305858
3014367,3.827281309301763
3014368,7.391532074369735
3014369,1.7267456148305858
3014370,76.52942499709688
3014371,2.414997698846263
3014372,11.837559614813417
3014373,1.7267456148305858
3014374,26.82485446497881
3014375,1.7267456148305858
3014376,10.993747456700177
3014377,123.84936732710649
3014378,2.3328695812083526
3014379,2.277752208324305
3014380,10.842880832860487
3014381,7.309860200528782
3014382,432.93230649538134
3014383,1.772597480762022
3014384,3.0914305465031866
3014385,1.772597480762022
3014386,1.7267456148305858
3014387,4.616621685359159
3014388,434.6256400090957
3014389,1.7267456148305858
3014390,143.80793480847487
3014391,2.472422937120056
3014392,162.11820731948632
3014393,282.10554270575847
3014394,97.08871140897986
3014395,10.774502327130289
3014396,10.871634977332844
3014397,765.5869629360012
3014398,3.085698853221623
3014399,1.7267456148305858
3014400,8.410804415180587
3014401,8.399771020854613
3014402,1.7267456148305858
3014403,92.65758107772828
3014404,2.414997698846263
3014405,8.502109803242615
3014406,1.7267456148305858
3014407,31.07034185053857
3014408,1.7267456148305858
3014409,10.993747456700177
3014410,123.84936732710649
3014411,2.3328695812083526
3014412,5.398219979149273
3014413,10.842880832860487
3014414,7.309860200528782
3014415,432.93230649538134
3014416,1.772597480762022
3014417,3.0914305465031866
3014418,1.7470938312046247
3014419,1.7016637322005486
3014420,3.967361774304768
3014421,731.0596077246475
3014422,1.7016637322005486
3014423,95.73890249498785
3014424,2.3638478840842767
3014425,537.5375730796179
3014426,433.23501620699005
3014427,96.66647516317121
3014428,37.31613201736193
3014429,10.753800374939532
3014430,762.8539223296021
3014431,3.027164636702434
3014432,1.7016637322005486
3014433,3.7773755261092052
3014434,8.292616109389403
3014435,1.7016637322005486
3014436,95.03788438980592
3014437,2.3082182071243196
3014438,2.3638478840842767
3014439,3.967361774304768
3014440,16.16984816416285
3014441,1.7016637322005486
3014442,10.879670623894667
3014443,143.15722449988328
3014444,2.2884731448403115
3014445,2.2340899785846355
3014446,37.53864671733966
3014447,7.2356638338288715
3014448,42.30143370872252
3014449,7.674694444668802
3014450,2.9635004825037736
3014484,1.8137437405402945
3014485,1.7538126020153846
3014486,1.8137437405402945
3014487,722.5482407037887
3014488,1.7538126020153846
3014489,113.84314744803345
3014490,2.475214610523442
3014491,400.2803355927507
3014492,446.82228244783965
3014493,111.77868524910627
3014494,47.917885722544696
3014495,48.162878970412216
3014496,809.6720114886227
3014497,3.230406970007997
3014498,1.7538126020153846
3014499,9.280818314307579
3014500,7.891444616997589
3014501,1.7538126020153846
3014502,113.01093699762731
3014503,2.4011945193451787
3014504,2.475214610523442
3014505,1.7538126020153846
3014506,15.016225495132982
3014507,1.7538126020153846
3014508,15.312674416893575
3014509,120.60161190362403
3014510,2.381800857259504
3014511,2.3097704258026712
3014512,15.1074809922398
3014513,8.663955501578695
3014514,57.68056891745687
3014515,1.8137437405402945
3014516,3.236341669573325
3014517,1.772597480762022
3014518,1.7267456148305858
3014519,4.616621685359159
3014520,533.8601369914145
3014521,1.7267456148305858
3014522,123.93246220037845
3014523,2.472422937120056
3014524,143.3432289288256
3014525,363.52703123517307
3014526,94.2458071550521
3014527,10.774502327130289
3014528,10.871634977332844
3014529,765.5869629360012
3014530,3.085698853221623
3014531,1.7267456148305858
3014532,3.827281309301763
3014533,3.304444567317459
3014534,1.7267456148305858
3014535,76.52942499709688
3014536,2.414997698846263
3014537,10.111145937273207
3014538,1.7267456148305858
3014539,16.324533976536234
3014540,1.7267456148305858
3014541,10.993747456700177
3014542,143.71162039363216
3014543,2.3328695812083526
3014544,2.277752208324305
3014545,10.842880832860487
3014546,7.309860200528782
3014547,432.93230649538134
3014548,1.772597480762022
3014549,3.0914305465031866
3014550,1.772597480762022
3014551,1.7267456148305858
3014552,4.013478092749234
3014553,478.3574966909129
3014554,1.7267456148305858
3014555,109.55268009849462
3014556,2.472422937120056
3014557,130.53306721847756
3014558,342.58020255200364
3014559,100.3990326906131
3014560,10.774502327130289
3014561,10.871634977332844
3014562,762.2589065139706
3014563,3.085698853221623
3014564,1.7267456148305858
3014565,3.827281309301763
3014566,7.391532074369735
3014567,1.7267456148305858
3014568,86.53219369918367
3014569,2.414997698846263
3014570,12.506969263024297
3014571,6.353030297168103
3014572,31.07034185053857
3014573,1.7267456148305858
3014574,10.993747456700177
3014575,98.70820143257707
3014576,2.3328695812083526
3014577,2.277752208324305
3014578,10.842880832860487
3014579,7.309860200528782
3014580,432.93230649538134
3014581,1.772597480762022
3014582,3.0914305465031866
3014583,1.7470938312046247
3014584,1.7016637322005486
3014585,3.967361774304768
3014586,694.0360162322053
3014587,1.7016637322005486
3014588,95.73890249498785
3014589,2.3638478840842767
3014590,486.03038435229
3014591,433.23501620699005
3014592,93.88908945796103
3014593,37.31613201736193
3014594,10.753800374939532
3014595,762.8539223296021
3014596,2.957948006706167
3014597,1.7016637322005486
3014598,8.313512889222368
3014599,7.29587082108052
3014600,1.7016637322005486
3014601,92.30681165663681
3014602,2.3082182071243196
3014603,2.3638478840842767
3014604,1.7016637322005486
3014605,16.16984816416285
3014606,1.7016637322005486
3014607,10.879670623894667
3014608,98.27899387092712
3014609,2.2884731448403115
3014610,2.2340899785846355
3014611,10.730238946612415
3014612,7.2356638338288715
3014613,42.30143370872252
3014614,1.7951350325941688
3014615,2.9635004825037736
3014616,1.4616707397224218
3014617,1.4143024133093034
3014618,4.245381359345849
3014619,1247.9931841029168
3014620,1.4143024133093034
3014621,279.8469450620873
3014622,1.7164465618095028
3014623,292.0808804179024
3014624,729.5905621453314
3014625,85.25967846779946
3014626,2.7094434245681347
3014627,2.738157207460168
3014628,1301.6131720805674
3014629,1.789922201977288
3014630,1.4143024133093034
3014631,6.5136419083908095
3014632,7.981875609027654
3014633,1.4143024133093034
3014634,73.14116474357427
3014635,14.362598305279175
3014636,9.028176680523202
3014637,10.246019777861788
3014638,31.77018844155208
3014639,1.4327181711774921
3014640,2.775016104634192
3014641,337.5026842091617
3014642,1.7037899909980783
3014643,1.6719897734538391
3014644,2.730985413470565
3014645,2.5500193740478516
3014646,746.9550731043707
3014647,12.567665104966613
3014648,5.6992581664699475
3014649,1.4616707397224218
3014650,1.4143024133093034
3014651,5.043213664135698
3014652,1183.7020784577219
3014653,1.4143024133093034
3014654,602.2387836273648
3014655,1.7164465618095028
3014656,235.27772210098445
3014657,652.1800383220512
3014658,80.98075895961234
3014659,2.7094434245681347
3014660,2.738157207460168
3014661,1301.6131720805674
3014662,1.789922201977288
3014663,1.4143024133093034
3014664,6.5136419083908095
3014665,7.981875609027654
3014666,1.4143024133093034
3014667,70.06467396564095
3014668,11.03520214369587
3014669,13.027513957897309
3014670,5.742360779751143
3014671,29.773244918104414
3014672,1.4327181711774921
3014673,2.775016104634192
3014674,448.7428595804187
3014675,1.7037899909980783
3014676,1.6719897734538391
3014677,2.730985413470565
3014678,2.5500193740478516
3014679,746.9550731043707
3014680,13.09406493360963
3014681,1.7906867217270452
3014682,1.5279073522613027
3014683,1.4258495832343425
3014684,5.205819489318542
3014685,1278.2622065546377
3014686,1.4258495832343425
3014687,295.7242043543545
3014688,1.7895384727193426
3014689,527.4902855708675
3014690,639.8866376262147
3014691,90.13623954699521
3014692,2.919151224910571
3014693,2.9494882982967843
3014694,1375.2544469966028
3014695,1.8649911350088555
3014696,1.4258495832343425
3014697,6.715812807939341
3014698,7.185549941223121
3014699,1.4258495832343425
3014700,77.33262389084821
3014701,15.291806447434123
3014702,16.424609910030103
3014703,5.021993416965505
3014704,24.97925345472643
3014705,1.4981757518037089
3014706,2.9884309577404298
3014707,295.5268476407887
3014708,5.556532402693007
3014709,6.679384081816573
3014710,2.9419110577293717
3014711,2.6455403769139143
3014712,789.239587297749
3014713,14.710520450329135
3014714,1.8657762258275317
3014715,1.5279073522613027
3014716,1.4258495832343425
3014717,5.205819489318542
3014718,1151.4877168805422
3014719,1.4258495832343425
3014720,541.8510825965242
3014721,1.7895384727193426
3014722,248.6353274612784
3014723,723.4910330435764
3014724,81.32553116553399
3014725,2.919151224910571
3014726,2.9494882982967843
3014727,1375.2544469966028
3014728,1.8649911350088555
3014729,1.4258495832343425
3014730,8.058139019857206
3014731,8.223552533966313
3014732,1.4258495832343425
3014733,70.06172771137487
3014734,11.359035468906939
3014735,15.900115994940005
3014736,10.29980744780713
3014737,30.60126609385046
3014738,1.4981757518037089
3014739,2.9884309577404298
3014740,238.11542375637706
3014741,1.7765413493054196
3014742,1.743885477650279
3014743,20.676822689380057
3014744,2.6455403769139143
3014745,789.239587297749
3014746,14.710520450329135
3014747,1.8657762258275317
3014748,1.5279073522613027
3014749,1.4258495832343425
3014750,5.205819489318542
3014751,995.3507264381616
3014752,1.4258495832343425
3014753,238.27456966363948
3014754,1.7895384727193426
3014755,382.5608271398899
3014756,595.6121727677275
3014757,78.58721739481163
3014758,2.919151224910571
3014759,2.9494882982967843
3014760,1375.2544469966028
3014761,1.8649911350088555
3014762,1.4258495832343425
3014763,6.715812807939341
3014764,7.185549941223121
3014765,1.4258495832343425
3014766,74.0822083376935
3014767,1.7567297373605153
3014768,7.757856250392752
3014769,7.077205889937661
3014770,24.97925345472643
3014771,1.4981757518037089
3014772,2.9884309577404298
3014773,146.74771759539507
3014774,1.7765413493054196
3014775,1.743885477650279
3014776,2.9419110577293717
3014777,2.6455403769139143
3014778,789.239587297749
3014779,12.93273268371043
3014780,1.8657762258275317
3014781,1.4616707397224218
3014782,1.4143024133093034
3014783,5.043213664135698
3014784,1209.8108383878205
3014785,1.4143024133093034
3014786,560.5651509457558
3014787,1.7164465618095028
3014788,143.34410525297565
3014789,708.3964628679105
3014790,85.25967846779946
3014791,2.7094434245681347
3014792,2.738157207460168
3014793,1301.6131720805674
3014794,1.789922201977288
3014795,1.4143024133093034
3014796,6.5136419083908095
3014797,6.971070917935556
3014798,1.4143024133093034
3014799,70.06467396564095
3014800,7.5283815702350445
3014801,11.03520214369587
3014802,5.742360779751143
3014803,24.298541108369736
3014804,1.4327181711774921
3014805,2.775016104634192
3014806,225.32072238706635
3014807,1.7037899909980783
3014808,1.6719897734538391
3014809,2.730985413470565
3014810,2.5500193740478516
3014811,746.9550731043707
3014812,14.298871006403997
3014813,1.7906867217270452
3014847,1.5279073522613027
3014848,1.4258495832343425
3014849,5.205819489318542
3014850,995.3507264381616
3014851,1.4258495832343425
3014852,356.8774547900734
3014853,1.7895384727193426
3014854,126.44613476212587
3014855,639.8866376262147
3014856,90.13623954699521
3014857,2.919151224910571
3014858,2.9494882982967843
3014859,1375.2544469966028
3014860,1.8649911350088555
3014861,1.4258495832343425
3014862,2.2061544319039643
3014863,7.185549941223121
3014864,1.4258495832343425
3014865,70.06172771137487
3014866,6.771254336001313
3014867,9.29800661453548
3014868,1.4258495832343425
3014869,24.97925345472643
3014870,1.4981757518037089
3014871,2.9884309577404298
3014872,191.66440201203554
3014873,1.7765413493054196
3014874,1.743885477650279
3014875,2.9419110577293717
3014876,2.6455403769139143
3014877,789.239587297749
3014878,14.710520450329135
3014879,1.8657762258275317
3014880,1.5279073522613027
3014881,1.4258495832343425
3014882,4.386519768764827
3014883,1318.6031337104944
3014884,1.4258495832343425
3014885,474.4846487338234
3014886,1.7895384727193426
3014887,111.03954470769966
3014888,748.5011240721861
3014889,85.61541776528627
3014890,2.919151224910571
3014891,2.9494882982967843
3014892,1375.2544469966028
3014893,1.8649911350088555
3014894,1.4258495832343425
3014895,2.2061544319039643
3014896,8.223552533966313
3014897,1.4258495832343425
3014898,70.06172771137487
3014899,1.7567297373605153
3014900,14.189309847421335
3014901,1.4258495832343425
3014902,30.60126609385046
3014903,1.4981757518037089
3014904,2.9884309577404298
3014905,96.26760985486303
3014906,1.7765413493054196
3014907,1.743885477650279
3014908,2.9419110577293717
3014909,2.6455403769139143
3014910,789.239587297749
3014911,1.5279073522613027
3014912,5.879516297791133
3014913,1.4616707397224218
3014914,1.4143024133093034
3014915,4.245381359345849
3014916,1219.0965225792677
3014917,1.4143024133093034
3014918,181.47659244953698
3014919,1.7164465618095028
3014920,143.34410525297565
3014921,652.1800383220512
3014922,76.92041764426622
3014923,2.7094434245681347
3014924,2.738157207460168
3014925,1301.6131720805674
3014926,1.789922201977288
3014927,1.4143024133093034
3014928,2.1221462863301674
3014929,6.971070917935556
3014930,1.4143024133093034
3014931,73.14116474357427
3014932,1.6844974859195672
3014933,15.968047633639948
3014934,1.4143024133093034
3014935,14.410773374535433
3014936,1.4327181711774921
3014937,2.775016104634192
3014938,109.79188806136877
3014939,1.7037899909980783
3014940,1.6719897734538391
3014941,2.730985413470565
3014942,2.5500193740478516
3014943,746.9550731043707
3014944,1.4616707397224218
3014945,5.6992581664699475
3014946,1.772597480762022
3014947,1.7267456148305858
3014948,4.616621685359159
3014949,478.3574966909129
3014950,1.7267456148305858
3014951,102.72354991320917
3014952,2.472422937120056
3014953,255.09209967477506
3014954,314.88505530824324
3014955,94.2458071550521
3014956,10.774502327130289
3014957,10.871634977332844
3014958,765.5869629360012
3014959,3.085698853221623
3014960,1.7267456148305858
3014961,3.827281309301763
3014962,8.399771020854613
3014963,1.7267456148305858
3014964,76.52942499709688
3014965,2.414997698846263
3014966,8.502109803242615
3014967,1.7267456148305858
3014968,26.82485446497881
3014969,1.7267456148305858
3014970,10.993747456700177
3014971,98.70820143257707
3014972,2.3328695812083526
3014973,2.277752208324305
3014974,10.842880832860487
3014975,7.309860200528782
3014976,432.93230649538134
3014977,1.772597480762022
3014978,3.0914305465031866
3014979,1.8137437405402945
3014980,1.7538126020153846
3014981,1.8137437405402945
3014982,722.5482407037887
3014983,1.7538126020153846
3014984,96.3921155235122
3014985,2.475214610523442
3014986,288.65338612954474
3014987,446.82228244783965
3014988,97.3259514687861
3014989,47.917885722544696
3014990,15.09468410692995
3014991,809.6720114886227
3014992,3.230406970007997
3014993,1.7538126020153846
3014994,4.39956584596318
3014995,3.6698559596563474
3014996,1.7538126020153846
3014997,113.01093699762731
3014998,2.4011945193451787
3014999,2.475214610523442
3015000,1.7538126020153846
3015001,15.016225495132982
3015002,1.7538126020153846
3015003,15.312674416893575
3015004,116.74742374878278
3015005,2.381800857259504
3015006,2.3097704258026712
3015007,15.1074809922398
3015008,8.663955501578695
3015009,69.08832246282893
3015010,1.8137437405402945
3015011,3.236341669573325
3015144,1.7747904673466968
3015145,1.7289023348718593
3015146,1.7747904673466968
3015147,711.7858685999088
3015148,1.7289023348718593
3015149,41.014457993488676
3015150,2.478982317425468
3015151,143.77915261924804
3015152,126.05250858175103
3015153,104.03434809795925
3015154,10.81006190651216
3015155,10.907487902122408
3015156,767.9020934786168
3015157,3.0934167070306104
3015158,1.7289023348718593
3015159,8.428581352568932
3015160,8.417527116245664
3015161,1.7289023348718593
3015162,86.79654525340133
3015163,2.421448603316851
3015164,2.478982317425468
3015165,1.7289023348718593
3015166,18.71179130966769
3015167,1.7289023348718593
3015168,11.02996916721698
3015169,90.87161237604727
3015170,2.3355057151335883
3015171,2.280344747151386
3015172,10.878646918711596
3015173,7.325557462736501
3015174,59.468024190162105
3015175,1.7747904673466968
3015176,6.971449714399797
3015507,1.7747904673466968
3015508,1.7289023348718593
3015509,1.7747904673466968
3015510,739.1107688705719
3015511,1.7289023348718593
3015512,109.88655466020607
3015513,2.478982317425468
3015514,130.93030358695836
3015515,98.03198595086319
3015516,97.3849441687948
3015517,10.81006190651216
3015518,10.907487902122408
3015519,767.9020934786168
3015520,3.0934167070306104
3015521,1.7289023348718593
3015522,3.836400006684629
3015523,8.417527116245664
3015524,1.7289023348718593
3015525,90.87161237604727
3015526,2.421448603316851
3015527,2.478982317425468
3015528,4.017443504344767
3015529,16.357259888392008
3015530,1.7289023348718593
3015531,11.02996916721698
3015532,102.28289786989494
3015533,2.3355057151335883
3015534,2.280344747151386
3015535,10.878646918711596
3015536,7.325557462736501
3015537,59.468024190162105
3015538,1.7747904673466968
3015539,3.0991592274368385
3015870,1.7747904673466968
3015871,1.7289023348718593
3015872,4.017443504344767
3015873,737.7799054279482
3015874,1.7289023348718593
3015875,99.73933233785394
3015876,2.478982317425468
3015877,162.61083237323837
3015878,145.71588056432512
3015879,100.70526278442351
3015880,10.81006190651216
3015881,10.907487902122408
3015882,767.9020934786168
3015883,3.0934167070306104
3015884,1.7289023348718593
3015885,3.836400006684629
3015886,9.380992765089442
3015887,1.7289023348718593
3015888,95.74437290784107
3015889,2.421448603316851
3015890,2.478982317425468
3015891,4.62106415351137
3015892,22.599103389919506
3015893,1.7289023348718593
3015894,11.02996916721698
3015895,170.41985498507714
3015896,2.3355057151335883
3015897,2.280344747151386
3015898,10.878646918711596
3015899,7.325557462736501
3015900,59.468024190162105
3015901,1.7747904673466968
3015902,6.971449714399797
3016233,1.7747904673466968
3016234,1.7289023348718593
3016235,1.7747904673466968
3016236,711.7858685999088
3016237,1.7289023348718593
3016238,109.88655466020607
3016239,2.478982317425468
3016240,143.77915261924804
3016241,95.16174277924326
3016242,100.70526278442351
3016243,10.81006190651216
3016244,10.907487902122408
3016245,767.9020934786168
3016246,3.0934167070306104
3016247,1.7289023348718593
3016248,8.428581352568932
3016249,3.31257563010327
3016250,1.7289023348718593
3016251,86.79654525340133
3016252,2.421448603316851
3016253,2.478982317425468
3016254,1.7289023348718593
3016255,5.515683171174687
3016256,1.7289023348718593
3016257,11.02996916721698
3016258,92.94043160478408
3016259,2.3355057151335883
3016260,2.280344747151386
3016261,10.878646918711596
3016262,7.325557462736501
3016263,52.391383528839256
3016264,1.7747904673466968
3016265,6.971449714399797
3016596,1.7747904673466968
3016597,1.7289023348718593
3016598,1.7747904673466968
3016599,729.544501167313
3016600,1.7289023348718593
3016601,96.4505479492195
3016602,2.478982317425468
3016603,162.61083237323837
3016604,101.45089390191737
3016605,100.70526278442351
3016606,10.81006190651216
3016607,10.907487902122408
3016608,767.9020934786168
3016609,3.0934167070306104
3016610,1.7289023348718593
3016611,8.428581352568932
3016612,7.407383614120969
3016613,1.7289023348718593
3016614,56.07786266931258
3016615,2.421448603316851
3016616,2.478982317425468
3016617,1.7289023348718593
3016618,22.599103389919506
3016619,1.7289023348718593
3016620,11.02996916721698
3016621,92.94043160478408
3016622,2.3355057151335883
3016623,2.280344747151386
3016624,10.878646918711596
3016625,7.325557462736501
3016626,43.18738182865019
3016627,1.7747904673466968
3016628,6.971449714399797
3016794,1.7747904673466968
3016795,1.7289023348718593
3016796,4.017443504344767
3016797,734.3482362208329
3016798,1.7289023348718593
3016799,124.30976441524581
3016800,2.478982317425468
3016801,162.61083237323837
3016802,101.45089390191737
3016803,100.70526278442351
3016804,10.81006190651216
3016805,10.907487902122408
3016806,767.9020934786168
3016807,3.0934167070306104
3016808,1.7289023348718593
3016809,9.571657118938417
3016810,8.417527116245664
3016811,1.7289023348718593
3016812,90.87161237604727
3016813,2.421448603316851
3016814,2.478982317425468
3016815,7.7466356974784
3016816,16.357259888392008
3016817,1.7289023348718593
3016818,38.52338344222329
3016819,92.94043160478408
3016820,2.3355057151335883
3016821,2.280344747151386
3016822,10.878646918711596
3016823,7.325557462736501
3016824,43.18738182865019
3016825,1.7747904673466968
3016826,6.971449714399797
3016827,1.7747904673466968
3016828,1.7289023348718593
3016829,4.017443504344767
3016830,734.3482362208329
3016831,1.7289023348718593
3016832,91.54221923121766
3016833,2.478982317425468
3016834,119.16900604194112
3016835,111.42870819612338
3016836,100.70526278442351
3016837,10.81006190651216
3016838,10.907487902122408
3016839,767.9020934786168
3016840,3.0934167070306104
3016841,1.7289023348718593
3016842,8.428581352568932
3016843,8.417527116245664
3016844,1.7289023348718593
3016845,90.87161237604727
3016846,2.421448603316851
3016847,2.478982317425468
3016848,4.017443504344767
3016849,31.130922480413332
3016850,1.7289023348718593
3016851,11.02996916721698
3016852,95.74437290784107
3016853,2.3355057151335883
3016854,2.280344747151386
3016855,10.878646918711596
3016856,7.325557462736501
3016857,52.391383528839256
3016858,1.7747904673466968
3016859,6.971449714399797
3016860,1.7747904673466968
3016861,1.7289023348718593
3016862,4.017443504344767
3016863,711.7858685999088
3016864,1.7289023348718593
3016865,77.331194410588
3016866,2.478982317425468
3016867,113.30190496624294
3016868,95.16174277924326
3016869,100.70526278442351
3016870,10.81006190651216
3016871,10.907487902122408
3016872,767.9020934786168
3016873,3.0934167070306104
3016874,1.7289023348718593
3016875,9.571657118938417
3016876,9.380992765089442
3016877,1.7289023348718593
3016878,76.76356769510824
3016879,2.421448603316851
3016880,2.478982317425468
3016881,4.62106415351137
3016882,31.130922480413332
3016883,1.7289023348718593
3016884,11.02996916721698
3016885,92.94043160478408
3016886,2.3355057151335883
3016887,2.280344747151386
3016888,10.878646918711596
3016889,7.325557462736501
3016890,52.391383528839256
3016891,1.7747904673466968
3016892,3.0991592274368385
3016893,1.7492666456720958
3016894,1.7038006137212625
3016895,3.9712907101881276
3016896,678.012916309808
3016897,1.7038006137212625
3016898,66.28602311315835
3016899,2.366508520304957
3016900,487.50124020102123
3016901,94.80159469023988
3016902,96.96143274864046
3016903,37.43184863112814
3016904,10.789297433401892
3016905,765.1607989544127
3016906,3.034771919825194
3016907,1.7038006137212625
3016908,8.3311060436641
3016909,8.31016978997425
3016910,1.7038006137212625
3016911,95.32792355059138
3016912,2.3108348430398244
3016913,2.366508520304957
3016914,1.7038006137212625
3016915,13.417661431899782
3016916,1.7038006137212625
3016917,312.9633009756887
3016918,123.74667126997011
3016919,2.2910741633944784
3016920,2.2366479827615406
3016921,10.76566484839591
3016922,7.251220939668757
3016923,58.434607465959026
3016924,10.708976903949502
3016925,2.9666354140785125
3015177,1.8116841580619032
3015178,1.7517968874703223
3015179,1.8116841580619032
3015180,248.1137758094481
3015181,1.7517968874703223
3015182,65.10493378774729
3015183,2.4726708496907266
3015184,281.6391964838772
3015185,108.18846271076332
3015186,86.40761647979998
3015187,46.733299786547505
3015188,46.972360325927106
3015189,790.040936896342
3015190,3.2273104292866943
3015191,1.7517968874703223
3015192,9.158141010175507
3015193,3.614132249509807
3015194,1.7517968874703223
3015195,105.50027645573462
3015196,2.398704939168876
3015197,2.4726708496907266
3015198,1.7517968874703223
3015199,6.291304557955158
3015200,1.7517968874703223
3015201,270.2352257280742
3015202,107.21261140376717
3015203,2.3793254727066504
3015204,2.307347765530427
3015205,14.717425388529287
3015206,8.54863899933723
3015207,56.259571758049894
3015208,3.987923622670553
3015209,3.2332407848163296
3015210,1.7470938312046247
3015211,1.7016637322005486
3015212,1.7470938312046247
3015213,715.9907372664882
3015214,1.7016637322005486
3015215,77.06146857372379
3015216,2.3638478840842767
3015217,513.8563571624911
3015218,103.88705676928235
3015219,99.96254671504147
3015220,37.31613201736193
3015221,10.753800374939532
3015222,762.8539223296021
3015223,3.027164636702434
3015224,1.7016637322005486
3015225,8.313512889222368
3015226,7.29587082108052
3015227,1.7016637322005486
3015228,92.30681165663681
3015229,2.3082182071243196
3015230,2.3638478840842767
3015231,1.7016637322005486
3015232,13.390477929421827
3015233,1.7016637322005486
3015234,360.2184554319373
3015235,143.15722449988328
3015236,2.2884731448403115
3015237,2.2340899785846355
3015238,10.730238946612415
3015239,7.2356638338288715
3015240,42.30143370872252
3015241,9.86528350113351
3015242,2.9635004825037736
3015243,1.8116841580619032
3015244,1.7517968874703223
3015245,1.8116841580619032
3015246,284.4327258138796
3015247,1.7517968874703223
3015248,65.10493378774729
3015249,2.4726708496907266
3015250,317.9247616063916
3015251,109.94401891065074
3015252,102.8429339905745
3015253,46.733299786547505
3015254,14.704938390086753
3015255,790.040936896342
3015256,3.2273104292866943
3015257,1.7517968874703223
3015258,4.335134770418882
3015259,7.785346209059101
3015260,1.7517968874703223
3015261,107.21261140376717
3015262,2.398704939168876
3015263,2.4726708496907266
3015264,6.297028541052821
3015265,14.825109641701365
3015266,1.7517968874703223
3015267,295.12224426866175
3015268,125.49865740827957
3015269,2.3793254727066504
3015270,2.307347765530427
3015271,14.717425388529287
3015272,8.54863899933723
3015273,56.259571758049894
3015274,4.575989432102584
3015275,3.2332407848163296
3015276,1.8116841580619032
3015277,1.7517968874703223
3015278,1.8116841580619032
3015279,330.34843287416464
3015280,1.7517968874703223
3015281,73.3554794247347
3015282,2.4726708496907266
3015283,186.94483381209915
3015284,86.82199375299835
3015285,74.0684305608883
3015286,46.733299786547505
3015287,14.704938390086753
3015288,790.040936896342
3015289,3.2273104292866943
3015290,1.7517968874703223
3015291,4.335134770418882
3015292,7.785346209059101
3015293,1.7517968874703223
3015294,107.21261140376717
3015295,2.398704939168876
3015296,2.4726708496907266
3015297,1.7517968874703223
3015298,6.291304557955158
3015299,1.7517968874703223
3015300,239.9977366989823
3015301,107.21261140376717
3015302,2.3793254727066504
3015303,2.307347765530427
3015304,14.717425388529287
3015305,8.54863899933723
3015306,17.74533670207828
3015307,6.297028541052821
3015308,3.2332407848163296
3015309,1.8137437405402945
3015310,1.7538126020153846
3015311,3.991577319003177
3015312,575.1131154794618
3015313,1.7538126020153846
3015314,75.20074165434684
3015315,2.475214610523442
3015316,325.8394414824864
3015317,76.29609805841478
3015318,67.39501557098505
3015319,47.917885722544696
3015320,15.09468410692995
3015321,809.6720114886227
3015322,3.230406970007997
3015323,1.7538126020153846
3015324,4.39956584596318
3015325,3.6698559596563474
3015326,1.7538126020153846
3015327,109.8980980166696
3015328,2.4011945193451787
3015329,2.475214610523442
3015330,1.7538126020153846
3015331,6.3793598021066025
3015332,1.7538126020153846
3015333,165.5767622822265
3015334,120.60161190362403
3015335,2.381800857259504
3015336,2.3097704258026712
3015337,15.1074809922398
3015338,8.663955501578695
3015339,69.08832246282893
3015340,1.8137437405402945
3015341,3.236341669573325
3015342,1.8116841580619032
3015343,1.7517968874703223
3015344,1.8116841580619032
3015345,642.8528851694794
3015346,1.7517968874703223
3015347,65.10493378774729
3015348,2.4726708496907266
3015349,390.5630096103583
3015350,109.94401891065074
3015351,94.94490949338072
3015352,46.733299786547505
3015353,14.704938390086753
3015354,790.040936896342
3015355,3.2273104292866943
3015356,1.7517968874703223
3015357,4.335134770418882
3015358,7.785346209059101
3015359,1.7517968874703223
3015360,107.21261140376717
3015361,2.398704939168876
3015362,2.4726708496907266
3015363,1.7517968874703223
3015364,14.825109641701365
3015365,1.7517968874703223
3015366,187.6902032980991
3015367,107.21261140376717
3015368,2.3793254727066504
3015369,5.340022074374999
3015370,14.717425388529287
3015371,24.292676755496984
3015372,56.259571758049894
3015373,1.8116841580619032
3015374,3.2332407848163296
3015375,1.8137437405402945
3015376,1.7538126020153846
3015377,1.8137437405402945
3015378,530.881922636589
3015379,1.7538126020153846
3015380,75.20074165434684
3015381,2.475214610523442
3015382,191.60901600509052
3015383,106.28679139153581
3015384,88.5767904871286
3015385,47.917885722544696
3015386,15.09468410692995
3015387,809.6720114886227
3015388,3.230406970007997
3015389,1.7538126020153846
3015390,10.465190887129623
3015391,3.6698559596563474
3015392,1.7538126020153846
3015393,95.68636391249427
3015394,2.4011945193451787
3015395,2.475214610523442
3015396,1.7538126020153846
3015397,15.016225495132982
3015398,1.7538126020153846
3015399,192.37288314815976
3015400,113.01093699762731
3015401,2.381800857259504
3015402,2.3097704258026712
3015403,15.1074809922398
3015404,8.663955501578695
3015405,18.210535259942734
3015406,1.8137437405402945
3015407,3.236341669573325
3015408,1.8137437405402945
3015409,1.7538126020153846
3015410,3.991577319003177
3015411,575.1131154794618
3015412,1.7538126020153846
3015413,75.20074165434684
3015414,2.475214610523442
3015415,288.65338612954474
3015416,119.62204001221815
3015417,111.77868524910627
3015418,47.917885722544696
3015419,15.09468410692995
3015420,809.6720114886227
3015421,3.230406970007997
3015422,1.7538126020153846
3015423,4.39956584596318
3015424,3.6698559596563474
3015425,1.7538126020153846
3015426,116.74742374878278
3015427,2.4011945193451787
3015428,2.475214610523442
3015429,5.202080101289157
3015430,6.3793598021066025
3015431,1.7538126020153846
3015432,276.9664057466625
3015433,116.74742374878278
3015434,2.381800857259504
3015435,2.3097704258026712
3015436,15.1074809922398
3015437,8.663955501578695
3015438,57.68056891745687
3015439,6.302373676310771
3015440,3.236341669573325
3015441,1.745083034613688
3015442,1.6996861891836859
3015443,3.963725803080102
3015444,698.6282300554558
3015445,1.6996861891836859
3015446,54.88792604948582
3015447,2.3613856406104965
3015448,182.09779132140366
3015449,94.92816539631792
3015450,94.30140293676892
3015451,36.38827607184915
3015452,10.469172648025017
3015453,744.3565854111564
3015454,2.979109930761456
3015455,1.6996861891836859
3015456,8.202378092524421
3015457,7.196879180858485
3015458,1.6996861891836859
3015459,92.71224979847578
3015460,2.305796683033152
3015461,2.3613856406104965
3015462,3.963725803080102
3015463,15.964966546694214
3015464,1.6996861891836859
3015465,272.66434528020983
3015466,95.87487320744458
3015467,2.286066073587805
3015468,2.231722714303434
3015469,10.446181778629793
3015470,7.137390621912848
3015471,50.05390443472615
3015472,9.209524794799446
3015473,2.960599309938111
3015474,1.8116841580619032
3015475,1.7517968874703223
3015476,3.987923622670553
3015477,373.62757554825816
3015478,1.7517968874703223
3015479,54.34552670986074
3015480,2.4726708496907266
3015481,390.5630096103583
3015482,74.42431089273897
3015483,94.94490949338072
3015484,46.733299786547505
3015485,14.704938390086753
3015486,790.040936896342
3015487,3.2273104292866943
3015488,1.7517968874703223
3015489,9.158141010175507
3015490,3.614132249509807
3015491,1.7517968874703223
3015492,93.3450258681016
3015493,2.398704939168876
3015494,2.4726708496907266
3015495,1.7517968874703223
3015496,6.291304557955158
3015497,1.7517968874703223
3015498,212.33601242085857
3015499,117.65693109561377
3015500,2.3793254727066504
3015501,2.307347765530427
3015502,14.717425388529287
3015503,8.54863899933723
3015504,56.259571758049894
3015505,1.8116841580619032
3015506,3.2332407848163296
3015540,1.7470938312046247
3015541,1.7016637322005486
3015542,3.967361774304768
3015543,531.9532503055995
3015544,1.7016637322005486
3015545,56.27488340391803
3015546,2.3638478840842767
3015547,527.597333717444
3015548,94.5131402826114
3015549,96.66647516317121
3015550,37.31613201736193
3015551,10.753800374939532
3015552,762.8539223296021
3015553,3.027164636702434
3015554,3.967361774304768
3015555,9.442638309616529
3015556,3.2553750340815446
3015557,1.7016637322005486
3015558,92.30681165663681
3015559,2.3082182071243196
3015560,2.3638478840842767
3015561,3.967361774304768
3015562,13.390477929421827
3015563,1.7016637322005486
3015564,407.3338121915283
3015565,123.3710645039122
3015566,2.2884731448403115
3015567,2.2340899785846355
3015568,10.730238946612415
3015569,7.2356638338288715
3015570,42.30143370872252
3015571,7.674694444668802
3015572,2.9635004825037736
3015573,1.7470938312046247
3015574,1.7016637322005486
3015575,1.7470938312046247
3015576,675.968438144497
3015577,1.7016637322005486
3015578,56.27488340391803
3015579,2.3638478840842767
3015580,486.03038435229
3015581,66.94185138352162
3015582,99.96254671504147
3015583,37.31613201736193
3015584,10.753800374939532
3015585,762.8539223296021
3015586,3.027164636702434
3015587,1.7016637322005486
3015588,8.313512889222368
3015589,8.292616109389403
3015590,1.7016637322005486
3015591,101.52866091263047
3015592,2.3082182071243196
3015593,2.3638478840842767
3015594,1.7016637322005486
3015595,18.498956978630176
3015596,1.7016637322005486
3015597,222.77055680726576
3015598,101.52866091263047
3015599,2.2884731448403115
3015600,2.2340899785846355
3015601,10.730238946612415
3015602,7.2356638338288715
3015603,51.32089702567551
3015604,1.7470938312046247
3015605,2.9635004825037736
3015606,1.8137437405402945
3015607,1.7538126020153846
3015608,1.8137437405402945
3015609,658.8312289260099
3015610,1.7538126020153846
3015611,66.74544419065599
3015612,2.475214610523442
3015613,288.65338612954474
3015614,97.79208979053857
3015615,109.9940976521519
3015616,47.917885722544696
3015617,15.09468410692995
3015618,809.6720114886227
3015619,3.230406970007997
3015620,1.7538126020153846
3015621,4.39956584596318
3015622,7.891444616997589
3015623,1.7538126020153846
3015624,109.8980980166696
3015625,2.4011945193451787
3015626,2.475214610523442
3015627,1.7538126020153846
3015628,15.016225495132982
3015629,1.7538126020153846
3015630,144.38124910490072
3015631,103.6454236975073
3015632,2.381800857259504
3015633,2.3097704258026712
3015634,15.1074809922398
3015635,8.663955501578695
3015636,69.08832246282893
3015637,4.580073891625225
3015638,3.236341669573325
3015639,1.772597480762022
3015640,1.7267456148305858
3015641,1.772597480762022
3015642,718.5561031592042
3015643,1.7267456148305858
3015644,96.1571286155158
3015645,2.472422937120056
3015646,122.3010088668495
3015647,94.87220398148528
3015648,92.14824006990263
3015649,10.774502327130289
3015650,10.871634977332844
3015651,765.5869629360012
3015652,3.085698853221623
3015653,1.7267456148305858
3015654,3.827281309301763
3015655,7.391532074369735
3015656,1.7267456148305858
3015657,65.6513760964384
3015658,2.414997698846263
3015659,2.472422937120056
3015660,4.616621685359159
3015661,13.520123966339032
3015662,1.7267456148305858
3015663,10.993747456700177
3015664,92.65758107772828
3015665,2.3328695812083526
3015666,2.277752208324305
3015667,10.842880832860487
3015668,7.309860200528782
3015669,59.285957616483095
3015670,1.772597480762022
3015671,6.9564200978362605
3015672,1.772597480762022
3015673,1.7267456148305858
3015674,1.772597480762022
3015675,733.6788894691388
3015676,1.7267456148305858
3015677,109.55268009849462
3015678,2.472422937120056
3015679,143.3432289288256
3015680,145.27412547084563
3015681,97.08871140897986
3015682,10.774502327130289
3015683,10.871634977332844
3015684,765.5869629360012
3015685,3.085698853221623
3015686,1.7267456148305858
3015687,8.410804415180587
3015688,9.361420121919371
3015689,1.7267456148305858
3015690,76.52942499709688
3015691,2.414997698846263
3015692,2.472422937120056
3015693,1.7267456148305858
3015694,18.674626091824127
3015695,1.7267456148305858
3015696,10.993747456700177
3015697,92.65758107772828
3015698,2.3328695812083526
3015699,2.277752208324305
3015700,10.842880832860487
3015701,7.309860200528782
3015702,43.054335556390896
3015703,1.772597480762022
3015704,6.9564200978362605
3015705,1.772597480762022
3015706,1.7267456148305858
3015707,4.013478092749234
3015708,616.2212790290531
3015709,1.7267456148305858
3015710,102.72354991320917
3015711,2.472422937120056
3015712,118.80718242548464
3015713,111.09019027762737
3015714,94.2458071550521
3015715,10.774502327130289
3015716,10.871634977332844
3015717,764.2084901350712
3015718,3.085698853221623
3015719,1.7267456148305858
3015720,3.827281309301763
3015721,8.399771020854613
3015722,1.7267456148305858
3015723,40.584413391244816
3015724,2.414997698846263
3015725,2.472422937120056
3015726,1.7267456148305858
3015727,16.324533976536234
3015728,1.7267456148305858
3015729,10.993747456700177
3015730,55.90600372355906
3015731,2.3328695812083526
3015732,2.277752208324305
3015733,10.842880832860487
3015734,7.309860200528782
3015735,43.054335556390896
3015736,1.772597480762022
3015737,3.0914305465031866
3015738,1.772597480762022
3015739,1.7267456148305858
3015740,4.013478092749234
3015741,478.3574966909129
3015742,1.7267456148305858
3015743,77.0953426133858
3015744,2.472422937120056
3015745,118.80718242548464
3015746,66.9970110413222
3015747,41.289593356370894
3015748,10.774502327130289
3015749,10.871634977332844
3015750,764.2084901350712
3015751,3.085698853221623
3015752,1.7267456148305858
3015753,3.827281309301763
3015754,3.304444567317459
3015755,1.7267456148305858
3015756,49.24623031080303
3015757,2.414997698846263
3015758,2.472422937120056
3015759,1.7267456148305858
3015760,18.674626091824127
3015761,1.7267456148305858
3015762,10.993747456700177
3015763,65.6513760964384
3015764,2.3328695812083526
3015765,2.277752208324305
3015766,10.842880832860487
3015767,7.309860200528782
3015768,52.23062441039167
3015769,1.772597480762022
3015770,3.0914305465031866
3015771,1.772597480762022
3015772,1.7267456148305858
3015773,4.013478092749234
3015774,732.1341348735066
3015775,1.7267456148305858
3015776,109.55268009849462
3015777,2.472422937120056
3015778,130.53306721847756
3015779,145.27412547084563
3015780,92.14824006990263
3015781,10.774502327130289
3015782,10.871634977332844
3015783,765.5869629360012
3015784,3.085698853221623
3015785,1.7267456148305858
3015786,3.827281309301763
3015787,8.399771020854613
3015788,1.7267456148305858
3015789,86.53219369918367
3015790,2.414997698846263
3015791,2.472422937120056
3015792,1.7267456148305858
3015793,18.674626091824127
3015794,1.7267456148305858
3015795,10.993747456700177
3015796,76.52942499709688
3015797,2.3328695812083526
3015798,2.277752208324305
3015799,10.842880832860487
3015800,7.309860200528782
3015801,43.054335556390896
3015802,1.772597480762022
3015803,6.9564200978362605
3015804,1.7470938312046247
3015805,1.7016637322005486
3015806,1.7470938312046247
3015807,724.7481640196535
3015808,1.7016637322005486
3015809,56.27488340391803
3015810,2.3638478840842767
3015811,466.7431459776929
3015812,97.30879183745309
3015813,91.8344205149887
3015814,37.31613201736193
3015815,10.753800374939532
3015816,762.8539223296021
3015817,2.957948006706167
3015818,1.7016637322005486
3015819,8.313512889222368
3015820,7.29587082108052
3015821,1.7016637322005486
3015822,92.30681165663681
3015823,2.3082182071243196
3015824,2.3638478840842767
3015825,1.7016637322005486
3015826,16.16984816416285
3015827,1.7016637322005486
3015828,375.11318241004636
3015829,92.30681165663681
3015830,2.2884731448403115
3015831,2.2340899785846355
3015832,10.730238946612415
3015833,7.2356638338288715
3015834,42.30143370872252
3015835,1.7951350325941688
3015836,2.9635004825037736
3015837,1.7470938312046247
3015838,1.7016637322005486
3015839,1.7470938312046247
3015840,707.1061244714823
3015841,1.7016637322005486
3015842,56.27488340391803
3015843,2.3638478840842767
3015844,513.8563571624911
3015845,94.5131402826114
3015846,91.8344205149887
3015847,37.31613201736193
3015848,10.753800374939532
3015849,762.8539223296021
3015850,2.957948006706167
3015851,1.7016637322005486
3015852,9.442638309616529
3015853,3.2553750340815446
3015854,1.7016637322005486
3015855,98.27899387092712
3015856,2.3082182071243196
3015857,2.3638478840842767
3015858,1.7016637322005486
3015859,18.498956978630176
3015860,1.7016637322005486
3015861,339.4617475480426
3015862,98.27899387092712
3015863,2.2884731448403115
3015864,2.2340899785846355
3015865,37.53864671733966
3015866,7.2356638338288715
3015867,42.30143370872252
3015868,1.7951350325941688
3015869,2.9635004825037736
3015903,1.8137437405402945
3015904,1.7538126020153846
3015905,1.8137437405402945
3015906,658.8312289260099
3015907,1.7538126020153846
3015908,75.20074165434684
3015909,2.475214610523442
3015910,191.60901600509052
3015911,110.89816679321126
3015912,75.9313859291
3015913,47.917885722544696
3015914,15.09468410692995
3015915,809.6720114886227
3015916,3.230406970007997
3015917,1.7538126020153846
3015918,9.280818314307579
3015919,3.6698559596563474
3015920,1.7538126020153846
3015921,103.6454236975073
3015922,2.4011945193451787
3015923,2.475214610523442
3015924,1.7538126020153846
3015925,6.3793598021066025
3015926,1.7538126020153846
3015927,302.4710395010299
3015928,95.68636391249427
3015929,2.381800857259504
3015930,2.3097704258026712
3015931,15.1074809922398
3015932,8.663955501578695
3015933,57.68056891745687
3015934,1.8137437405402945
3015935,3.236341669573325
3015936,1.7470938312046247
3015937,1.7016637322005486
3015938,1.7470938312046247
3015939,675.968438144497
3015940,1.7016637322005486
3015941,56.27488340391803
3015942,2.3638478840842767
3015943,466.7431459776929
3015944,78.06037105038983
3015945,91.8344205149887
3015946,37.31613201736193
3015947,10.753800374939532
3015948,762.8539223296021
3015949,3.027164636702434
3015950,1.7016637322005486
3015951,8.313512889222368
3015952,7.29587082108052
3015953,1.7016637322005486
3015954,123.3710645039122
3015955,2.3082182071243196
3015956,2.3638478840842767
3015957,1.7016637322005486
3015958,16.16984816416285
3015959,1.7016637322005486
3015960,375.11318241004636
3015961,101.52866091263047
3015962,2.2884731448403115
3015963,2.2340899785846355
3015964,10.730238946612415
3015965,7.2356638338288715
3015966,42.30143370872252
3015967,1.7470938312046247
3015968,2.9635004825037736
3015969,1.8137437405402945
3015970,1.7538126020153846
3015971,1.8137437405402945
3015972,658.8312289260099
3015973,1.7538126020153846
3015974,66.74544419065599
3015975,2.475214610523442
3015976,191.60901600509052
3015977,67.71925894008801
3015978,56.26286896012165
3015979,47.917885722544696
3015980,15.09468410692995
3015981,809.6720114886227
3015982,3.230406970007997
3015983,1.7538126020153846
3015984,4.39956584596318
3015985,3.6698559596563474
3015986,1.7538126020153846
3015987,87.0830953962463
3015988,2.4011945193451787
3015989,2.475214610523442
3015990,1.7538126020153846
3015991,6.3793598021066025
3015992,1.7538126020153846
3015993,276.9664057466625
3015994,103.6454236975073
3015995,2.381800857259504
3015996,2.3097704258026712
3015997,15.1074809922398
3015998,8.663955501578695
3015999,57.68056891745687
3016000,1.8137437405402945
3016001,3.236341669573325
3016002,1.8137437405402945
3016003,1.7538126020153846
3016004,1.8137437405402945
3016005,575.1131154794618
3016006,1.7538126020153846
3016007,75.20074165434684
3016008,2.475214610523442
3016009,288.65338612954474
3016010,76.29609805841478
3016011,88.5767904871286
3016012,47.917885722544696
3016013,15.09468410692995
3016014,809.6720114886227
3016015,3.230406970007997
3016016,1.7538126020153846
3016017,4.39956584596318
3016018,3.6698559596563474
3016019,1.7538126020153846
3016020,108.14326845992099
3016021,2.4011945193451787
3016022,2.475214610523442
3016023,1.7538126020153846
3016024,6.3793598021066025
3016025,1.7538126020153846
3016026,375.5815293166935
3016027,128.63794447115734
3016028,2.381800857259504
3016029,2.3097704258026712
3016030,15.1074809922398
3016031,8.663955501578695
3016032,57.68056891745687
3016033,1.8137437405402945
3016034,3.236341669573325
3016035,1.7470938312046247
3016036,1.7016637322005486
3016037,1.7470938312046247
3016038,578.6798000211292
3016039,1.7016637322005486
3016040,56.27488340391803
3016041,2.3638478840842767
3016042,466.7431459776929
3016043,78.06037105038983
3016044,77.8099542689278
3016045,37.31613201736193
3016046,10.753800374939532
3016047,762.8539223296021
3016048,3.027164636702434
3016049,1.7016637322005486
3016050,3.7773755261092052
3016051,8.292616109389403
3016052,1.7016637322005486
3016053,76.49579642554005
3016054,2.3082182071243196
3016055,2.3638478840842767
3016056,1.7016637322005486
3016057,18.498956978630176
3016058,1.7016637322005486
3016059,360.2184554319373
3016060,123.3710645039122
3016061,2.2884731448403115
3016062,2.2340899785846355
3016063,37.53864671733966
3016064,7.2356638338288715
3016065,12.179916976837614
3016066,1.7470938312046247
3016067,2.9635004825037736
3016068,1.8137437405402945
3016069,1.7538126020153846
3016070,1.8137437405402945
3016071,620.9153255010013
3016072,1.7538126020153846
3016073,55.71902346902121
3016074,2.475214610523442
3016075,325.8394414824864
3016076,106.28679139153581
3016077,75.9313859291
3016078,47.917885722544696
3016079,15.09468410692995
3016080,809.6720114886227
3016081,3.230406970007997
3016082,1.7538126020153846
3016083,4.39956584596318
3016084,3.6698559596563474
3016085,1.7538126020153846
3016086,103.6454236975073
3016087,2.4011945193451787
3016088,2.475214610523442
3016089,1.7538126020153846
3016090,15.016225495132982
3016091,1.7538126020153846
3016092,327.80159133993897
3016093,103.6454236975073
3016094,2.381800857259504
3016095,2.3097704258026712
3016096,15.1074809922398
3016097,8.663955501578695
3016098,57.68056891745687
3016099,1.8137437405402945
3016100,3.236341669573325
3016101,1.7470938312046247
3016102,1.7016637322005486
3016103,1.7470938312046247
3016104,715.9907372664882
3016105,1.7016637322005486
3016106,49.57193958862078
3016107,2.3638478840842767
3016108,254.17907852879986
3016109,78.06037105038983
3016110,87.77234258419001
3016111,37.31613201736193
3016112,10.753800374939532
3016113,762.8539223296021
3016114,2.957948006706167
3016115,1.7016637322005486
3016116,3.7773755261092052
3016117,7.29587082108052
3016118,1.7016637322005486
3016119,90.28640436667553
3016120,2.3082182071243196
3016121,2.3638478840842767
3016122,1.7016637322005486
3016123,5.445331316936598
3016124,1.7016637322005486
3016125,360.2184554319373
3016126,101.52866091263047
3016127,2.2884731448403115
3016128,2.2340899785846355
3016129,10.730238946612415
3016130,7.2356638338288715
3016131,42.30143370872252
3016132,1.7951350325941688
3016133,2.9635004825037736
3016134,1.772597480762022
3016135,1.7267456148305858
3016136,4.013478092749234
3016137,736.88232774593
3016138,1.7267456148305858
3016139,109.55268009849462
3016140,2.472422937120056
3016141,130.53306721847756
3016142,94.87220398148528
3016143,100.3990326906131
3016144,10.774502327130289
3016145,10.871634977332844
3016146,765.5869629360012
3016147,3.085698853221623
3016148,1.7267456148305858
3016149,3.827281309301763
3016150,7.391532074369735
3016151,1.7267456148305858
3016152,92.65758107772828
3016153,2.414997698846263
3016154,2.472422937120056
3016155,1.7267456148305858
3016156,22.554608914271867
3016157,1.7267456148305858
3016158,10.993747456700177
3016159,101.97191758590768
3016160,2.3328695812083526
3016161,2.277752208324305
3016162,10.842880832860487
3016163,7.309860200528782
3016164,52.23062441039167
3016165,1.772597480762022
3016166,3.0914305465031866
3016167,1.772597480762022
3016168,1.7267456148305858
3016169,1.772597480762022
3016170,736.88232774593
3016171,1.7267456148305858
3016172,93.34122441743935
3016173,2.472422937120056
3016174,134.65138235283632
3016175,104.34050936916569
3016176,97.08871140897986
3016177,10.774502327130289
3016178,10.871634977332844
3016179,765.5869629360012
3016180,3.085698853221623
3016181,1.7267456148305858
3016182,8.410804415180587
3016183,7.391532074369735
3016184,1.7267456148305858
3016185,76.52942499709688
3016186,2.414997698846263
3016187,2.472422937120056
3016188,1.7267456148305858
3016189,18.674626091824127
3016190,1.7267456148305858
3016191,10.993747456700177
3016192,108.75156050413653
3016193,2.3328695812083526
3016194,2.277752208324305
3016195,10.842880832860487
3016196,7.309860200528782
3016197,43.054335556390896
3016198,1.772597480762022
3016199,6.9564200978362605
3016200,1.7470938312046247
3016201,1.7016637322005486
3016202,3.967361774304768
3016203,707.1061244714823
3016204,1.7016637322005486
3016205,56.27488340391803
3016206,2.3638478840842767
3016207,466.7431459776929
3016208,100.70273276314921
3016209,93.88908945796103
3016210,37.31613201736193
3016211,10.753800374939532
3016212,762.8539223296021
3016213,3.027164636702434
3016214,1.7016637322005486
3016215,3.7773755261092052
3016216,8.292616109389403
3016217,1.7016637322005486
3016218,101.52866091263047
3016219,2.3082182071243196
3016220,2.3638478840842767
3016221,4.564957369801719
3016222,16.16984816416285
3016223,1.7016637322005486
3016224,279.4558081803751
3016225,98.27899387092712
3016226,2.2884731448403115
3016227,2.2340899785846355
3016228,37.53864671733966
3016229,7.2356638338288715
3016230,42.30143370872252
3016231,4.564957369801719
3016232,2.9635004825037736
3016266,1.8137437405402945
3016267,1.7538126020153846
3016268,1.8137437405402945
3016269,620.9153255010013
3016270,1.7538126020153846
3016271,75.20074165434684
3016272,2.475214610523442
3016273,288.65338612954474
3016274,97.79208979053857
3016275,109.9940976521519
3016276,47.917885722544696
3016277,15.09468410692995
3016278,809.6720114886227
3016279,3.230406970007997
3016280,1.7538126020153846
3016281,9.280818314307579
3016282,3.6698559596563474
3016283,1.7538126020153846
3016284,116.74742374878278
3016285,2.4011945193451787
3016286,2.475214610523442
3016287,1.7538126020153846
3016288,6.3793598021066025
3016289,1.7538126020153846
3016290,118.32677624820313
3016291,109.8980980166696
3016292,2.381800857259504
3016293,2.3097704258026712
3016294,48.201968381518824
3016295,8.663955501578695
3016296,69.08832246282893
3016297,1.8137437405402945
3016298,3.236341669573325
3016299,1.772597480762022
3016300,1.7267456148305858
3016301,1.772597480762022
3016302,735.5554714748697
3016303,1.7267456148305858
3016304,99.43601061833184
3016305,2.472422937120056
3016306,187.36331285465067
3016307,111.09019027762737
3016308,94.2458071550521
3016309,10.774502327130289
3016310,10.871634977332844
3016311,765.5869629360012
3016312,3.085698853221623
3016313,1.7267456148305858
3016314,3.827281309301763
3016315,7.391532074369735
3016316,1.7267456148305858
3016317,65.6513760964384
3016318,2.414997698846263
3016319,2.472422937120056
3016320,1.7267456148305858
3016321,13.520123966339032
3016322,1.7267456148305858
3016323,10.993747456700177
3016324,86.53219369918367
3016325,2.3328695812083526
3016326,2.277752208324305
3016327,10.842880832860487
3016328,7.309860200528782
3016329,52.23062441039167
3016330,1.772597480762022
3016331,3.0914305465031866
3016332,1.772597480762022
3016333,1.7267456148305858
3016334,4.013478092749234
3016335,732.1341348735066
3016336,1.7267456148305858
3016337,99.43601061833184
3016338,2.472422937120056
3016339,143.3432289288256
3016340,125.66995904049185
3016341,97.08871140897986
3016342,10.774502327130289
3016343,38.003190679314315
3016344,765.5869629360012
3016345,3.085698853221623
3016346,1.7267456148305858
3016347,3.827281309301763
3016348,7.391532074369735
3016349,1.7267456148305858
3016350,76.52942499709688
3016351,2.414997698846263
3016352,2.472422937120056
3016353,4.013478092749234
3016354,18.674626091824127
3016355,1.7267456148305858
3016356,10.993747456700177
3016357,86.53219369918367
3016358,2.3328695812083526
3016359,2.277752208324305
3016360,10.842880832860487
3016361,7.309860200528782
3016362,52.23062441039167
3016363,1.772597480762022
3016364,6.9564200978362605
3016365,1.7470938312046247
3016366,1.7016637322005486
3016367,3.967361774304768
3016368,707.1061244714823
3016369,1.7016637322005486
3016370,56.27488340391803
3016371,2.3638478840842767
3016372,362.2670991235289
3016373,97.30879183745309
3016374,91.8344205149887
3016375,37.31613201736193
3016376,10.753800374939532
3016377,762.8539223296021
3016378,2.957948006706167
3016379,1.7016637322005486
3016380,8.313512889222368
3016381,3.2553750340815446
3016382,1.7016637322005486
3016383,108.3045120210087
3016384,2.3082182071243196
3016385,2.3638478840842767
3016386,1.7016637322005486
3016387,16.16984816416285
3016388,1.7016637322005486
3016389,312.0179712210761
3016390,123.3710645039122
3016391,2.2884731448403115
3016392,2.2340899785846355
3016393,10.730238946612415
3016394,7.2356638338288715
3016395,42.30143370872252
3016396,1.7951350325941688
3016397,2.9635004825037736
3016398,1.4616707397224218
3016399,1.4143024133093034
3016400,4.245381359345849
3016401,1253.4391995400783
3016402,1.4143024133093034
3016403,138.93503609099514
3016404,1.7164465618095028
3016405,292.0808804179024
3016406,140.35188830649352
3016407,85.25967846779946
3016408,2.7094434245681347
3016409,2.738157207460168
3016410,1301.6131720805674
3016411,1.789922201977288
3016412,1.4143024133093034
3016413,7.82079628494847
3016414,7.981875609027654
3016415,1.4143024133093034
3016416,73.14116474357427
3016417,11.03520214369587
3016418,1.7164465618095028
3016419,10.246019777861788
3016420,29.773244918104414
3016421,1.4327181711774921
3016422,2.775016104634192
3016423,448.7428595804187
3016424,1.7037899909980783
3016425,1.6719897734538391
3016426,2.730985413470565
3016427,2.5500193740478516
3016428,45.87937814387212
3016429,13.09406493360963
3016430,5.6992581664699475
3016431,1.4616707397224218
3016432,1.4143024133093034
3016433,4.245381359345849
3016434,1253.4391995400783
3016435,1.4143024133093034
3016436,109.86562682428867
3016437,1.7164465618095028
3016438,180.51203242139223
3016439,111.40748930655877
3016440,80.98075895961234
3016441,2.7094434245681347
3016442,2.738157207460168
3016443,1301.6131720805674
3016444,1.789922201977288
3016445,1.4143024133093034
3016446,7.82079628494847
3016447,6.971070917935556
3016448,1.4143024133093034
3016449,73.14116474357427
3016450,13.027513957897309
3016451,1.7164465618095028
3016452,7.038757970670426
3016453,24.298541108369736
3016454,1.4327181711774921
3016455,2.775016104634192
3016456,337.5026842091617
3016457,1.7037899909980783
3016458,1.6719897734538391
3016459,2.730985413470565
3016460,2.5500193740478516
3016461,21.909200409724026
3016462,13.09406493360963
3016463,5.6992581664699475
3016464,1.5279073522613027
3016465,1.4258495832343425
3016466,4.386519768764827
3016467,1324.3570314327444
3016468,1.4258495832343425
3016469,116.13324815554355
3016470,1.7895384727193426
3016471,382.5608271398899
3016472,117.76227751234957
3016473,81.32553116553399
3016474,2.919151224910571
3016475,2.9494882982967843
3016476,1375.2544469966028
3016477,1.8649911350088555
3016478,1.4258495832343425
3016479,2.2061544319039643
3016480,8.223552533966313
3016481,1.4258495832343425
3016482,77.33262389084821
3016483,9.29800661453548
3016484,1.7895384727193426
3016485,5.774608266723163
3016486,14.825433795387948
3016487,1.4981757518037089
3016488,2.9884309577404298
3016489,84.25003342307033
3016490,1.7765413493054196
3016491,6.679384081816573
3016492,20.676822689380057
3016493,2.6455403769139143
3016494,23.204337570654467
3016495,14.710520450329135
3016496,1.8657762258275317
3016497,1.5279073522613027
3016498,1.4258495832343425
3016499,4.386519768764827
3016500,1324.3570314327444
3016501,1.4258495832343425
3016502,96.88689044123285
3016503,1.7895384727193426
3016504,308.6497668302943
3016505,81.86695606387701
3016506,81.32553116553399
3016507,2.919151224910571
3016508,2.9494882982967843
3016509,1375.2544469966028
3016510,1.8649911350088555
3016511,1.4258495832343425
3016512,8.058139019857206
3016513,8.223552533966313
3016514,1.4258495832343425
3016515,74.0822083376935
3016516,14.775962470972594
3016517,5.634969721622291
3016518,10.29980744780713
3016519,19.2708160163489
3016520,1.4981757518037089
3016521,2.9884309577404298
3016522,146.74771759539507
3016523,1.7765413493054196
3016524,1.743885477650279
3016525,20.676822689380057
3016526,2.6455403769139143
3016527,31.716406387765794
3016528,13.473296446192265
3016529,5.879516297791133
3016530,1.5279073522613027
3016531,1.4258495832343425
3016532,4.386519768764827
3016533,1324.3570314327444
3016534,1.4258495832343425
3016535,96.88689044123285
3016536,1.7895384727193426
3016537,527.4902855708675
3016538,98.24825129040424
3016539,81.32553116553399
3016540,2.919151224910571
3016541,2.9494882982967843
3016542,1375.2544469966028
3016543,1.8649911350088555
3016544,1.4258495832343425
3016545,2.2061544319039643
3016546,7.185549941223121
3016547,1.4258495832343425
3016548,77.33262389084821
3016549,13.404954771536655
3016550,1.7895384727193426
3016551,5.021993416965505
3016552,14.825433795387948
3016553,1.4981757518037089
3016554,2.9884309577404298
3016555,146.74771759539507
3016556,1.7765413493054196
3016557,1.743885477650279
3016558,20.676822689380057
3016559,2.6455403769139143
3016560,38.37014782832649
3016561,13.473296446192265
3016562,1.8657762258275317
3016563,4.245381359345849
3016564,1.4143024133093034
3016565,4.245381359345849
3016566,1251.183473313841
3016567,1.4143024133093034
3016568,138.93503609099514
3016569,1.7164465618095028
3016570,292.0808804179024
3016571,111.40748930655877
3016572,85.25967846779946
3016573,2.7094434245681347
3016574,2.738157207460168
3016575,1301.6131720805674
3016576,1.789922201977288
3016577,1.4143024133093034
3016578,7.82079628494847
3016579,7.981875609027654
3016580,1.4143024133093034
3016581,75.69209916546247
3016582,9.028176680523202
3016583,1.7164465618095028
3016584,5.742360779751143
3016585,14.410773374535433
3016586,1.4327181711774921
3016587,2.775016104634192
3016588,83.89990191319491
3016589,1.7037899909980783
3016590,1.6719897734538391
3016591,2.730985413470565
3016592,2.5500193740478516
3016593,36.263511307705045
3016594,13.09406493360963
3016595,5.6992581664699475
3016629,1.5279073522613027
3016630,1.4258495832343425
3016631,4.386519768764827
3016632,1288.0728429245069
3016633,1.4258495832343425
3016634,89.27068681005483
3016635,1.7895384727193426
3016636,151.50438196848387
3016637,117.76227751234957
3016638,81.32553116553399
3016639,2.919151224910571
3016640,2.9494882982967843
3016641,1375.2544469966028
3016642,1.8649911350088555
3016643,1.4258495832343425
3016644,6.715812807939341
3016645,7.185549941223121
3016646,1.4258495832343425
3016647,74.0822083376935
3016648,6.771254336001313
3016649,1.7895384727193426
3016650,1.4258495832343425
3016651,24.97925345472643
3016652,1.4981757518037089
3016653,2.9884309577404298
3016654,96.26760985486303
3016655,1.7765413493054196
3016656,1.743885477650279
3016657,2.9419110577293717
3016658,2.6455403769139143
3016659,31.716406387765794
3016660,14.710520450329135
3016661,5.879516297791133
3016662,1.5279073522613027
3016663,1.4258495832343425
3016664,1.5279073522613027
3016665,1250.6774271822835
3016666,1.4258495832343425
3016667,84.79280085371927
3016668,1.7895384727193426
3016669,101.73988602996003
3016670,117.76227751234957
3016671,78.58721739481163
3016672,2.919151224910571
3016673,2.9494882982967843
3016674,1375.2544469966028
3016675,1.8649911350088555
3016676,1.4258495832343425
3016677,2.2061544319039643
3016678,5.979290321624498
3016679,1.4258495832343425
3016680,45.796063232988935
3016681,1.7567297373605153
3016682,1.7895384727193426
3016683,1.4258495832343425
3016684,12.131765745290316
3016685,1.4981757518037089
3016686,2.9884309577404298
3016687,74.0822083376935
3016688,1.7765413493054196
3016689,6.679384081816573
3016690,2.9419110577293717
3016691,2.6455403769139143
3016692,31.716406387765794
3016693,1.5279073522613027
3016694,5.879516297791133
3016695,1.4616707397224218
3016696,1.4143024133093034
3016697,1.4616707397224218
3016698,1253.4391995400783
3016699,1.4143024133093034
3016700,91.64911233603604
3016701,1.7164465618095028
3016702,110.42568793936687
3016703,71.67771410369781
3016704,80.98075895961234
3016705,2.7094434245681347
3016706,2.738157207460168
3016707,1301.6131720805674
3016708,1.789922201977288
3016709,1.4143024133093034
3016710,6.5136419083908095
3016711,6.971070917935556
3016712,1.4143024133093034
3016713,43.292077313053
3016714,1.6844974859195672
3016715,1.7164465618095028
3016716,1.4143024133093034
3016717,11.787685223967378
3016718,1.4327181711774921
3016719,2.775016104634192
3016720,70.06467396564095
3016721,1.7037899909980783
3016722,1.6719897734538391
3016723,2.730985413470565
3016724,2.5500193740478516
3016725,36.263511307705045
3016726,1.4616707397224218
3016727,1.7906867217270452
3016728,1.772597480762022
3016729,1.7267456148305858
3016730,4.013478092749234
3016731,616.2212790290531
3016732,1.7267456148305858
3016733,87.1711254390829
3016734,2.472422937120056
3016735,122.3010088668495
3016736,78.09467855438108
3016737,100.3990326906131
3016738,10.774502327130289
3016739,10.871634977332844
3016740,765.5869629360012
3016741,3.085698853221623
3016742,1.7267456148305858
3016743,8.410804415180587
3016744,7.391532074369735
3016745,1.7267456148305858
3016746,65.6513760964384
3016747,2.414997698846263
3016748,2.472422937120056
3016749,1.7267456148305858
3016750,16.324533976536234
3016751,1.7267456148305858
3016752,10.993747456700177
3016753,90.5949909731209
3016754,2.3328695812083526
3016755,2.277752208324305
3016756,10.842880832860487
3016757,7.309860200528782
3016758,52.23062441039167
3016759,1.772597480762022
3016760,3.0914305465031866
3016761,1.8137437405402945
3016762,1.7538126020153846
3016763,1.8137437405402945
3016764,755.8284010362688
3016765,1.7538126020153846
3016766,17.568374853247285
3016767,2.475214610523442
3016768,255.19095292240831
3016769,76.29609805841478
3016770,97.3259514687861
3016771,47.917885722544696
3016772,15.09468410692995
3016773,809.6720114886227
3016774,3.230406970007997
3016775,1.7538126020153846
3016776,4.39956584596318
3016777,3.6698559596563474
3016778,1.7538126020153846
3016779,109.8980980166696
3016780,2.4011945193451787
3016781,2.475214610523442
3016782,1.7538126020153846
3016783,6.3793598021066025
3016784,1.7538126020153846
3016785,114.54017180018776
3016786,108.14326845992099
3016787,2.381800857259504
3016788,2.3097704258026712
3016789,15.1074809922398
3016790,8.663955501578695
3016791,18.210535259942734
3016792,1.8137437405402945
3016793,3.236341669573325
3016926,1.7747904673466968
3016927,1.7289023348718593
3016928,1.7747904673466968
3016929,737.7799054279482
3016930,1.7289023348718593
3016931,49.76585096590195
3016932,2.478982317425468
3016933,122.67338401195971
3016934,111.42870819612338
3016935,434.24280352281255
3016936,418.1736329337491
3016937,38.120982244220784
3016938,767.9020934786168
3016939,3.0934167070306104
3016940,1.7289023348718593
3016941,3.836400006684629
3016942,9.380992765089442
3016943,1.7289023348718593
3016944,86.79654525340133
3016945,2.421448603316851
3016946,2.478982317425468
3016947,1.7289023348718593
3016948,22.599103389919506
3016949,1.7289023348718593
3016950,434.24280352281255
3016951,90.87161237604727
3016952,2.3355057151335883
3016953,2.280344747151386
3016954,434.24280352281255
3016955,7.325557462736501
3016956,43.18738182865019
3016957,1.7747904673466968
3016958,12.189407398290763
3017289,1.7747904673466968
3017290,1.7289023348718593
3017291,4.017443504344767
3017292,739.1107688705719
3017293,1.7289023348718593
3017294,103.0368001639998
3017295,2.478982317425468
3017296,143.77915261924804
3017297,171.96645499135772
3017298,434.24280352281255
3017299,428.61709268392013
3017300,10.907487902122408
3017301,767.9020934786168
3017302,3.0934167070306104
3017303,1.7289023348718593
3017304,8.428581352568932
3017305,9.380992765089442
3017306,1.7289023348718593
3017307,92.94043160478408
3017308,2.421448603316851
3017309,2.478982317425468
3017310,4.017443504344767
3017311,16.357259888392008
3017312,1.7289023348718593
3017313,434.24280352281255
3017314,102.28289786989494
3017315,2.3355057151335883
3017316,2.280344747151386
3017317,434.24280352281255
3017318,7.325557462736501
3017319,43.18738182865019
3017320,1.7747904673466968
3017321,12.189407398290763
3017652,1.7747904673466968
3017653,1.7289023348718593
3017654,4.017443504344767
3017655,739.1107688705719
3017656,1.7289023348718593
3017657,99.73933233785394
3017658,2.478982317425468
3017659,162.61083237323837
3017660,171.96645499135772
3017661,434.24280352281255
3017662,431.4420632153791
3017663,38.120982244220784
3017664,767.9020934786168
3017665,3.0934167070306104
3017666,1.7289023348718593
3017667,3.836400006684629
3017668,9.380992765089442
3017669,1.7289023348718593
3017670,95.74437290784107
3017671,2.421448603316851
3017672,2.478982317425468
3017673,5.248763387418615
3017674,22.599103389919506
3017675,1.7289023348718593
3017676,434.24280352281255
3017677,144.1486566444987
3017678,2.3355057151335883
3017679,2.280344747151386
3017680,434.24280352281255
3017681,7.325557462736501
3017682,52.391383528839256
3017683,1.7747904673466968
3017684,15.025904403223606
3018015,1.7747904673466968
3018016,1.7289023348718593
3018017,4.017443504344767
3018018,723.7676003435625
3018019,1.7289023348718593
3018020,109.88655466020607
3018021,2.478982317425468
3018022,143.77915261924804
3018023,104.65864291748643
3018024,434.24280352281255
3018025,425.2198248478645
3018026,10.907487902122408
3018027,767.9020934786168
3018028,3.0934167070306104
3018029,1.7289023348718593
3018030,8.428581352568932
3018031,7.407383614120969
3018032,1.7289023348718593
3018033,76.76356769510824
3018034,2.421448603316851
3018035,2.478982317425468
3018036,1.7289023348718593
3018037,22.599103389919506
3018038,1.7289023348718593
3018039,434.24280352281255
3018040,95.74437290784107
3018041,2.3355057151335883
3018042,2.280344747151386
3018043,434.24280352281255
3018044,7.325557462736501
3018045,43.18738182865019
3018046,1.7747904673466968
3018047,14.243221024903315
3018378,1.7747904673466968
3018379,1.7289023348718593
3018380,1.7747904673466968
3018381,729.544501167313
3018382,1.7289023348718593
3018383,124.30976441524581
3018384,2.478982317425468
3018385,130.93030358695836
3018386,95.16174277924326
3018387,434.24280352281255
3018388,341.483853188836
3018389,10.907487902122408
3018390,767.9020934786168
3018391,3.0934167070306104
3018392,1.7289023348718593
3018393,8.428581352568932
3018394,8.417527116245664
3018395,1.7289023348718593
3018396,90.87161237604727
3018397,2.421448603316851
3018398,2.478982317425468
3018399,1.7289023348718593
3018400,18.71179130966769
3018401,1.7289023348718593
3018402,431.4420632153791
3018403,92.94043160478408
3018404,2.3355057151335883
3018405,2.280344747151386
3018406,410.0324158245188
3018407,7.325557462736501
3018408,43.18738182865019
3018409,1.7747904673466968
3018410,12.189407398290763
3018576,1.7747904673466968
3018577,1.7289023348718593
3018578,4.017443504344767
3018579,737.7799054279482
3018580,1.7289023348718593
3018581,144.2452619336378
3018582,2.478982317425468
3018583,143.77915261924804
3018584,126.05250858175103
3018585,434.24280352281255
3018586,433.4601521140815
3018587,10.907487902122408
3018588,767.9020934786168
3018589,3.0934167070306104
3018590,1.7289023348718593
3018591,3.836400006684629
3018592,8.417527116245664
3018593,1.7289023348718593
3018594,92.94043160478408
3018595,2.421448603316851
3018596,2.478982317425468
3018597,4.017443504344767
3018598,22.599103389919506
3018599,1.7289023348718593
3018600,434.24280352281255
3018601,90.87161237604727
3018602,2.3355057151335883
3018603,2.280344747151386
3018604,434.24280352281255
3018605,7.325557462736501
3018606,12.449578317498494
3018607,1.7747904673466968
3018608,14.243221024903315
3018609,1.7747904673466968
3018610,1.7289023348718593
3018611,4.017443504344767
3018612,739.1107688705719
3018613,1.7289023348718593
3018614,96.4505479492195
3018615,2.478982317425468
3018616,135.06105623671024
3018617,126.05250858175103
3018618,434.24280352281255
3018619,425.2198248478645
3018620,10.907487902122408
3018621,767.9020934786168
3018622,3.0934167070306104
3018623,1.7289023348718593
3018624,8.428581352568932
3018625,8.417527116245664
3018626,1.7289023348718593
3018627,90.87161237604727
3018628,2.421448603316851
3018629,2.478982317425468
3018630,4.017443504344767
3018631,22.599103389919506
3018632,1.7289023348718593
3018633,434.24280352281255
3018634,95.74437290784107
3018635,2.3355057151335883
3018636,5.403280652643146
3018637,434.24280352281255
3018638,7.325557462736501
3018639,43.18738182865019
3018640,1.7747904673466968
3018641,12.189407398290763
3018642,1.7747904673466968
3018643,1.7289023348718593
3018644,4.017443504344767
3018645,739.1107688705719
3018646,1.7289023348718593
3018647,109.88655466020607
3018648,2.478982317425468
3018649,187.93217937571424
3018650,126.05250858175103
3018651,434.24280352281255
3018652,432.35324281092767
3018653,10.907487902122408
3018654,767.9020934786168
3018655,3.0934167070306104
3018656,1.7289023348718593
3018657,8.428581352568932
3018658,7.407383614120969
3018659,1.7289023348718593
3018660,90.87161237604727
3018661,2.421448603316851
3018662,2.478982317425468
3018663,1.7289023348718593
3018664,31.130922480413332
3018665,1.7289023348718593
3018666,434.24280352281255
3018667,102.28289786989494
3018668,2.3355057151335883
3018669,2.280344747151386
3018670,434.24280352281255
3018671,7.325557462736501
3018672,52.391383528839256
3018673,1.7747904673466968
3018674,14.243221024903315
3018675,1.7492666456720958
3018676,1.7038006137212625
3018677,3.9712907101881276
3018678,718.1560847546071
3018679,1.7038006137212625
3018680,56.44785638455067
3018681,2.366508520304957
3018682,487.50124020102123
3018683,92.72716693019201
3018684,432.6910731736353
3018685,37.43184863112814
3018686,10.789297433401892
3018687,765.1607989544127
3018688,3.034771919825194
3018689,1.7038006137212625
3018690,8.3311060436641
3018691,8.31016978997425
3018692,1.7038006137212625
3018693,98.57882134264729
3018694,2.3108348430398244
3018695,2.366508520304957
3018696,3.9712907101881276
3018697,16.202281875705015
3018698,1.7038006137212625
3018699,10.915547816734282
3018700,95.32792355059138
3018701,2.2910741633944784
3018702,2.2366479827615406
3018703,312.9633009756887
3018704,26.73787485151168
3018705,51.47890872242711
3018706,10.345926695937866
3018707,2.9666354140785125
3016959,1.8116841580619032
3016960,1.7517968874703223
3016961,1.8116841580619032
3016962,284.4327258138796
3016963,1.7517968874703223
3016964,65.10493378774729
3016965,2.4726708496907266
3016966,281.6391964838772
3016967,103.68875547229122
3016968,434.11645368424723
3016969,46.733299786547505
3016970,14.704938390086753
3016971,790.040936896342
3016972,3.2273104292866943
3016973,1.7517968874703223
3016974,4.335134770418882
3016975,3.614132249509807
3016976,1.7517968874703223
3016977,101.11135062080838
3016978,2.398704939168876
3016979,2.4726708496907266
3016980,1.7517968874703223
3016981,6.291304557955158
3016982,1.7517968874703223
3016983,14.917649889415943
3016984,110.250070485872
3016985,2.3793254727066504
3016986,2.307347765530427
3016987,113.97254555590004
3016988,8.54863899933723
3016989,67.39107737872997
3016990,6.297028541052821
3016991,3.2332407848163296
3016992,1.7470938312046247
3016993,1.7016637322005486
3016994,3.967361774304768
3016995,731.0596077246475
3016996,1.7016637322005486
3016997,66.08342784319925
3016998,2.3638478840842767
3016999,486.03038435229
3017000,94.5131402826114
3017001,431.38524833835453
3017002,37.31613201736193
3017003,10.753800374939532
3017004,762.8539223296021
3017005,3.027164636702434
3017006,1.7016637322005486
3017007,8.313512889222368
3017008,7.29587082108052
3017009,1.7016637322005486
3017010,92.30681165663681
3017011,2.3082182071243196
3017012,2.3638478840842767
3017013,1.7016637322005486
3017014,18.498956978630176
3017015,1.7016637322005486
3017016,10.879670623894667
3017017,108.3045120210087
3017018,2.2884731448403115
3017019,2.2340899785846355
3017020,143.25316993042497
3017021,26.685577008805293
3017022,51.32089702567551
3017023,9.217003358250393
3017024,2.9635004825037736
3017025,1.8116841580619032
3017026,1.7517968874703223
3017027,1.8116841580619032
3017028,518.0019742115888
3017029,1.7517968874703223
3017030,73.3554794247347
3017031,2.4726708496907266
3017032,281.6391964838772
3017033,103.68875547229122
3017034,434.11645368424723
3017035,46.733299786547505
3017036,14.704938390086753
3017037,790.040936896342
3017038,3.2273104292866943
3017039,1.7517968874703223
3017040,4.335134770418882
3017041,3.614132249509807
3017042,1.7517968874703223
3017043,107.21261140376717
3017044,2.398704939168876
3017045,2.4726708496907266
3017046,7.783735405607523
3017047,14.825109641701365
3017048,1.7517968874703223
3017049,14.917649889415943
3017050,113.89607520596488
3017051,2.3793254727066504
3017052,2.307347765530427
3017053,113.97254555590004
3017054,8.54863899933723
3017055,17.74533670207828
3017056,4.575989432102584
3017057,3.2332407848163296
3017058,1.8116841580619032
3017059,1.7517968874703223
3017060,3.987923622670553
3017061,373.62757554825816
3017062,1.7517968874703223
3017063,54.34552670986074
3017064,2.4726708496907266
3017065,390.5630096103583
3017066,108.18846271076332
3017067,434.11645368424723
3017068,46.733299786547505
3017069,14.704938390086753
3017070,790.040936896342
3017071,3.2273104292866943
3017072,1.7517968874703223
3017073,4.335134770418882
3017074,7.785346209059101
3017075,1.7517968874703223
3017076,110.250070485872
3017077,2.398704939168876
3017078,2.4726708496907266
3017079,1.7517968874703223
3017080,6.291304557955158
3017081,1.7517968874703223
3017082,14.917649889415943
3017083,113.89607520596488
3017084,2.3793254727066504
3017085,2.307347765530427
3017086,106.59500577124808
3017087,8.54863899933723
3017088,17.74533670207828
3017089,5.197540350450389
3017090,3.2332407848163296
3017091,1.8137437405402945
3017092,1.7538126020153846
3017093,3.991577319003177
3017094,530.881922636589
3017095,1.7538126020153846
3017096,75.20074165434684
3017097,2.475214610523442
3017098,325.8394414824864
3017099,97.79208979053857
3017100,444.91463511859666
3017101,47.917885722544696
3017102,48.162878970412216
3017103,809.6720114886227
3017104,3.230406970007997
3017105,1.7538126020153846
3017106,4.39956584596318
3017107,7.891444616997589
3017108,1.7538126020153846
3017109,109.8980980166696
3017110,2.4011945193451787
3017111,2.475214610523442
3017112,1.7538126020153846
3017113,6.3793598021066025
3017114,1.7538126020153846
3017115,15.312674416893575
3017116,120.60161190362403
3017117,2.381800857259504
3017118,2.3097704258026712
3017119,106.32818295667309
3017120,8.663955501578695
3017121,69.08832246282893
3017122,4.580073891625225
3017123,3.236341669573325
3017124,1.8116841580619032
3017125,1.7517968874703223
3017126,1.8116841580619032
3017127,642.8528851694794
3017128,1.7517968874703223
3017129,73.3554794247347
3017130,2.4726708496907266
3017131,214.34580351212057
3017132,108.18846271076332
3017133,434.11645368424723
3017134,46.733299786547505
3017135,14.704938390086753
3017136,790.040936896342
3017137,3.2273104292866943
3017138,1.7517968874703223
3017139,4.335134770418882
3017140,3.614132249509807
3017141,1.7517968874703223
3017142,107.21261140376717
3017143,2.398704939168876
3017144,2.4726708496907266
3017145,1.7517968874703223
3017146,6.291304557955158
3017147,1.7517968874703223
3017148,14.917649889415943
3017149,105.50027645573462
3017150,2.3793254727066504
3017151,2.307347765530427
3017152,117.73590452466127
3017153,24.292676755496984
3017154,67.39107737872997
3017155,3.987923622670553
3017156,3.2332407848163296
3017157,1.8137437405402945
3017158,1.7538126020153846
3017159,1.8137437405402945
3017160,338.57142804216403
3017161,1.7538126020153846
3017162,66.74544419065599
3017163,2.475214610523442
3017164,173.05513758963195
3017165,89.00145126245707
3017166,444.91463511859666
3017167,47.917885722544696
3017168,15.09468410692995
3017169,809.6720114886227
3017170,3.230406970007997
3017171,1.7538126020153846
3017172,4.39956584596318
3017173,3.6698559596563474
3017174,1.7538126020153846
3017175,108.14326845992099
3017176,2.4011945193451787
3017177,2.475214610523442
3017178,1.7538126020153846
3017179,15.016225495132982
3017180,1.7538126020153846
3017181,15.312674416893575
3017182,108.14326845992099
3017183,2.381800857259504
3017184,2.3097704258026712
3017185,109.26516541221382
3017186,8.663955501578695
3017187,18.210535259942734
3017188,1.8137437405402945
3017189,3.236341669573325
3017190,1.8137437405402945
3017191,1.7538126020153846
3017192,3.991577319003177
3017193,530.881922636589
3017194,1.7538126020153846
3017195,66.74544419065599
3017196,2.475214610523442
3017197,366.5555096292896
3017198,119.62204001221815
3017199,444.91463511859666
3017200,47.917885722544696
3017201,15.09468410692995
3017202,809.6720114886227
3017203,3.230406970007997
3017204,1.7538126020153846
3017205,4.39956584596318
3017206,3.6698559596563474
3017207,1.7538126020153846
3017208,109.8980980166696
3017209,2.4011945193451787
3017210,2.475214610523442
3017211,4.580073891625225
3017212,6.3793598021066025
3017213,1.7538126020153846
3017214,15.312674416893575
3017215,120.60161190362403
3017216,2.381800857259504
3017217,2.3097704258026712
3017218,165.19183170851974
3017219,8.663955501578695
3017220,57.68056891745687
3017221,6.302373676310771
3017222,3.236341669573325
3017223,1.745083034613688
3017224,1.6996861891836859
3017225,3.963725803080102
3017226,623.8736018784739
3017227,1.6996861891836859
3017228,48.347299408287505
3017229,2.3613856406104965
3017230,157.5583892737706
3017231,92.20021279176608
3017232,420.91469188341364
3017233,36.38827607184915
3017234,10.469172648025017
3017235,744.3565854111564
3017236,2.979109930761456
3017237,1.6996861891836859
3017238,8.202378092524421
3017239,3.2045971756181233
3017240,1.6996861891836859
3017241,90.04731218750396
3017242,2.305796683033152
3017243,2.3613856406104965
3017244,3.963725803080102
3017245,15.964966546694214
3017246,1.6996861891836859
3017247,10.591994847693682
3017248,95.87487320744458
3017249,2.286066073587805
3017250,2.231722714303434
3017251,217.3517728478034
3017252,26.355214984407457
3017253,50.05390443472615
3017254,7.668344808621207
3017255,2.960599309938111
3017256,1.8116841580619032
3017257,1.7517968874703223
3017258,3.987923622670553
3017259,373.62757554825816
3017260,1.7517968874703223
3017261,17.118726725970536
3017262,2.4726708496907266
3017263,214.34580351212057
3017264,108.18846271076332
3017265,434.11645368424723
3017266,46.733299786547505
3017267,14.704938390086753
3017268,790.040936896342
3017269,3.2273104292866943
3017270,1.7517968874703223
3017271,9.158141010175507
3017272,3.614132249509807
3017273,1.7517968874703223
3017274,105.50027645573462
3017275,2.398704939168876
3017276,2.4726708496907266
3017277,1.7517968874703223
3017278,6.291304557955158
3017279,1.7517968874703223
3017280,14.917649889415943
3017281,107.21261140376717
3017282,2.3793254727066504
3017283,2.307347765530427
3017284,125.58284998475366
3017285,8.54863899933723
3017286,56.259571758049894
3017287,5.197540350450389
3017288,3.2332407848163296
3017322,1.7470938312046247
3017323,1.7016637322005486
3017324,3.967361774304768
3017325,578.6798000211292
3017326,1.7016637322005486
3017327,56.27488340391803
3017328,2.3638478840842767
3017329,439.865206327175
3017330,94.5131402826114
3017331,431.38524833835453
3017332,37.31613201736193
3017333,10.753800374939532
3017334,762.8539223296021
3017335,3.027164636702434
3017336,1.7016637322005486
3017337,8.313512889222368
3017338,3.2553750340815446
3017339,1.7016637322005486
3017340,98.27899387092712
3017341,2.3082182071243196
3017342,2.3638478840842767
3017343,1.7016637322005486
3017344,13.390477929421827
3017345,1.7016637322005486
3017346,10.879670623894667
3017347,108.3045120210087
3017348,2.2884731448403115
3017349,2.2340899785846355
3017350,312.0179712210761
3017351,21.92727927759901
3017352,12.179916976837614
3017353,9.217003358250393
3017354,2.9635004825037736
3017355,1.7470938312046247
3017356,1.7016637322005486
3017357,3.967361774304768
3017358,675.968438144497
3017359,1.7016637322005486
3017360,56.27488340391803
3017361,2.3638478840842767
3017362,486.03038435229
3017363,92.44495853373523
3017364,431.38524833835453
3017365,37.31613201736193
3017366,10.753800374939532
3017367,762.8539223296021
3017368,3.027164636702434
3017369,1.7016637322005486
3017370,8.313512889222368
3017371,7.29587082108052
3017372,1.7016637322005486
3017373,95.03788438980592
3017374,2.3082182071243196
3017375,2.3638478840842767
3017376,1.7016637322005486
3017377,22.34429654338927
3017378,1.7016637322005486
3017379,10.879670623894667
3017380,95.03788438980592
3017381,2.2884731448403115
3017382,2.2340899785846355
3017383,253.86978252396347
3017384,26.685577008805293
3017385,51.32089702567551
3017386,1.7470938312046247
3017387,2.9635004825037736
3017388,1.8137437405402945
3017389,1.7538126020153846
3017390,1.8137437405402945
3017391,486.1809400989454
3017392,1.7538126020153846
3017393,55.71902346902121
3017394,2.475214610523442
3017395,219.68998904626955
3017396,89.00145126245707
3017397,444.91463511859666
3017398,47.917885722544696
3017399,15.09468410692995
3017400,809.6720114886227
3017401,3.230406970007997
3017402,1.7538126020153846
3017403,4.39956584596318
3017404,3.6698559596563474
3017405,1.7538126020153846
3017406,109.8980980166696
3017407,2.4011945193451787
3017408,2.475214610523442
3017409,1.7538126020153846
3017410,15.016225495132982
3017411,1.7538126020153846
3017412,15.312674416893575
3017413,116.74742374878278
3017414,2.381800857259504
3017415,2.3097704258026712
3017416,113.08681823406664
3017417,8.663955501578695
3017418,69.08832246282893
3017419,7.790169566245503
3017420,3.236341669573325
3017421,1.772597480762022
3017422,1.7267456148305858
3017423,4.013478092749234
3017424,736.88232774593
3017425,1.7267456148305858
3017426,99.43601061833184
3017427,2.472422937120056
3017428,122.3010088668495
3017429,125.66995904049185
3017430,432.93230649538134
3017431,196.20049894035287
3017432,10.871634977332844
3017433,765.5869629360012
3017434,3.085698853221623
3017435,1.7267456148305858
3017436,3.827281309301763
3017437,8.399771020854613
3017438,1.7267456148305858
3017439,65.6513760964384
3017440,2.414997698846263
3017441,2.472422937120056
3017442,4.013478092749234
3017443,18.674626091824127
3017444,1.7267456148305858
3017445,432.93230649538134
3017446,98.70820143257707
3017447,2.3328695812083526
3017448,2.277752208324305
3017449,432.15201161577926
3017450,7.309860200528782
3017451,52.23062441039167
3017452,1.772597480762022
3017453,10.264581445740106
3017454,1.772597480762022
3017455,1.7267456148305858
3017456,4.013478092749234
3017457,736.88232774593
3017458,1.7267456148305858
3017459,123.93246220037845
3017460,2.472422937120056
3017461,162.11820731948632
3017462,145.27412547084563
3017463,432.93230649538134
3017464,427.3235344255436
3017465,10.871634977332844
3017466,765.5869629360012
3017467,3.085698853221623
3017468,1.7267456148305858
3017469,8.410804415180587
3017470,10.897437610839383
3017471,1.7267456148305858
3017472,55.90600372355906
3017473,2.414997698846263
3017474,2.472422937120056
3017475,1.7267456148305858
3017476,18.674626091824127
3017477,1.7267456148305858
3017478,432.93230649538134
3017479,76.52942499709688
3017480,2.3328695812083526
3017481,2.277752208324305
3017482,432.93230649538134
3017483,7.309860200528782
3017484,43.054335556390896
3017485,1.772597480762022
3017486,14.214480986967219
3017487,1.772597480762022
3017488,1.7267456148305858
3017489,4.013478092749234
3017490,736.88232774593
3017491,1.7267456148305858
3017492,102.72354991320917
3017493,2.472422937120056
3017494,134.65138235283632
3017495,111.09019027762737
3017496,432.93230649538134
3017497,398.02462168775105
3017498,10.871634977332844
3017499,765.5869629360012
3017500,3.085698853221623
3017501,1.7267456148305858
3017502,8.410804415180587
3017503,8.399771020854613
3017504,1.7267456148305858
3017505,65.6513760964384
3017506,2.414997698846263
3017507,2.472422937120056
3017508,1.7267456148305858
3017509,22.554608914271867
3017510,1.7267456148305858
3017511,432.93230649538134
3017512,76.52942499709688
3017513,2.3328695812083526
3017514,5.398219979149273
3017515,427.3235344255436
3017516,7.309860200528782
3017517,12.409082225977572
3017518,1.772597480762022
3017519,7.912380528677616
3017520,1.772597480762022
3017521,1.7267456148305858
3017522,1.772597480762022
3017523,696.5228289587533
3017524,1.7267456148305858
3017525,56.32138291643932
3017526,2.472422937120056
3017527,122.3010088668495
3017528,94.87220398148528
3017529,432.93230649538134
3017530,143.71162039363216
3017531,10.871634977332844
3017532,765.5869629360012
3017533,3.085698853221623
3017534,1.7267456148305858
3017535,3.827281309301763
3017536,7.391532074369735
3017537,1.7267456148305858
3017538,49.24623031080303
3017539,2.414997698846263
3017540,2.472422937120056
3017541,1.7267456148305858
3017542,18.674626091824127
3017543,1.7267456148305858
3017544,432.93230649538134
3017545,90.5949909731209
3017546,2.3328695812083526
3017547,2.277752208324305
3017548,423.93649561421773
3017549,7.309860200528782
3017550,43.054335556390896
3017551,1.772597480762022
3017552,3.0914305465031866
3017553,1.772597480762022
3017554,1.7267456148305858
3017555,4.013478092749234
3017556,735.5554714748697
3017557,1.7267456148305858
3017558,102.72354991320917
3017559,2.472422937120056
3017560,162.11820731948632
3017561,125.66995904049185
3017562,432.93230649538134
3017563,427.3235344255436
3017564,10.871634977332844
3017565,765.5869629360012
3017566,3.085698853221623
3017567,1.7267456148305858
3017568,3.827281309301763
3017569,9.361420121919371
3017570,1.7267456148305858
3017571,76.52942499709688
3017572,2.414997698846263
3017573,2.472422937120056
3017574,1.7267456148305858
3017575,22.554608914271867
3017576,1.7267456148305858
3017577,432.93230649538134
3017578,98.70820143257707
3017579,2.3328695812083526
3017580,2.277752208324305
3017581,432.93230649538134
3017582,7.309860200528782
3017583,43.054335556390896
3017584,1.772597480762022
3017585,14.214480986967219
3017586,1.7470938312046247
3017587,1.7016637322005486
3017588,1.7470938312046247
3017589,694.0360162322053
3017590,1.7016637322005486
3017591,66.08342784319925
3017592,2.3638478840842767
3017593,513.8563571624911
3017594,97.30879183745309
3017595,431.38524833835453
3017596,37.31613201736193
3017597,10.753800374939532
3017598,762.8539223296021
3017599,2.957948006706167
3017600,1.7016637322005486
3017601,3.7773755261092052
3017602,8.292616109389403
3017603,1.7016637322005486
3017604,92.30681165663681
3017605,2.3082182071243196
3017606,2.3638478840842767
3017607,1.7016637322005486
3017608,18.498956978630176
3017609,1.7016637322005486
3017610,10.879670623894667
3017611,98.27899387092712
3017612,2.2884731448403115
3017613,2.2340899785846355
3017614,169.40775163339518
3017615,26.685577008805293
3017616,12.179916976837614
3017617,1.7951350325941688
3017618,2.9635004825037736
3017619,1.7470938312046247
3017620,1.7016637322005486
3017621,3.967361774304768
3017622,707.1061244714823
3017623,1.7016637322005486
3017624,56.27488340391803
3017625,2.3638478840842767
3017626,486.03038435229
3017627,94.5131402826114
3017628,431.38524833835453
3017629,37.31613201736193
3017630,10.753800374939532
3017631,762.8539223296021
3017632,2.957948006706167
3017633,1.7016637322005486
3017634,8.313512889222368
3017635,7.29587082108052
3017636,1.7016637322005486
3017637,95.03788438980592
3017638,2.3082182071243196
3017639,2.3638478840842767
3017640,1.7016637322005486
3017641,18.498956978630176
3017642,1.7016637322005486
3017643,10.879670623894667
3017644,92.30681165663681
3017645,2.2884731448403115
3017646,2.2340899785846355
3017647,143.25316993042497
3017648,21.92727927759901
3017649,51.32089702567551
3017650,1.7951350325941688
3017651,2.9635004825037736
3017685,1.8137437405402945
3017686,1.7538126020153846
3017687,1.8137437405402945
3017688,620.9153255010013
3017689,1.7538126020153846
3017690,75.20074165434684
3017691,2.475214610523442
3017692,288.65338612954474
3017693,97.79208979053857
3017694,444.8607644925032
3017695,47.917885722544696
3017696,15.09468410692995
3017697,809.6720114886227
3017698,3.230406970007997
3017699,1.7538126020153846
3017700,9.280818314307579
3017701,3.6698559596563474
3017702,1.7538126020153846
3017703,103.6454236975073
3017704,2.4011945193451787
3017705,2.475214610523442
3017706,1.7538126020153846
3017707,6.3793598021066025
3017708,1.7538126020153846
3017709,15.312674416893575
3017710,103.6454236975073
3017711,2.381800857259504
3017712,2.3097704258026712
3017713,113.08681823406664
3017714,8.663955501578695
3017715,57.68056891745687
3017716,1.8137437405402945
3017717,3.236341669573325
3017718,1.7470938312046247
3017719,1.7016637322005486
3017720,1.7470938312046247
3017721,707.1061244714823
3017722,1.7016637322005486
3017723,40.853974494045104
3017724,2.3638478840842767
3017725,537.5375730796179
3017726,78.06037105038983
3017727,431.38524833835453
3017728,37.31613201736193
3017729,10.753800374939532
3017730,762.8539223296021
3017731,3.027164636702434
3017732,1.7016637322005486
3017733,9.442638309616529
3017734,7.29587082108052
3017735,1.7016637322005486
3017736,95.03788438980592
3017737,2.3082182071243196
3017738,2.3638478840842767
3017739,1.7016637322005486
3017740,16.16984816416285
3017741,1.7016637322005486
3017742,38.029591074515224
3017743,98.27899387092712
3017744,2.2884731448403115
3017745,2.2340899785846355
3017746,143.25316993042497
3017747,21.92727927759901
3017748,12.179916976837614
3017749,1.7470938312046247
3017750,2.9635004825037736
3017751,1.8137437405402945
3017752,1.7538126020153846
3017753,1.8137437405402945
3017754,382.92461889568375
3017755,1.7538126020153846
3017756,66.74544419065599
3017757,2.475214610523442
3017758,219.68998904626955
3017759,76.29609805841478
3017760,443.7248089262071
3017761,47.917885722544696
3017762,15.09468410692995
3017763,809.6720114886227
3017764,3.230406970007997
3017765,1.7538126020153846
3017766,9.280818314307579
3017767,3.6698559596563474
3017768,1.7538126020153846
3017769,74.64855325701873
3017770,2.4011945193451787
3017771,2.475214610523442
3017772,1.7538126020153846
3017773,15.016225495132982
3017774,1.7538126020153846
3017775,15.312674416893575
3017776,95.68636391249427
3017777,2.381800857259504
3017778,2.3097704258026712
3017779,100.59803294960045
3017780,8.663955501578695
3017781,57.68056891745687
3017782,1.8137437405402945
3017783,3.236341669573325
3017784,1.8137437405402945
3017785,1.7538126020153846
3017786,3.991577319003177
3017787,620.9153255010013
3017788,1.7538126020153846
3017789,87.72604838324258
3017790,2.475214610523442
3017791,255.19095292240831
3017792,97.79208979053857
3017793,444.91463511859666
3017794,47.917885722544696
3017795,15.09468410692995
3017796,809.6720114886227
3017797,3.230406970007997
3017798,1.7538126020153846
3017799,4.39956584596318
3017800,3.6698559596563474
3017801,1.7538126020153846
3017802,109.8980980166696
3017803,2.4011945193451787
3017804,2.475214610523442
3017805,1.7538126020153846
3017806,6.3793598021066025
3017807,1.7538126020153846
3017808,15.312674416893575
3017809,108.14326845992099
3017810,2.381800857259504
3017811,2.3097704258026712
3017812,217.63032144800619
3017813,8.663955501578695
3017814,57.68056891745687
3017815,1.8137437405402945
3017816,3.236341669573325
3017817,1.7470938312046247
3017818,1.7016637322005486
3017819,1.7470938312046247
3017820,639.3809412803422
3017821,1.7016637322005486
3017822,56.27488340391803
3017823,2.3638478840842767
3017824,404.3281564238613
3017825,92.44495853373523
3017826,431.38524833835453
3017827,37.31613201736193
3017828,10.753800374939532
3017829,762.8539223296021
3017830,3.027164636702434
3017831,1.7016637322005486
3017832,8.313512889222368
3017833,8.292616109389403
3017834,1.7016637322005486
3017835,92.30681165663681
3017836,2.3082182071243196
3017837,2.3638478840842767
3017838,1.7016637322005486
3017839,16.16984816416285
3017840,1.7016637322005486
3017841,10.879670623894667
3017842,98.27899387092712
3017843,2.2884731448403115
3017844,2.2340899785846355
3017845,169.40775163339518
3017846,7.2356638338288715
3017847,42.30143370872252
3017848,1.7470938312046247
3017849,2.9635004825037736
3017850,1.8137437405402945
3017851,1.7538126020153846
3017852,1.8137437405402945
3017853,620.9153255010013
3017854,1.7538126020153846
3017855,66.74544419065599
3017856,2.475214610523442
3017857,219.68998904626955
3017858,76.29609805841478
3017859,354.395664960577
3017860,47.917885722544696
3017861,15.09468410692995
3017862,809.6720114886227
3017863,3.230406970007997
3017864,1.7538126020153846
3017865,4.39956584596318
3017866,3.6698559596563474
3017867,1.7538126020153846
3017868,66.25452707565458
3017869,2.4011945193451787
3017870,2.475214610523442
3017871,1.7538126020153846
3017872,17.923217335576712
3017873,1.7538126020153846
3017874,15.312674416893575
3017875,120.60161190362403
3017876,2.381800857259504
3017877,2.3097704258026712
3017878,109.26516541221382
3017879,8.663955501578695
3017880,57.68056891745687
3017881,1.8137437405402945
3017882,3.236341669573325
3017883,1.7470938312046247
3017884,1.7016637322005486
3017885,1.7470938312046247
3017886,694.0360162322053
3017887,1.7016637322005486
3017888,56.27488340391803
3017889,2.3638478840842767
3017890,254.17907852879986
3017891,66.94185138352162
3017892,431.38524833835453
3017893,37.31613201736193
3017894,10.753800374939532
3017895,762.8539223296021
3017896,2.957948006706167
3017897,1.7016637322005486
3017898,3.7773755261092052
3017899,7.29587082108052
3017900,1.7016637322005486
3017901,95.03788438980592
3017902,2.3082182071243196
3017903,2.3638478840842767
3017904,1.7016637322005486
3017905,18.498956978630176
3017906,1.7016637322005486
3017907,10.879670623894667
3017908,92.30681165663681
3017909,2.2884731448403115
3017910,2.2340899785846355
3017911,123.45384103746544
3017912,26.685577008805293
3017913,42.30143370872252
3017914,1.7951350325941688
3017915,2.9635004825037736
3017916,1.772597480762022
3017917,1.7267456148305858
3017918,4.013478092749234
3017919,736.88232774593
3017920,1.7267456148305858
3017921,102.72354991320917
3017922,2.472422937120056
3017923,125.9813069617621
3017924,101.14241874545438
3017925,432.93230649538134
3017926,416.91151947548855
3017927,10.871634977332844
3017928,765.5869629360012
3017929,3.085698853221623
3017930,1.7267456148305858
3017931,3.827281309301763
3017932,8.399771020854613
3017933,1.7267456148305858
3017934,98.70820143257707
3017935,2.414997698846263
3017936,2.472422937120056
3017937,1.7267456148305858
3017938,22.554608914271867
3017939,1.7267456148305858
3017940,432.93230649538134
3017941,95.45307983627225
3017942,2.3328695812083526
3017943,2.277752208324305
3017944,431.04843516807915
3017945,7.309860200528782
3017946,52.23062441039167
3017947,1.772597480762022
3017948,12.164539683759685
3017949,1.772597480762022
3017950,1.7267456148305858
3017951,4.013478092749234
3017952,736.88232774593
3017953,1.7267456148305858
3017954,87.1711254390829
3017955,2.472422937120056
3017956,187.36331285465067
3017957,97.73380497656844
3017958,432.93230649538134
3017959,361.5108814804488
3017960,10.871634977332844
3017961,765.5869629360012
3017962,3.085698853221623
3017963,1.7267456148305858
3017964,8.410804415180587
3017965,7.391532074369735
3017966,1.7267456148305858
3017967,76.52942499709688
3017968,2.414997698846263
3017969,2.472422937120056
3017970,1.7267456148305858
3017971,26.82485446497881
3017972,1.7267456148305858
3017973,423.93649561421773
3017974,108.75156050413653
3017975,2.3328695812083526
3017976,2.277752208324305
3017977,398.02462168775105
3017978,7.309860200528782
3017979,43.054335556390896
3017980,1.772597480762022
3017981,12.164539683759685
3017982,1.7470938312046247
3017983,1.7016637322005486
3017984,3.967361774304768
3017985,578.6798000211292
3017986,1.7016637322005486
3017987,56.27488340391803
3017988,2.3638478840842767
3017989,537.5375730796179
3017990,97.30879183745309
3017991,431.38524833835453
3017992,37.31613201736193
3017993,10.753800374939532
3017994,762.8539223296021
3017995,3.027164636702434
3017996,1.7016637322005486
3017997,8.313512889222368
3017998,7.29587082108052
3017999,1.7016637322005486
3018000,98.27899387092712
3018001,2.3082182071243196
3018002,2.3638478840842767
3018003,1.7016637322005486
3018004,22.34429654338927
3018005,1.7016637322005486
3018006,10.879670623894667
3018007,123.3710645039122
3018008,2.2884731448403115
3018009,2.2340899785846355
3018010,222.77055680726576
3018011,26.685577008805293
3018012,42.30143370872252
3018013,5.186391209080875
3018014,2.9635004825037736
3018048,1.8137437405402945
3018049,1.7538126020153846
3018050,1.8137437405402945
3018051,683.4432876569762
3018052,1.7538126020153846
3018053,75.20074165434684
3018054,2.475214610523442
3018055,400.2803355927507
3018056,89.00145126245707
3018057,444.91463511859666
3018058,47.917885722544696
3018059,15.09468410692995
3018060,809.6720114886227
3018061,3.230406970007997
3018062,1.7538126020153846
3018063,4.39956584596318
3018064,3.6698559596563474
3018065,1.7538126020153846
3018066,109.8980980166696
3018067,2.4011945193451787
3018068,2.475214610523442
3018069,1.7538126020153846
3018070,15.016225495132982
3018071,1.7538126020153846
3018072,15.312674416893575
3018073,120.60161190362403
3018074,2.381800857259504
3018075,2.3097704258026712
3018076,165.19183170851974
3018077,8.663955501578695
3018078,57.68056891745687
3018079,1.8137437405402945
3018080,3.236341669573325
3018081,1.772597480762022
3018082,1.7267456148305858
3018083,1.772597480762022
3018084,735.5554714748697
3018085,1.7267456148305858
3018086,109.55268009849462
3018087,2.472422937120056
3018088,122.3010088668495
3018089,125.66995904049185
3018090,432.93230649538134
3018091,361.5108814804488
3018092,38.003190679314315
3018093,765.5869629360012
3018094,3.085698853221623
3018095,1.7267456148305858
3018096,3.827281309301763
3018097,8.399771020854613
3018098,1.7267456148305858
3018099,86.53219369918367
3018100,2.414997698846263
3018101,2.472422937120056
3018102,1.7267456148305858
3018103,18.674626091824127
3018104,1.7267456148305858
3018105,432.93230649538134
3018106,98.70820143257707
3018107,2.3328695812083526
3018108,2.277752208324305
3018109,423.93649561421773
3018110,7.309860200528782
3018111,43.054335556390896
3018112,1.772597480762022
3018113,7.912380528677616
3018114,1.772597480762022
3018115,1.7267456148305858
3018116,1.772597480762022
3018117,727.3448636559352
3018118,1.7267456148305858
3018119,123.93246220037845
3018120,2.472422937120056
3018121,125.9813069617621
3018122,101.14241874545438
3018123,432.93230649538134
3018124,427.3235344255436
3018125,10.871634977332844
3018126,765.5869629360012
3018127,3.085698853221623
3018128,1.7267456148305858
3018129,3.827281309301763
3018130,8.399771020854613
3018131,1.7267456148305858
3018132,92.65758107772828
3018133,2.414997698846263
3018134,2.472422937120056
3018135,5.243824832799564
3018136,13.520123966339032
3018137,1.7267456148305858
3018138,432.93230649538134
3018139,90.5949909731209
3018140,2.3328695812083526
3018141,2.277752208324305
3018142,431.04843516807915
3018143,7.309860200528782
3018144,43.054335556390896
3018145,1.772597480762022
3018146,12.164539683759685
3018147,1.7470938312046247
3018148,1.7016637322005486
3018149,1.7470938312046247
3018150,639.3809412803422
3018151,1.7016637322005486
3018152,66.08342784319925
3018153,5.490042001871784
3018154,513.8563571624911
3018155,92.44495853373523
3018156,431.38524833835453
3018157,37.31613201736193
3018158,10.753800374939532
3018159,762.8539223296021
3018160,2.957948006706167
3018161,1.7016637322005486
3018162,8.313512889222368
3018163,7.29587082108052
3018164,1.7016637322005486
3018165,92.30681165663681
3018166,2.3082182071243196
3018167,2.3638478840842767
3018168,1.7016637322005486
3018169,18.498956978630176
3018170,1.7016637322005486
3018171,10.879670623894667
3018172,101.52866091263047
3018173,2.2884731448403115
3018174,2.2340899785846355
3018175,195.62821953264375
3018176,26.685577008805293
3018177,42.30143370872252
3018178,1.7951350325941688
3018179,2.9635004825037736
3018180,1.4616707397224218
3018181,1.4143024133093034
3018182,4.245381359345849
3018183,1253.4391995400783
3018184,1.4143024133093034
3018185,138.93503609099514
3018186,1.7164465618095028
3018187,180.51203242139223
3018188,281.71390643746946
3018189,746.9550731043707
3018190,745.6101040735342
3018191,2.738157207460168
3018192,1301.6131720805674
3018193,1.789922201977288
3018194,1.4143024133093034
3018195,6.5136419083908095
3018196,7.981875609027654
3018197,1.4143024133093034
3018198,79.6884342495964
3018199,13.027513957897309
3018200,1.7164465618095028
3018201,10.246019777861788
3018202,29.773244918104414
3018203,1.4327181711774921
3018204,746.9550731043707
3018205,279.6601486050438
3018206,1.7037899909980783
3018207,1.6719897734538391
3018208,746.9550731043707
3018209,2.5500193740478516
3018210,36.263511307705045
3018211,13.09406493360963
3018212,14.405030234120785
3018213,1.4616707397224218
3018214,1.4143024133093034
3018215,4.245381359345849
3018216,1253.4391995400783
3018217,1.4143024133093034
3018218,181.47659244953698
3018219,1.7164465618095028
3018220,235.27772210098445
3018221,111.40748930655877
3018222,746.9550731043707
3018223,734.6016727509846
3018224,19.556367148937667
3018225,1301.6131720805674
3018226,1.789922201977288
3018227,1.4143024133093034
3018228,6.5136419083908095
3018229,6.971070917935556
3018230,1.4143024133093034
3018231,75.69209916546247
3018232,9.028176680523202
3018233,1.7164465618095028
3018234,8.612679416258047
3018235,24.298541108369736
3018236,1.4327181711774921
3018237,746.9550731043707
3018238,337.5026842091617
3018239,1.7037899909980783
3018240,1.6719897734538391
3018241,746.9550731043707
3018242,2.5500193740478516
3018243,29.965801416189542
3018244,14.298871006403997
3018245,13.59057276871881
3018246,1.5279073522613027
3018247,1.4258495832343425
3018248,4.386519768764827
3018249,1324.3570314327444
3018250,1.4258495832343425
3018251,89.27068681005483
3018252,1.7895384727193426
3018253,382.5608271398899
3018254,240.1387205092468
3018255,789.239587297749
3018256,761.7557059553309
3018257,20.718490423088188
3018258,1375.2544469966028
3018259,1.8649911350088555
3018260,1.4258495832343425
3018261,2.2061544319039643
3018262,5.979290321624498
3018263,1.4258495832343425
3018264,77.33262389084821
3018265,6.771254336001313
3018266,1.7895384727193426
3018267,5.021993416965505
3018268,24.97925345472643
3018269,1.4981757518037089
3018270,789.239587297749
3018271,80.02777155046601
3018272,1.7765413493054196
3018273,6.679384081816573
3018274,789.239587297749
3018275,2.6455403769139143
3018276,48.52963322172582
3018277,14.710520450329135
3018278,11.8513386445363
3018279,1.5279073522613027
3018280,1.4258495832343425
3018281,4.386519768764827
3018282,1324.3570314327444
3018283,1.4258495832343425
3018284,80.54365680716035
3018285,1.7895384727193426
3018286,151.50438196848387
3018287,193.40267652748085
3018288,789.239587297749
3018289,787.8185824672781
3018290,2.9494882982967843
3018291,1375.2544469966028
3018292,1.8649911350088555
3018293,1.4258495832343425
3018294,6.715812807939341
3018295,8.223552533966313
3018296,1.4258495832343425
3018297,74.0822083376935
3018298,9.29800661453548
3018299,1.7895384727193426
3018300,10.29980744780713
3018301,30.60126609385046
3018302,1.4981757518037089
3018303,789.239587297749
3018304,295.5268476407887
3018305,1.7765413493054196
3018306,1.743885477650279
3018307,789.239587297749
3018308,2.6455403769139143
3018309,38.37014782832649
3018310,12.93273268371043
3018311,13.983163905952281
3018312,1.5279073522613027
3018313,1.4258495832343425
3018314,4.386519768764827
3018315,1321.9737811197544
3018316,1.4258495832343425
3018317,80.54365680716035
3018318,1.7895384727193426
3018319,151.50438196848387
3018320,193.40267652748085
3018321,789.239587297749
3018322,719.6961457295218
3018323,2.9494882982967843
3018324,1375.2544469966028
3018325,1.8649911350088555
3018326,1.4258495832343425
3018327,6.715812807939341
3018328,5.979290321624498
3018329,1.4258495832343425
3018330,74.0822083376935
3018331,14.189309847421335
3018332,1.7895384727193426
3018333,7.077205889937661
3018334,32.651941731951084
3018335,1.4981757518037089
3018336,789.239587297749
3018337,88.69959007168923
3018338,1.7765413493054196
3018339,5.556532402693007
3018340,789.239587297749
3018341,2.6455403769139143
3018342,31.716406387765794
3018343,14.710520450329135
3018344,13.983163905952281
3018345,1.4616707397224218
3018346,1.4143024133093034
3018347,4.245381359345849
3018348,1253.4391995400783
3018349,1.4143024133093034
3018350,138.93503609099514
3018351,1.7164465618095028
3018352,180.51203242139223
3018353,281.71390643746946
3018354,746.9550731043707
3018355,745.6101040735342
3018356,19.556367148937667
3018357,1301.6131720805674
3018358,1.789922201977288
3018359,1.4143024133093034
3018360,6.5136419083908095
3018361,6.971070917935556
3018362,1.4143024133093034
3018363,75.69209916546247
3018364,14.864926059491168
3018365,1.7164465618095028
3018366,5.742360779751143
3018367,18.739677015103155
3018368,1.4327181711774921
3018369,746.9550731043707
3018370,181.35522391923158
3018371,1.7037899909980783
3018372,5.384737144465954
3018373,746.9550731043707
3018374,2.5500193740478516
3018375,29.965801416189542
3018376,13.09406493360963
3018377,14.405030234120785
3018411,1.5279073522613027
3018412,1.4258495832343425
3018413,4.386519768764827
3018414,1311.0381446243446
3018415,1.4258495832343425
3018416,84.79280085371927
3018417,1.7895384727193426
3018418,151.50438196848387
3018419,148.3430045409876
3018420,789.239587297749
3018421,745.3083758020787
3018422,2.9494882982967843
3018423,1375.2544469966028
3018424,1.8649911350088555
3018425,1.4258495832343425
3018426,2.2061544319039643
3018427,7.185549941223121
3018428,1.4258495832343425
3018429,70.06172771137487
3018430,11.359035468906939
3018431,1.7895384727193426
3018432,1.4258495832343425
3018433,19.2708160163489
3018434,1.4981757518037089
3018435,789.239587297749
3018436,96.26760985486303
3018437,1.7765413493054196
3018438,1.743885477650279
3018439,789.239587297749
3018440,2.6455403769139143
3018441,31.716406387765794
3018442,14.710520450329135
3018443,9.69055418757426
3018444,1.5279073522613027
3018445,1.4258495832343425
3018446,1.5279073522613027
3018447,1302.4671257295722
3018448,1.4258495832343425
3018449,89.27068681005483
3018450,1.7895384727193426
3018451,70.93256726066033
3018452,148.3430045409876
3018453,789.239587297749
3018454,785.8088455024842
3018455,2.9494882982967843
3018456,1375.2544469966028
3018457,1.8649911350088555
3018458,1.4258495832343425
3018459,2.2061544319039643
3018460,7.185549941223121
3018461,1.4258495832343425
3018462,45.796063232988935
3018463,1.7567297373605153
3018464,1.7895384727193426
3018465,1.4258495832343425
3018466,19.2708160163489
3018467,1.4981757518037089
3018468,789.239587297749
3018469,80.02777155046601
3018470,1.7765413493054196
3018471,1.743885477650279
3018472,789.239587297749
3018473,2.6455403769139143
3018474,23.204337570654467
3018475,1.5279073522613027
3018476,9.69055418757426
3018477,1.4616707397224218
3018478,1.4143024133093034
3018479,1.4616707397224218
3018480,1253.4391995400783
3018481,1.4143024133093034
3018482,84.44044013674124
3018483,1.7164465618095028
3018484,143.34410525297565
3018485,111.40748930655877
3018486,746.9550731043707
3018487,739.4386615109786
3018488,19.556367148937667
3018489,1301.6131720805674
3018490,1.789922201977288
3018491,1.4143024133093034
3018492,6.5136419083908095
3018493,5.796417896170981
3018494,1.4143024133093034
3018495,55.105227747089906
3018496,1.6844974859195672
3018497,1.7164465618095028
3018498,1.4143024133093034
3018499,18.739677015103155
3018500,1.4327181711774921
3018501,746.9550731043707
3018502,75.69209916546247
3018503,1.7037899909980783
3018504,5.384737144465954
3018505,746.9550731043707
3018506,2.5500193740478516
3018507,21.909200409724026
3018508,1.4616707397224218
3018509,7.853473174140138
3018510,1.772597480762022
3018511,1.7267456148305858
3018512,4.013478092749234
3018513,733.6788894691388
3018514,1.7267456148305858
3018515,99.43601061833184
3018516,2.472422937120056
3018517,143.3432289288256
3018518,111.09019027762737
3018519,432.93230649538134
3018520,376.45890123151145
3018521,10.871634977332844
3018522,765.5869629360012
3018523,3.085698853221623
3018524,1.7267456148305858
3018525,8.410804415180587
3018526,8.399771020854613
3018527,1.7267456148305858
3018528,76.52942499709688
3018529,2.414997698846263
3018530,2.472422937120056
3018531,1.7267456148305858
3018532,18.674626091824127
3018533,1.7267456148305858
3018534,432.93230649538134
3018535,90.5949909731209
3018536,2.3328695812083526
3018537,2.277752208324305
3018538,431.04843516807915
3018539,7.309860200528782
3018540,43.054335556390896
3018541,1.772597480762022
3018542,7.912380528677616
3018543,1.8137437405402945
3018544,1.7538126020153846
3018545,1.8137437405402945
3018546,722.5482407037887
3018547,1.7538126020153846
3018548,55.71902346902121
3018549,2.475214610523442
3018550,162.5361440981269
3018551,76.29609805841478
3018552,444.91463511859666
3018553,47.917885722544696
3018554,15.09468410692995
3018555,809.6720114886227
3018556,3.230406970007997
3018557,1.7538126020153846
3018558,4.39956584596318
3018559,3.6698559596563474
3018560,1.7538126020153846
3018561,95.68636391249427
3018562,2.4011945193451787
3018563,2.475214610523442
3018564,1.7538126020153846
3018565,15.016225495132982
3018566,1.7538126020153846
3018567,15.312674416893575
3018568,113.01093699762731
3018569,2.381800857259504
3018570,2.3097704258026712
3018571,89.12441555735434
3018572,8.663955501578695
3018573,18.210535259942734
3018574,1.8137437405402945
3018575,3.236341669573325
3018708,1.7747904673466968
3018709,1.7289023348718593
3018710,4.017443504344767
3018711,737.7799054279482
3018712,1.7289023348718593
3018713,56.49449632789953
3018714,2.478982317425468
3018715,130.93030358695836
3018716,111.42870819612338
3018717,94.53345420341326
3018718,10.81006190651216
3018719,10.907487902122408
3018720,767.9020934786168
3018721,3.0934167070306104
3018722,1.7289023348718593
3018723,8.428581352568932
3018724,9.380992765089442
3018725,1.7289023348718593
3018726,65.85266654875348
3018727,2.421448603316851
3018728,2.478982317425468
3018729,1.7289023348718593
3018730,18.71179130966769
3018731,1.7289023348718593
3018732,11.02996916721698
3018733,92.94043160478408
3018734,2.3355057151335883
3018735,2.280344747151386
3018736,10.878646918711596
3018737,7.325557462736501
3018738,52.391383528839256
3018739,1.7747904673466968
3018740,6.971449714399797
3019071,1.7747904673466968
3019072,1.7289023348718593
3019073,4.017443504344767
3019074,739.1107688705719
3019075,1.7289023348718593
3019076,124.30976441524581
3019077,2.478982317425468
3019078,221.7361426364549
3019079,126.05250858175103
3019080,100.70526278442351
3019081,10.81006190651216
3019082,10.907487902122408
3019083,767.9020934786168
3019084,3.0934167070306104
3019085,1.7289023348718593
3019086,9.571657118938417
3019087,9.380992765089442
3019088,1.7289023348718593
3019089,90.87161237604727
3019090,2.421448603316851
3019091,2.478982317425468
3019092,4.017443504344767
3019093,22.599103389919506
3019094,1.7289023348718593
3019095,11.02996916721698
3019096,124.22641859134679
3019097,2.3355057151335883
3019098,2.280344747151386
3019099,10.878646918711596
3019100,7.325557462736501
3019101,52.391383528839256
3019102,1.7747904673466968
3019103,6.971449714399797
3019434,1.7747904673466968
3019435,1.7289023348718593
3019436,4.017443504344767
3019437,739.1107688705719
3019438,1.7289023348718593
3019439,96.4505479492195
3019440,2.478982317425468
3019441,331.30793062382486
3019442,198.46972337625127
3019443,100.70526278442351
3019444,10.81006190651216
3019445,10.907487902122408
3019446,767.9020934786168
3019447,3.0934167070306104
3019448,1.7289023348718593
3019449,3.836400006684629
3019450,9.380992765089442
3019451,1.7289023348718593
3019452,102.28289786989494
3019453,2.421448603316851
3019454,2.478982317425468
3019455,4.62106415351137
3019456,22.599103389919506
3019457,1.7289023348718593
3019458,11.02996916721698
3019459,196.79605420047258
3019460,2.3355057151335883
3019461,5.403280652643146
3019462,10.878646918711596
3019463,7.325557462736501
3019464,52.391383528839256
3019465,1.7747904673466968
3019466,6.971449714399797
3019797,1.7747904673466968
3019798,1.7289023348718593
3019799,1.7747904673466968
3019800,737.7799054279482
3019801,1.7289023348718593
3019802,103.0368001639998
3019803,2.478982317425468
3019804,187.93217937571424
3019805,145.71588056432512
3019806,104.03434809795925
3019807,10.81006190651216
3019808,10.907487902122408
3019809,767.9020934786168
3019810,3.0934167070306104
3019811,1.7289023348718593
3019812,8.428581352568932
3019813,7.407383614120969
3019814,1.7289023348718593
3019815,92.94043160478408
3019816,2.421448603316851
3019817,2.478982317425468
3019818,1.7289023348718593
3019819,18.71179130966769
3019820,1.7289023348718593
3019821,11.02996916721698
3019822,99.00932513236147
3019823,2.3355057151335883
3019824,2.280344747151386
3019825,10.878646918711596
3019826,7.325557462736501
3019827,59.468024190162105
3019828,1.7747904673466968
3019829,6.971449714399797
3020160,1.7747904673466968
3020161,1.7289023348718593
3020162,1.7747904673466968
3020163,711.7858685999088
3020164,1.7289023348718593
3020165,103.0368001639998
3020166,2.478982317425468
3020167,187.93217937571424
3020168,104.65864291748643
3020169,97.3849441687948
3020170,10.81006190651216
3020171,10.907487902122408
3020172,767.9020934786168
3020173,3.0934167070306104
3020174,1.7289023348718593
3020175,3.836400006684629
3020176,8.417527116245664
3020177,1.7289023348718593
3020178,90.87161237604727
3020179,2.421448603316851
3020180,2.478982317425468
3020181,1.7289023348718593
3020182,22.599103389919506
3020183,1.7289023348718593
3020184,11.02996916721698
3020185,99.00932513236147
3020186,2.3355057151335883
3020187,2.280344747151386
3020188,10.878646918711596
3020189,7.325557462736501
3020190,43.18738182865019
3020191,1.7747904673466968
3020192,3.0991592274368385
3020358,1.7747904673466968
3020359,1.7289023348718593
3020360,4.017443504344767
3020361,739.1107688705719
3020362,1.7289023348718593
3020363,109.88655466020607
3020364,2.478982317425468
3020365,255.86551048182656
3020366,145.71588056432512
3020367,104.03434809795925
3020368,10.81006190651216
3020369,10.907487902122408
3020370,767.9020934786168
3020371,3.0934167070306104
3020372,1.7289023348718593
3020373,8.428581352568932
3020374,8.417527116245664
3020375,1.7289023348718593
3020376,90.87161237604727
3020377,2.421448603316851
3020378,2.478982317425468
3020379,7.7466356974784
3020380,22.599103389919506
3020381,1.7289023348718593
3020382,11.02996916721698
3020383,124.22641859134679
3020384,2.3355057151335883
3020385,2.280344747151386
3020386,10.878646918711596
3020387,7.325557462736501
3020388,52.391383528839256
3020389,1.7747904673466968
3020390,6.971449714399797
3020391,1.7747904673466968
3020392,1.7289023348718593
3020393,4.017443504344767
3020394,737.7799054279482
3020395,1.7289023348718593
3020396,96.4505479492195
3020397,2.478982317425468
3020398,126.36479678914256
3020399,145.71588056432512
3020400,104.03434809795925
3020401,10.81006190651216
3020402,10.907487902122408
3020403,767.9020934786168
3020404,3.0934167070306104
3020405,1.7289023348718593
3020406,8.428581352568932
3020407,9.380992765089442
3020408,1.7289023348718593
3020409,86.79654525340133
3020410,2.421448603316851
3020411,2.478982317425468
3020412,1.7289023348718593
3020413,22.599103389919506
3020414,1.7289023348718593
3020415,11.02996916721698
3020416,102.28289786989494
3020417,2.3355057151335883
3020418,2.280344747151386
3020419,10.878646918711596
3020420,7.325557462736501
3020421,12.449578317498494
3020422,1.7747904673466968
3020423,6.971449714399797
3020424,1.7747904673466968
3020425,1.7289023348718593
3020426,4.017443504344767
3020427,739.1107688705719
3020428,1.7289023348718593
3020429,124.30976441524581
3020430,2.478982317425468
3020431,126.36479678914256
3020432,126.05250858175103
3020433,104.03434809795925
3020434,10.81006190651216
3020435,10.907487902122408
3020436,767.9020934786168
3020437,3.0934167070306104
3020438,1.7289023348718593
3020439,9.571657118938417
3020440,8.417527116245664
3020441,1.7289023348718593
3020442,90.87161237604727
3020443,2.421448603316851
3020444,2.478982317425468
3020445,4.62106415351137
3020446,22.599103389919506
3020447,1.7289023348718593
3020448,11.02996916721698
3020449,144.1486566444987
3020450,2.3355057151335883
3020451,2.280344747151386
3020452,10.878646918711596
3020453,7.325557462736501
3020454,52.391383528839256
3020455,1.7747904673466968
3020456,6.971449714399797
3020457,1.7492666456720958
3020458,1.7038006137212625
3020459,3.9712907101881276
3020460,709.2446399895365
3020461,1.7038006137212625
3020462,56.44785638455067
3020463,2.366508520304957
3020464,515.4112488253511
3020465,94.80159469023988
3020466,96.96143274864046
3020467,37.43184863112814
3020468,223.29707156672464
3020469,765.1607989544127
3020470,3.034771919825194
3020471,1.7038006137212625
3020472,9.462364373320465
3020473,7.311541657457722
3020474,1.7038006137212625
3020475,98.57882134264729
3020476,2.3108348430398244
3020477,2.366508520304957
3020478,4.569358974052223
3020479,22.38839374058076
3020480,1.7038006137212625
3020481,10.915547816734282
3020482,123.74667126997011
3020483,2.2910741633944784
3020484,2.2366479827615406
3020485,10.76566484839591
3020486,7.251220939668757
3020487,51.47890872242711
3020488,10.345926695937866
3020489,9.91345893396098
3018741,1.8116841580619032
3018742,1.7517968874703223
3018743,1.8116841580619032
3018744,330.34843287416464
3018745,1.7517968874703223
3018746,65.10493378774729
3018747,2.4726708496907266
3018748,317.9247616063916
3018749,103.68875547229122
3018750,86.40761647979998
3018751,46.733299786547505
3018752,159.86046063516116
3018753,790.040936896342
3018754,3.2273104292866943
3018755,1.7517968874703223
3018756,4.335134770418882
3018757,3.614132249509807
3018758,1.7517968874703223
3018759,107.21261140376717
3018760,2.398704939168876
3018761,2.4726708496907266
3018762,1.7517968874703223
3018763,6.291304557955158
3018764,1.7517968874703223
3018765,14.917649889415943
3018766,113.89607520596488
3018767,2.3793254727066504
3018768,2.307347765530427
3018769,14.717425388529287
3018770,8.54863899933723
3018771,56.259571758049894
3018772,7.783735405607523
3018773,7.039622401045671
3018774,3.967361774304768
3018775,1.7016637322005486
3018776,3.967361774304768
3018777,715.9907372664882
3018778,1.7016637322005486
3018779,66.08342784319925
3018780,2.3638478840842767
3018781,466.7431459776929
3018782,97.30879183745309
3018783,99.96254671504147
3018784,37.31613201736193
3018785,195.49743849546584
3018786,762.8539223296021
3018787,3.027164636702434
3018788,1.7016637322005486
3018789,8.313512889222368
3018790,7.29587082108052
3018791,1.7016637322005486
3018792,90.28640436667553
3018793,2.3082182071243196
3018794,2.3638478840842767
3018795,1.7016637322005486
3018796,18.498956978630176
3018797,1.7016637322005486
3018798,10.879670623894667
3018799,108.3045120210087
3018800,2.2884731448403115
3018801,2.2340899785846355
3018802,10.730238946612415
3018803,7.2356638338288715
3018804,51.32089702567551
3018805,10.336959725160186
3018806,8.510420504910696
3018807,1.8116841580619032
3018808,1.7517968874703223
3018809,1.8116841580619032
3018810,421.7227210848811
3018811,1.7517968874703223
3018812,73.3554794247347
3018813,2.4726708496907266
3018814,186.94483381209915
3018815,109.94401891065074
3018816,94.94490949338072
3018817,46.733299786547505
3018818,138.86856106171095
3018819,790.040936896342
3018820,3.2273104292866943
3018821,1.7517968874703223
3018822,9.158141010175507
3018823,7.785346209059101
3018824,1.7517968874703223
3018825,107.21261140376717
3018826,2.398704939168876
3018827,2.4726708496907266
3018828,6.297028541052821
3018829,14.825109641701365
3018830,1.7517968874703223
3018831,14.917649889415943
3018832,110.250070485872
3018833,2.3793254727066504
3018834,2.307347765530427
3018835,14.717425388529287
3018836,8.54863899933723
3018837,56.259571758049894
3018838,5.197540350450389
3018839,7.957123379860175
3018840,1.8116841580619032
3018841,1.7517968874703223
3018842,3.987923622670553
3018843,421.7227210848811
3018844,1.7517968874703223
3018845,73.3554794247347
3018846,2.4726708496907266
3018847,357.65485742459964
3018848,103.68875547229122
3018849,94.94490949338072
3018850,46.733299786547505
3018851,138.86856106171095
3018852,790.040936896342
3018853,3.2273104292866943
3018854,1.7517968874703223
3018855,9.158141010175507
3018856,3.614132249509807
3018857,1.7517968874703223
3018858,113.89607520596488
3018859,2.398704939168876
3018860,2.4726708496907266
3018861,1.7517968874703223
3018862,6.291304557955158
3018863,1.7517968874703223
3018864,14.917649889415943
3018865,117.65693109561377
3018866,2.3793254727066504
3018867,2.307347765530427
3018868,14.717425388529287
3018869,8.54863899933723
3018870,56.259571758049894
3018871,6.297028541052821
3018872,7.957123379860175
3018873,1.8137437405402945
3018874,1.7538126020153846
3018875,3.991577319003177
3018876,575.1131154794618
3018877,1.7538126020153846
3018878,75.20074165434684
3018879,2.475214610523442
3018880,288.65338612954474
3018881,110.89816679321126
3018882,88.5767904871286
3018883,47.917885722544696
3018884,163.85249638752995
3018885,809.6720114886227
3018886,3.230406970007997
3018887,1.7538126020153846
3018888,10.465190887129623
3018889,7.891444616997589
3018890,1.7538126020153846
3018891,116.74742374878278
3018892,2.4011945193451787
3018893,2.475214610523442
3018894,1.7538126020153846
3018895,6.3793598021066025
3018896,1.7538126020153846
3018897,48.828752941859115
3018898,120.60161190362403
3018899,2.381800857259504
3018900,2.3097704258026712
3018901,15.1074809922398
3018902,8.663955501578695
3018903,69.08832246282893
3018904,6.302373676310771
3018905,7.963684548658973
3018906,1.8116841580619032
3018907,1.7517968874703223
3018908,1.8116841580619032
3018909,642.8528851694794
3018910,1.7517968874703223
3018911,65.10493378774729
3018912,2.4726708496907266
3018913,502.87625940370447
3018914,103.68875547229122
3018915,94.94490949338072
3018916,56.01285739680612
3018917,124.56272233904903
3018918,790.040936896342
3018919,3.2273104292866943
3018920,1.7517968874703223
3018921,10.328380891427697
3018922,7.785346209059101
3018923,1.7517968874703223
3018924,105.50027645573462
3018925,2.398704939168876
3018926,2.4726708496907266
3018927,1.7517968874703223
3018928,17.697413394950388
3018929,1.7517968874703223
3018930,14.917649889415943
3018931,110.250070485872
3018932,2.3793254727066504
3018933,2.307347765530427
3018934,47.01050315551329
3018935,8.54863899933723
3018936,67.39107737872997
3018937,5.197540350450389
3018938,7.039622401045671
3018939,1.8137437405402945
3018940,1.7538126020153846
3018941,1.8137437405402945
3018942,382.92461889568375
3018943,1.7538126020153846
3018944,66.74544419065599
3018945,2.475214610523442
3018946,400.2803355927507
3018947,106.28679139153581
3018948,88.5767904871286
3018949,47.917885722544696
3018950,111.58887400709796
3018951,809.6720114886227
3018952,3.230406970007997
3018953,1.7538126020153846
3018954,4.39956584596318
3018955,3.6698559596563474
3018956,1.7538126020153846
3018957,113.01093699762731
3018958,2.4011945193451787
3018959,2.475214610523442
3018960,1.7538126020153846
3018961,15.016225495132982
3018962,1.7538126020153846
3018963,15.312674416893575
3018964,113.01093699762731
3018965,2.381800857259504
3018966,2.3097704258026712
3018967,15.1074809922398
3018968,8.663955501578695
3018969,18.210535259942734
3018970,1.8137437405402945
3018971,3.236341669573325
3018972,1.8137437405402945
3018973,1.7538126020153846
3018974,3.991577319003177
3018975,530.881922636589
3018976,1.7538126020153846
3018977,66.74544419065599
3018978,2.475214610523442
3018979,400.2803355927507
3018980,115.88870073645995
3018981,109.9940976521519
3018982,47.917885722544696
3018983,372.7952874155293
3018984,809.6720114886227
3018985,3.230406970007997
3018986,1.7538126020153846
3018987,9.280818314307579
3018988,7.891444616997589
3018989,1.7538126020153846
3018990,108.14326845992099
3018991,2.4011945193451787
3018992,2.475214610523442
3018993,6.302373676310771
3018994,6.3793598021066025
3018995,1.7538126020153846
3018996,15.312674416893575
3018997,120.60161190362403
3018998,2.381800857259504
3018999,2.3097704258026712
3019000,48.201968381518824
3019001,8.663955501578695
3019002,57.68056891745687
3019003,7.790169566245503
3019004,7.0455114926005
3019005,1.745083034613688
3019006,1.6996861891836859
3019007,3.963725803080102
3019008,689.9587653030991
3019009,1.6996861891836859
3019010,54.88792604948582
3019011,2.3613856406104965
3019012,353.47029422740286
3019013,98.23991931354463
3019014,97.5176574657505
3019015,36.38827607184915
3019016,386.97376409464215
3019017,744.3565854111564
3019018,2.979109930761456
3019019,1.6996861891836859
3019020,8.202378092524421
3019021,8.18173066644294
3019022,1.6996861891836859
3019023,92.71224979847578
3019024,2.305796683033152
3019025,2.3613856406104965
3019026,1.6996861891836859
3019027,18.266282944093792
3019028,1.6996861891836859
3019029,10.591994847693682
3019030,95.87487320744458
3019031,2.286066073587805
3019032,2.231722714303434
3019033,36.60540239945031
3019034,7.137390621912848
3019035,50.05390443472615
3019036,10.69115913231388
3019037,9.896851717067896
3019038,1.8116841580619032
3019039,1.7517968874703223
3019040,3.987923622670553
3019041,373.62757554825816
3019042,1.7517968874703223
3019043,65.10493378774729
3019044,2.4726708496907266
3019045,317.9247616063916
3019046,103.68875547229122
3019047,102.8429339905745
3019048,46.733299786547505
3019049,138.86856106171095
3019050,790.040936896342
3019051,3.2273104292866943
3019052,1.7517968874703223
3019053,9.158141010175507
3019054,3.614132249509807
3019055,1.7517968874703223
3019056,101.11135062080838
3019057,2.398704939168876
3019058,2.4726708496907266
3019059,1.7517968874703223
3019060,6.291304557955158
3019061,1.7517968874703223
3019062,14.917649889415943
3019063,125.49865740827957
3019064,2.3793254727066504
3019065,2.307347765530427
3019066,14.717425388529287
3019067,8.54863899933723
3019068,56.259571758049894
3019069,5.197540350450389
3019070,7.039622401045671
3019104,1.7470938312046247
3019105,1.7016637322005486
3019106,4.564957369801719
3019107,639.3809412803422
3019108,1.7016637322005486
3019109,49.57193958862078
3019110,2.3638478840842767
3019111,527.597333717444
3019112,97.30879183745309
3019113,96.66647516317121
3019114,37.31613201736193
3019115,339.23530019186154
3019116,762.8539223296021
3019117,3.027164636702434
3019118,1.7016637322005486
3019119,3.7773755261092052
3019120,7.29587082108052
3019121,1.7016637322005486
3019122,95.03788438980592
3019123,2.3082182071243196
3019124,2.3638478840842767
3019125,4.564957369801719
3019126,18.498956978630176
3019127,1.7016637322005486
3019128,10.879670623894667
3019129,123.3710645039122
3019130,2.2884731448403115
3019131,2.2340899785846355
3019132,37.53864671733966
3019133,7.2356638338288715
3019134,51.32089702567551
3019135,6.285393682338485
3019136,9.904833753315378
3019137,1.7470938312046247
3019138,1.7016637322005486
3019139,3.967361774304768
3019140,639.3809412803422
3019141,1.7016637322005486
3019142,56.27488340391803
3019143,2.3638478840842767
3019144,537.5375730796179
3019145,94.5131402826114
3019146,99.96254671504147
3019147,37.31613201736193
3019148,195.49743849546584
3019149,762.8539223296021
3019150,3.027164636702434
3019151,1.7016637322005486
3019152,9.442638309616529
3019153,8.292616109389403
3019154,1.7016637322005486
3019155,101.52866091263047
3019156,2.3082182071243196
3019157,2.3638478840842767
3019158,1.7016637322005486
3019159,18.498956978630176
3019160,1.7016637322005486
3019161,10.879670623894667
3019162,101.52866091263047
3019163,2.2884731448403115
3019164,2.2340899785846355
3019165,10.730238946612415
3019166,7.2356638338288715
3019167,51.32089702567551
3019168,1.7470938312046247
3019169,7.62775314641342
3019170,1.8137437405402945
3019171,1.7538126020153846
3019172,1.8137437405402945
3019173,575.1131154794618
3019174,1.7538126020153846
3019175,66.74544419065599
3019176,2.475214610523442
3019177,219.68998904626955
3019178,97.79208979053857
3019179,105.41997935948878
3019180,47.917885722544696
3019181,127.6787825241502
3019182,809.6720114886227
3019183,3.230406970007997
3019184,1.7538126020153846
3019185,10.465190887129623
3019186,3.6698559596563474
3019187,1.7538126020153846
3019188,113.01093699762731
3019189,2.4011945193451787
3019190,2.475214610523442
3019191,1.7538126020153846
3019192,15.016225495132982
3019193,1.7538126020153846
3019194,15.312674416893575
3019195,116.74742374878278
3019196,2.381800857259504
3019197,2.3097704258026712
3019198,15.1074809922398
3019199,8.663955501578695
3019200,69.08832246282893
3019201,10.072648541314715
3019202,3.236341669573325
3019203,1.772597480762022
3019204,1.7267456148305858
3019205,1.772597480762022
3019206,735.5554714748697
3019207,1.7267456148305858
3019208,102.72354991320917
3019209,2.472422937120056
3019210,143.3432289288256
3019211,125.66995904049185
3019212,92.14824006990263
3019213,10.774502327130289
3019214,10.871634977332844
3019215,765.5869629360012
3019216,3.085698853221623
3019217,1.7267456148305858
3019218,3.827281309301763
3019219,8.399771020854613
3019220,1.7267456148305858
3019221,76.52942499709688
3019222,2.414997698846263
3019223,2.472422937120056
3019224,1.7267456148305858
3019225,22.554608914271867
3019226,1.7267456148305858
3019227,10.993747456700177
3019228,108.75156050413653
3019229,2.3328695812083526
3019230,2.277752208324305
3019231,10.842880832860487
3019232,7.309860200528782
3019233,43.054335556390896
3019234,1.772597480762022
3019235,3.0914305465031866
3019236,1.772597480762022
3019237,1.7267456148305858
3019238,4.013478092749234
3019239,735.5554714748697
3019240,1.7267456148305858
3019241,123.93246220037845
3019242,2.472422937120056
3019243,187.36331285465067
3019244,171.44566056747107
3019245,97.08871140897986
3019246,10.774502327130289
3019247,10.871634977332844
3019248,765.5869629360012
3019249,3.085698853221623
3019250,1.7267456148305858
3019251,8.410804415180587
3019252,8.399771020854613
3019253,1.7267456148305858
3019254,76.52942499709688
3019255,2.414997698846263
3019256,2.472422937120056
3019257,1.7267456148305858
3019258,22.554608914271867
3019259,1.7267456148305858
3019260,10.993747456700177
3019261,101.97191758590768
3019262,2.3328695812083526
3019263,2.277752208324305
3019264,10.842880832860487
3019265,7.309860200528782
3019266,59.285957616483095
3019267,1.772597480762022
3019268,6.9564200978362605
3019269,1.772597480762022
3019270,1.7267456148305858
3019271,1.772597480762022
3019272,709.6397015537576
3019273,1.7267456148305858
3019274,99.43601061833184
3019275,2.472422937120056
3019276,143.3432289288256
3019277,125.66995904049185
3019278,100.3990326906131
3019279,10.774502327130289
3019280,10.871634977332844
3019281,765.5869629360012
3019282,3.085698853221623
3019283,1.7267456148305858
3019284,3.827281309301763
3019285,8.399771020854613
3019286,1.7267456148305858
3019287,55.90600372355906
3019288,2.414997698846263
3019289,2.472422937120056
3019290,1.7267456148305858
3019291,22.554608914271867
3019292,1.7267456148305858
3019293,10.993747456700177
3019294,95.45307983627225
3019295,2.3328695812083526
3019296,5.398219979149273
3019297,10.842880832860487
3019298,7.309860200528782
3019299,12.409082225977572
3019300,1.772597480762022
3019301,6.9564200978362605
3019302,1.772597480762022
3019303,1.7267456148305858
3019304,1.772597480762022
3019305,727.3448636559352
3019306,1.7267456148305858
3019307,93.34122441743935
3019308,2.472422937120056
3019309,130.53306721847756
3019310,94.87220398148528
3019311,56.8710040794302
3019312,10.774502327130289
3019313,10.871634977332844
3019314,765.5869629360012
3019315,3.085698853221623
3019316,1.7267456148305858
3019317,8.410804415180587
3019318,3.304444567317459
3019319,1.7267456148305858
3019320,65.6513760964384
3019321,2.414997698846263
3019322,2.472422937120056
3019323,1.7267456148305858
3019324,18.674626091824127
3019325,1.7267456148305858
3019326,10.993747456700177
3019327,92.65758107772828
3019328,2.3328695812083526
3019329,2.277752208324305
3019330,37.90872151968995
3019331,7.309860200528782
3019332,43.054335556390896
3019333,1.772597480762022
3019334,3.0914305465031866
3019335,1.772597480762022
3019336,1.7267456148305858
3019337,1.772597480762022
3019338,736.88232774593
3019339,1.7267456148305858
3019340,109.55268009849462
3019341,2.472422937120056
3019342,221.06549386187666
3019343,111.09019027762737
3019344,97.08871140897986
3019345,10.774502327130289
3019346,10.871634977332844
3019347,765.5869629360012
3019348,3.085698853221623
3019349,1.7267456148305858
3019350,8.410804415180587
3019351,8.399771020854613
3019352,1.7267456148305858
3019353,86.53219369918367
3019354,2.414997698846263
3019355,2.472422937120056
3019356,1.7267456148305858
3019357,18.674626091824127
3019358,1.7267456148305858
3019359,10.993747456700177
3019360,108.75156050413653
3019361,2.3328695812083526
3019362,2.277752208324305
3019363,10.842880832860487
3019364,7.309860200528782
3019365,43.054335556390896
3019366,1.772597480762022
3019367,6.9564200978362605
3019368,1.7470938312046247
3019369,1.7016637322005486
3019370,1.7470938312046247
3019371,724.7481640196535
3019372,1.7016637322005486
3019373,56.27488340391803
3019374,2.3638478840842767
3019375,486.03038435229
3019376,97.30879183745309
3019377,96.66647516317121
3019378,37.31613201736193
3019379,195.49743849546584
3019380,762.8539223296021
3019381,2.957948006706167
3019382,1.7016637322005486
3019383,8.313512889222368
3019384,7.29587082108052
3019385,1.7016637322005486
3019386,92.30681165663681
3019387,2.3082182071243196
3019388,2.3638478840842767
3019389,1.7016637322005486
3019390,18.498956978630176
3019391,1.7016637322005486
3019392,10.879670623894667
3019393,101.52866091263047
3019394,2.2884731448403115
3019395,2.2340899785846355
3019396,37.53864671733966
3019397,7.2356638338288715
3019398,42.30143370872252
3019399,1.7951350325941688
3019400,7.62775314641342
3019401,1.7470938312046247
3019402,1.7016637322005486
3019403,1.7470938312046247
3019404,707.1061244714823
3019405,1.7016637322005486
3019406,56.27488340391803
3019407,2.3638478840842767
3019408,513.8563571624911
3019409,103.88705676928235
3019410,93.88908945796103
3019411,37.31613201736193
3019412,195.49743849546584
3019413,762.8539223296021
3019414,2.957948006706167
3019415,1.7016637322005486
3019416,8.313512889222368
3019417,7.29587082108052
3019418,1.7016637322005486
3019419,95.03788438980592
3019420,2.3082182071243196
3019421,2.3638478840842767
3019422,1.7016637322005486
3019423,18.498956978630176
3019424,1.7016637322005486
3019425,10.879670623894667
3019426,108.3045120210087
3019427,2.2884731448403115
3019428,2.2340899785846355
3019429,37.53864671733966
3019430,7.2356638338288715
3019431,51.32089702567551
3019432,1.7951350325941688
3019433,7.62775314641342
3019467,1.8137437405402945
3019468,1.7538126020153846
3019469,1.8137437405402945
3019470,575.1131154794618
3019471,1.7538126020153846
3019472,75.20074165434684
3019473,2.475214610523442
3019474,219.68998904626955
3019475,89.00145126245707
3019476,105.41997935948878
3019477,47.917885722544696
3019478,111.58887400709796
3019479,809.6720114886227
3019480,3.230406970007997
3019481,1.7538126020153846
3019482,9.280818314307579
3019483,3.6698559596563474
3019484,1.7538126020153846
3019485,87.0830953962463
3019486,2.4011945193451787
3019487,2.475214610523442
3019488,1.7538126020153846
3019489,6.3793598021066025
3019490,1.7538126020153846
3019491,15.312674416893575
3019492,74.64855325701873
3019493,2.381800857259504
3019494,2.3097704258026712
3019495,48.201968381518824
3019496,8.663955501578695
3019497,57.68056891745687
3019498,1.8137437405402945
3019499,7.0455114926005
3019500,1.7470938312046247
3019501,1.7016637322005486
3019502,1.7470938312046247
3019503,614.0207578875769
3019504,1.7016637322005486
3019505,56.27488340391803
3019506,2.3638478840842767
3019507,537.5375730796179
3019508,88.3561658025628
3019509,91.8344205149887
3019510,37.31613201736193
3019511,98.27899387092712
3019512,762.8539223296021
3019513,3.027164636702434
3019514,1.7016637322005486
3019515,8.313512889222368
3019516,7.29587082108052
3019517,1.7016637322005486
3019518,95.03788438980592
3019519,2.3082182071243196
3019520,2.3638478840842767
3019521,1.7016637322005486
3019522,18.498956978630176
3019523,1.7016637322005486
3019524,10.879670623894667
3019525,92.30681165663681
3019526,2.2884731448403115
3019527,2.2340899785846355
3019528,10.730238946612415
3019529,7.2356638338288715
3019530,58.25565246479587
3019531,1.7470938312046247
3019532,6.702322439264068
3019533,1.8137437405402945
3019534,1.7538126020153846
3019535,1.8137437405402945
3019536,486.1809400989454
3019537,1.7538126020153846
3019538,87.72604838324258
3019539,2.475214610523442
3019540,325.8394414824864
3019541,67.71925894008801
3019542,56.26286896012165
3019543,47.917885722544696
3019544,99.26406475516812
3019545,809.6720114886227
3019546,3.230406970007997
3019547,1.7538126020153846
3019548,4.39956584596318
3019549,3.6698559596563474
3019550,1.7538126020153846
3019551,103.6454236975073
3019552,2.4011945193451787
3019553,2.475214610523442
3019554,1.7538126020153846
3019555,15.016225495132982
3019556,1.7538126020153846
3019557,15.312674416893575
3019558,108.14326845992099
3019559,2.381800857259504
3019560,2.3097704258026712
3019561,15.1074809922398
3019562,8.663955501578695
3019563,57.68056891745687
3019564,1.8137437405402945
3019565,7.0455114926005
3019566,1.8137437405402945
3019567,1.7538126020153846
3019568,1.8137437405402945
3019569,658.8312289260099
3019570,1.7538126020153846
3019571,75.20074165434684
3019572,2.475214610523442
3019573,255.19095292240831
3019574,67.71925894008801
3019575,105.41997935948878
3019576,47.917885722544696
3019577,119.70190897090252
3019578,809.6720114886227
3019579,3.230406970007997
3019580,1.7538126020153846
3019581,9.280818314307579
3019582,3.6698559596563474
3019583,1.7538126020153846
3019584,113.01093699762731
3019585,2.4011945193451787
3019586,2.475214610523442
3019587,1.7538126020153846
3019588,6.3793598021066025
3019589,1.7538126020153846
3019590,15.312674416893575
3019591,113.01093699762731
3019592,2.381800857259504
3019593,2.3097704258026712
3019594,48.201968381518824
3019595,8.663955501578695
3019596,57.68056891745687
3019597,1.8137437405402945
3019598,7.0455114926005
3019599,1.7470938312046247
3019600,1.7016637322005486
3019601,3.967361774304768
3019602,675.968438144497
3019603,1.7016637322005486
3019604,56.27488340391803
3019605,2.3638478840842767
3019606,537.5375730796179
3019607,88.3561658025628
3019608,66.72665153656935
3019609,37.31613201736193
3019610,108.3045120210087
3019611,762.8539223296021
3019612,3.027164636702434
3019613,1.7016637322005486
3019614,8.313512889222368
3019615,7.29587082108052
3019616,1.7016637322005486
3019617,76.49579642554005
3019618,2.3082182071243196
3019619,2.3638478840842767
3019620,1.7016637322005486
3019621,18.498956978630176
3019622,1.7016637322005486
3019623,10.879670623894667
3019624,108.3045120210087
3019625,2.2884731448403115
3019626,2.2340899785846355
3019627,10.730238946612415
3019628,7.2356638338288715
3019629,12.179916976837614
3019630,1.7470938312046247
3019631,7.62775314641342
3019632,1.8137437405402945
3019633,1.7538126020153846
3019634,1.8137437405402945
3019635,575.1131154794618
3019636,1.7538126020153846
3019637,66.74544419065599
3019638,2.475214610523442
3019639,366.5555096292896
3019640,89.00145126245707
3019641,88.5767904871286
3019642,47.917885722544696
3019643,104.91897868102103
3019644,809.6720114886227
3019645,3.230406970007997
3019646,1.7538126020153846
3019647,9.280818314307579
3019648,3.6698559596563474
3019649,1.7538126020153846
3019650,113.01093699762731
3019651,2.4011945193451787
3019652,2.475214610523442
3019653,1.7538126020153846
3019654,17.923217335576712
3019655,1.7538126020153846
3019656,15.312674416893575
3019657,109.8980980166696
3019658,2.381800857259504
3019659,2.3097704258026712
3019660,15.1074809922398
3019661,8.663955501578695
3019662,18.210535259942734
3019663,1.8137437405402945
3019664,3.236341669573325
3019665,1.7470938312046247
3019666,1.7016637322005486
3019667,3.967361774304768
3019668,719.0091910209362
3019669,1.7016637322005486
3019670,56.27488340391803
3019671,2.3638478840842767
3019672,404.3281564238613
3019673,92.44495853373523
3019674,91.8344205149887
3019675,37.31613201736193
3019676,123.3710645039122
3019677,762.8539223296021
3019678,2.957948006706167
3019679,1.7016637322005486
3019680,8.313512889222368
3019681,8.292616109389403
3019682,1.7016637322005486
3019683,90.28640436667553
3019684,2.3082182071243196
3019685,2.3638478840842767
3019686,1.7016637322005486
3019687,22.34429654338927
3019688,1.7016637322005486
3019689,10.879670623894667
3019690,108.3045120210087
3019691,2.2884731448403115
3019692,2.2340899785846355
3019693,10.730238946612415
3019694,7.2356638338288715
3019695,42.30143370872252
3019696,1.7951350325941688
3019697,7.62775314641342
3019698,1.772597480762022
3019699,1.7267456148305858
3019700,4.013478092749234
3019701,733.6788894691388
3019702,1.7267456148305858
3019703,99.43601061833184
3019704,2.472422937120056
3019705,122.3010088668495
3019706,94.87220398148528
3019707,103.71809427400986
3019708,10.774502327130289
3019709,10.871634977332844
3019710,765.5869629360012
3019711,3.085698853221623
3019712,1.7267456148305858
3019713,3.827281309301763
3019714,8.399771020854613
3019715,1.7267456148305858
3019716,92.65758107772828
3019717,2.414997698846263
3019718,2.472422937120056
3019719,1.7267456148305858
3019720,18.674626091824127
3019721,1.7267456148305858
3019722,10.993747456700177
3019723,123.84936732710649
3019724,2.3328695812083526
3019725,2.277752208324305
3019726,10.842880832860487
3019727,7.309860200528782
3019728,43.054335556390896
3019729,1.772597480762022
3019730,3.0914305465031866
3019731,1.772597480762022
3019732,1.7267456148305858
3019733,1.772597480762022
3019734,736.88232774593
3019735,1.7267456148305858
3019736,96.1571286155158
3019737,2.472422937120056
3019738,221.06549386187666
3019739,104.34050936916569
3019740,97.08871140897986
3019741,10.774502327130289
3019742,10.871634977332844
3019743,765.5869629360012
3019744,3.085698853221623
3019745,1.7267456148305858
3019746,8.410804415180587
3019747,9.361420121919371
3019748,1.7267456148305858
3019749,98.70820143257707
3019750,2.414997698846263
3019751,2.472422937120056
3019752,1.7267456148305858
3019753,26.82485446497881
3019754,1.7267456148305858
3019755,10.993747456700177
3019756,143.71162039363216
3019757,2.3328695812083526
3019758,5.398219979149273
3019759,10.842880832860487
3019760,7.309860200528782
3019761,52.23062441039167
3019762,1.772597480762022
3019763,6.9564200978362605
3019764,1.7470938312046247
3019765,1.7016637322005486
3019766,3.967361774304768
3019767,639.3809412803422
3019768,1.7016637322005486
3019769,56.27488340391803
3019770,2.3638478840842767
3019771,537.5375730796179
3019772,97.30879183745309
3019773,96.66647516317121
3019774,37.31613201736193
3019775,222.6217229034716
3019776,762.8539223296021
3019777,3.027164636702434
3019778,1.7016637322005486
3019779,8.313512889222368
3019780,8.292616109389403
3019781,1.7016637322005486
3019782,95.03788438980592
3019783,2.3082182071243196
3019784,2.3638478840842767
3019785,4.564957369801719
3019786,18.498956978630176
3019787,1.7016637322005486
3019788,10.879670623894667
3019789,123.3710645039122
3019790,2.2884731448403115
3019791,2.2340899785846355
3019792,37.53864671733966
3019793,7.2356638338288715
3019794,42.30143370872252
3019795,5.186391209080875
3019796,7.62775314641342
3019830,1.8137437405402945
3019831,1.7538126020153846
3019832,3.991577319003177
3019833,683.4432876569762
3019834,1.7538126020153846
3019835,75.20074165434684
3019836,2.475214610523442
3019837,325.8394414824864
3019838,76.29609805841478
3019839,111.77868524910627
3019840,47.917885722544696
3019841,142.33964584031986
3019842,809.6720114886227
3019843,3.230406970007997
3019844,1.7538126020153846
3019845,4.39956584596318
3019846,7.891444616997589
3019847,1.7538126020153846
3019848,113.01093699762731
3019849,2.4011945193451787
3019850,2.475214610523442
3019851,1.7538126020153846
3019852,15.016225495132982
3019853,1.7538126020153846
3019854,15.312674416893575
3019855,120.60161190362403
3019856,2.381800857259504
3019857,2.3097704258026712
3019858,15.1074809922398
3019859,8.663955501578695
3019860,57.68056891745687
3019861,1.8137437405402945
3019862,7.0455114926005
3019863,1.772597480762022
3019864,1.7267456148305858
3019865,1.772597480762022
3019866,733.6788894691388
3019867,1.7267456148305858
3019868,109.55268009849462
3019869,2.472422937120056
3019870,221.06549386187666
3019871,125.66995904049185
3019872,97.08871140897986
3019873,10.774502327130289
3019874,10.871634977332844
3019875,765.5869629360012
3019876,3.085698853221623
3019877,1.7267456148305858
3019878,8.410804415180587
3019879,8.399771020854613
3019880,1.7267456148305858
3019881,86.53219369918367
3019882,2.414997698846263
3019883,2.472422937120056
3019884,1.7267456148305858
3019885,22.554608914271867
3019886,1.7267456148305858
3019887,10.993747456700177
3019888,101.97191758590768
3019889,2.3328695812083526
3019890,2.277752208324305
3019891,10.842880832860487
3019892,7.309860200528782
3019893,52.23062441039167
3019894,1.772597480762022
3019895,3.0914305465031866
3019896,1.772597480762022
3019897,1.7267456148305858
3019898,1.772597480762022
3019899,733.6788894691388
3019900,1.7267456148305858
3019901,93.34122441743935
3019902,2.472422937120056
3019903,143.3432289288256
3019904,125.66995904049185
3019905,100.3990326906131
3019906,10.774502327130289
3019907,10.871634977332844
3019908,765.5869629360012
3019909,3.085698853221623
3019910,1.7267456148305858
3019911,3.827281309301763
3019912,8.399771020854613
3019913,1.7267456148305858
3019914,101.97191758590768
3019915,2.414997698846263
3019916,2.472422937120056
3019917,1.7267456148305858
3019918,31.07034185053857
3019919,1.7267456148305858
3019920,10.993747456700177
3019921,108.75156050413653
3019922,2.3328695812083526
3019923,2.277752208324305
3019924,37.90872151968995
3019925,7.309860200528782
3019926,12.409082225977572
3019927,1.772597480762022
3019928,6.9564200978362605
3019929,1.7470938312046247
3019930,1.7016637322005486
3019931,1.7470938312046247
3019932,531.9532503055995
3019933,1.7016637322005486
3019934,56.27488340391803
3019935,2.3638478840842767
3019936,466.7431459776929
3019937,97.30879183745309
3019938,91.8344205149887
3019939,37.31613201736193
3019940,279.26927187564945
3019941,762.8539223296021
3019942,2.957948006706167
3019943,1.7016637322005486
3019944,8.313512889222368
3019945,7.29587082108052
3019946,1.7016637322005486
3019947,76.49579642554005
3019948,2.3082182071243196
3019949,2.3638478840842767
3019950,1.7016637322005486
3019951,18.498956978630176
3019952,1.7016637322005486
3019953,10.879670623894667
3019954,123.3710645039122
3019955,2.2884731448403115
3019956,2.2340899785846355
3019957,10.730238946612415
3019958,7.2356638338288715
3019959,51.32089702567551
3019960,1.7951350325941688
3019961,6.702322439264068
3019962,1.4616707397224218
3019963,1.4143024133093034
3019964,4.245381359345849
3019965,1253.4391995400783
3019966,1.4143024133093034
3019967,109.86562682428867
3019968,1.7164465618095028
3019969,499.21157701147973
3019970,281.71390643746946
3019971,85.25967846779946
3019972,2.7094434245681347
3019973,2.738157207460168
3019974,1301.6131720805674
3019975,1.789922201977288
3019976,1.4143024133093034
3019977,7.82079628494847
3019978,7.981875609027654
3019979,1.4143024133093034
3019980,83.89990191319491
3019981,13.791317242907294
3019982,1.7164465618095028
3019983,10.246019777861788
3019984,24.298541108369736
3019985,1.4327181711774921
3019986,2.775016104634192
3019987,386.0153253840602
3019988,1.7037899909980783
3019989,1.6719897734538391
3019990,2.730985413470565
3019991,2.5500193740478516
3019992,36.263511307705045
3019993,12.567665104966613
3019994,5.6992581664699475
3019995,1.4616707397224218
3019996,1.4143024133093034
3019997,4.245381359345849
3019998,1253.4391995400783
3019999,1.4143024133093034
3020000,181.47659244953698
3020001,1.7164465618095028
3020002,499.21157701147973
3020003,183.00048601844017
3020004,80.98075895961234
3020005,2.7094434245681347
3020006,2.738157207460168
3020007,1301.6131720805674
3020008,1.789922201977288
3020009,1.4143024133093034
3020010,6.5136419083908095
3020011,7.981875609027654
3020012,1.4143024133093034
3020013,83.89990191319491
3020014,13.791317242907294
3020015,1.7164465618095028
3020016,8.612679416258047
3020017,18.739677015103155
3020018,1.4327181711774921
3020019,2.775016104634192
3020020,448.7428595804187
3020021,1.7037899909980783
3020022,1.6719897734538391
3020023,2.730985413470565
3020024,2.5500193740478516
3020025,29.965801416189542
3020026,14.298871006403997
3020027,5.6992581664699475
3020028,1.5279073522613027
3020029,1.4258495832343425
3020030,4.386519768764827
3020031,1324.3570314327444
3020032,1.4258495832343425
3020033,116.13324815554355
3020034,1.7895384727193426
3020035,461.2436593865527
3020036,193.40267652748085
3020037,85.61541776528627
3020038,2.919151224910571
3020039,2.9494882982967843
3020040,1375.2544469966028
3020041,1.8649911350088555
3020042,1.4258495832343425
3020043,8.058139019857206
3020044,7.185549941223121
3020045,1.4258495832343425
3020046,84.25003342307033
3020047,16.424609910030103
3020048,1.7895384727193426
3020049,8.658655115922906
3020050,32.651941731951084
3020051,1.4981757518037089
3020052,2.9884309577404298
3020053,191.66440201203554
3020054,1.7765413493054196
3020055,5.556532402693007
3020056,2.9419110577293717
3020057,2.6455403769139143
3020058,48.52963322172582
3020059,14.710520450329135
3020060,5.879516297791133
3020061,1.5279073522613027
3020062,1.4258495832343425
3020063,5.205819489318542
3020064,1324.3570314327444
3020065,1.4258495832343425
3020066,96.88689044123285
3020067,1.7895384727193426
3020068,461.2436593865527
3020069,240.1387205092468
3020070,85.61541776528627
3020071,2.919151224910571
3020072,2.9494882982967843
3020073,1375.2544469966028
3020074,1.8649911350088555
3020075,1.4258495832343425
3020076,8.058139019857206
3020077,7.185549941223121
3020078,1.4258495832343425
3020079,74.0822083376935
3020080,15.900115994940005
3020081,1.7895384727193426
3020082,8.658655115922906
3020083,24.97925345472643
3020084,1.4981757518037089
3020085,2.9884309577404298
3020086,238.11542375637706
3020087,1.7765413493054196
3020088,1.743885477650279
3020089,2.9419110577293717
3020090,2.6455403769139143
3020091,38.37014782832649
3020092,13.473296446192265
3020093,5.879516297791133
3020094,1.5279073522613027
3020095,1.4258495832343425
3020096,4.386519768764827
3020097,1321.9737811197544
3020098,1.4258495832343425
3020099,77.83134975989543
3020100,1.7895384727193426
3020101,461.2436593865527
3020102,193.40267652748085
3020103,85.61541776528627
3020104,2.919151224910571
3020105,2.9494882982967843
3020106,1375.2544469966028
3020107,1.8649911350088555
3020108,1.4258495832343425
3020109,6.715812807939341
3020110,5.979290321624498
3020111,1.4258495832343425
3020112,77.33262389084821
3020113,17.247330379283483
3020114,1.7895384727193426
3020115,5.774608266723163
3020116,19.2708160163489
3020117,1.4981757518037089
3020118,2.9884309577404298
3020119,116.05534068265786
3020120,1.7765413493054196
3020121,6.679384081816573
3020122,2.9419110577293717
3020123,2.6455403769139143
3020124,31.716406387765794
3020125,14.710520450329135
3020126,1.8657762258275317
3020127,1.4616707397224218
3020128,1.4143024133093034
3020129,4.245381359345849
3020130,1253.4391995400783
3020131,1.4143024133093034
3020132,91.64911233603604
3020133,1.7164465618095028
3020134,180.51203242139223
3020135,281.71390643746946
3020136,85.25967846779946
3020137,2.7094434245681347
3020138,2.738157207460168
3020139,1301.6131720805674
3020140,1.789922201977288
3020141,1.4143024133093034
3020142,6.5136419083908095
3020143,7.981875609027654
3020144,1.4143024133093034
3020145,75.69209916546247
3020146,11.03520214369587
3020147,1.7164465618095028
3020148,8.612679416258047
3020149,24.298541108369736
3020150,1.4327181711774921
3020151,2.775016104634192
3020152,279.6601486050438
3020153,1.7037899909980783
3020154,1.6719897734538391
3020155,2.730985413470565
3020156,2.5500193740478516
3020157,29.965801416189542
3020158,13.09406493360963
3020159,5.6992581664699475
3020193,1.5279073522613027
3020194,1.4258495832343425
3020195,4.386519768764827
3020196,1324.3570314327444
3020197,1.4258495832343425
3020198,89.27068681005483
3020199,1.7895384727193426
3020200,308.6497668302943
3020201,193.40267652748085
3020202,90.13623954699521
3020203,2.919151224910571
3020204,2.9494882982967843
3020205,1375.2544469966028
3020206,1.8649911350088555
3020207,1.4258495832343425
3020208,8.058139019857206
3020209,5.979290321624498
3020210,1.4258495832343425
3020211,74.0822083376935
3020212,11.359035468906939
3020213,1.7895384727193426
3020214,1.4258495832343425
3020215,24.97925345472643
3020216,1.4981757518037089
3020217,2.9884309577404298
3020218,116.05534068265786
3020219,1.7765413493054196
3020220,5.556532402693007
3020221,2.9419110577293717
3020222,2.6455403769139143
3020223,23.204337570654467
3020224,13.473296446192265
3020225,5.879516297791133
3020226,1.5279073522613027
3020227,1.4258495832343425
3020228,1.5279073522613027
3020229,1324.3570314327444
3020230,1.4258495832343425
3020231,84.79280085371927
3020232,1.7895384727193426
3020233,126.44613476212587
3020234,240.1387205092468
3020235,90.13623954699521
3020236,2.919151224910571
3020237,20.718490423088188
3020238,1375.2544469966028
3020239,1.8649911350088555
3020240,1.4258495832343425
3020241,8.058139019857206
3020242,7.185549941223121
3020243,1.4258495832343425
3020244,58.2770523449872
3020245,1.7567297373605153
3020246,1.7895384727193426
3020247,1.4258495832343425
3020248,19.2708160163489
3020249,1.4981757518037089
3020250,2.9884309577404298
3020251,146.74771759539507
3020252,1.7765413493054196
3020253,5.556532402693007
3020254,2.9419110577293717
3020255,2.6455403769139143
3020256,23.204337570654467
3020257,1.5279073522613027
3020258,5.879516297791133
3020259,1.4616707397224218
3020260,1.4143024133093034
3020261,4.245381359345849
3020262,1253.4391995400783
3020263,1.4143024133093034
3020264,138.93503609099514
3020265,1.7164465618095028
3020266,143.34410525297565
3020267,183.00048601844017
3020268,80.98075895961234
3020269,2.7094434245681347
3020270,2.738157207460168
3020271,1301.6131720805674
3020272,1.789922201977288
3020273,1.4143024133093034
3020274,2.1221462863301674
3020275,5.796417896170981
3020276,1.4143024133093034
3020277,75.69209916546247
3020278,1.6844974859195672
3020279,1.7164465618095028
3020280,1.4143024133093034
3020281,18.739677015103155
3020282,1.4327181711774921
3020283,2.775016104634192
3020284,79.6884342495964
3020285,1.7037899909980783
3020286,5.384737144465954
3020287,2.730985413470565
3020288,2.5500193740478516
3020289,29.965801416189542
3020290,1.4616707397224218
3020291,5.6992581664699475
3020292,1.772597480762022
3020293,1.7267456148305858
3020294,4.013478092749234
3020295,727.3448636559352
3020296,1.7267456148305858
3020297,93.34122441743935
3020298,2.472422937120056
3020299,143.3432289288256
3020300,111.09019027762737
3020301,92.14824006990263
3020302,10.774502327130289
3020303,10.871634977332844
3020304,765.5869629360012
3020305,3.085698853221623
3020306,1.7267456148305858
3020307,9.551724991329081
3020308,8.399771020854613
3020309,1.7267456148305858
3020310,76.52942499709688
3020311,2.414997698846263
3020312,2.472422937120056
3020313,1.7267456148305858
3020314,22.554608914271867
3020315,1.7267456148305858
3020316,10.993747456700177
3020317,90.5949909731209
3020318,2.3328695812083526
3020319,2.277752208324305
3020320,10.842880832860487
3020321,7.309860200528782
3020322,43.054335556390896
3020323,1.772597480762022
3020324,3.0914305465031866
3020325,1.8137437405402945
3020326,1.7538126020153846
3020327,1.8137437405402945
3020328,658.8312289260099
3020329,1.7538126020153846
3020330,66.74544419065599
3020331,2.475214610523442
3020332,366.5555096292896
3020333,76.29609805841478
3020334,97.3259514687861
3020335,47.917885722544696
3020336,142.33964584031986
3020337,809.6720114886227
3020338,3.230406970007997
3020339,1.7538126020153846
3020340,9.280818314307579
3020341,3.6698559596563474
3020342,1.7538126020153846
3020343,109.8980980166696
3020344,2.4011945193451787
3020345,2.475214610523442
3020346,1.7538126020153846
3020347,6.3793598021066025
3020348,1.7538126020153846
3020349,15.312674416893575
3020350,120.60161190362403
3020351,2.381800857259504
3020352,2.3097704258026712
3020353,15.1074809922398
3020354,8.663955501578695
3020355,18.210535259942734
3020356,1.8137437405402945
3020357,7.0455114926005
3020490,1.7747904673466968
3020491,1.7289023348718593
3020492,4.017443504344767
3020493,643.6131020347068
3020494,1.7289023348718593
3020495,77.331194410588
3020496,2.478982317425468
3020497,119.16900604194112
3020498,93.04400434508844
3020499,88.28538108565147
3020500,10.81006190651216
3020501,10.907487902122408
3020502,748.8054544612036
3020503,3.0934167070306104
3020504,1.7289023348718593
3020505,3.836400006684629
3020506,3.31257563010327
3020507,1.7289023348718593
3020508,65.85266654875348
3020509,2.421448603316851
3020510,2.478982317425468
3020511,1.7289023348718593
3020512,16.357259888392008
3020513,1.7289023348718593
3020514,11.02996916721698
3020515,86.79654525340133
3020516,2.3355057151335883
3020517,2.280344747151386
3020518,10.878646918711596
3020519,7.325557462736501
3020520,12.449578317498494
3020521,1.7747904673466968
3020522,3.0991592274368385
3020853,1.7747904673466968
3020854,1.7289023348718593
3020855,4.017443504344767
3020856,739.1107688705719
3020857,1.7289023348718593
3020858,109.88655466020607
3020859,2.478982317425468
3020860,143.77915261924804
3020861,145.71588056432512
3020862,94.53345420341326
3020863,10.81006190651216
3020864,10.907487902122408
3020865,767.9020934786168
3020866,3.0934167070306104
3020867,1.7289023348718593
3020868,3.836400006684629
3020869,8.417527116245664
3020870,1.7289023348718593
3020871,92.94043160478408
3020872,2.421448603316851
3020873,2.478982317425468
3020874,1.7289023348718593
3020875,16.357259888392008
3020876,1.7289023348718593
3020877,38.52338344222329
3020878,102.28289786989494
3020879,2.3355057151335883
3020880,2.280344747151386
3020881,10.878646918711596
3020882,7.325557462736501
3020883,43.18738182865019
3020884,1.7747904673466968
3020885,6.971449714399797
3021216,1.7747904673466968
3021217,1.7289023348718593
3021218,4.017443504344767
3021219,739.1107688705719
3021220,1.7289023348718593
3021221,103.0368001639998
3021222,2.478982317425468
3021223,255.86551048182656
3021224,198.46972337625127
3021225,100.70526278442351
3021226,10.81006190651216
3021227,10.907487902122408
3021228,767.9020934786168
3021229,3.0934167070306104
3021230,1.7289023348718593
3021231,3.836400006684629
3021232,9.380992765089442
3021233,1.7289023348718593
3021234,109.08301564505054
3021235,2.421448603316851
3021236,2.478982317425468
3021237,6.35884617809214
3021238,22.599103389919506
3021239,1.7289023348718593
3021240,11.02996916721698
3021241,255.38353150933767
3021242,2.3355057151335883
3021243,2.280344747151386
3021244,10.878646918711596
3021245,7.325557462736501
3021246,52.391383528839256
3021247,1.7747904673466968
3021248,6.971449714399797
3021579,1.7747904673466968
3021580,1.7289023348718593
3021581,1.7747904673466968
3021582,739.1107688705719
3021583,1.7289023348718593
3021584,103.0368001639998
3021585,2.478982317425468
3021586,255.86551048182656
3021587,145.71588056432512
3021588,104.03434809795925
3021589,10.81006190651216
3021590,10.907487902122408
3021591,767.9020934786168
3021592,3.0934167070306104
3021593,1.7289023348718593
3021594,8.428581352568932
3021595,7.407383614120969
3021596,1.7289023348718593
3021597,92.94043160478408
3021598,2.421448603316851
3021599,2.478982317425468
3021600,1.7289023348718593
3021601,16.357259888392008
3021602,1.7289023348718593
3021603,11.02996916721698
3021604,109.08301564505054
3021605,2.3355057151335883
3021606,2.280344747151386
3021607,10.878646918711596
3021608,7.325557462736501
3021609,52.391383528839256
3021610,1.7747904673466968
3021611,6.971449714399797
3021942,1.7747904673466968
3021943,1.7289023348718593
3021944,1.7747904673466968
3021945,734.3482362208329
3021946,1.7289023348718593
3021947,109.88655466020607
3021948,2.478982317425468
3021949,187.93217937571424
3021950,101.45089390191737
3021951,100.70526278442351
3021952,10.81006190651216
3021953,10.907487902122408
3021954,767.9020934786168
3021955,3.0934167070306104
3021956,1.7289023348718593
3021957,8.428581352568932
3021958,8.417527116245664
3021959,1.7289023348718593
3021960,86.79654525340133
3021961,2.421448603316851
3021962,2.478982317425468
3021963,1.7289023348718593
3021964,22.599103389919506
3021965,1.7289023348718593
3021966,11.02996916721698
3021967,109.08301564505054
3021968,2.3355057151335883
3021969,2.280344747151386
3021970,10.878646918711596
3021971,7.325557462736501
3021972,43.18738182865019
3021973,1.7747904673466968
3021974,6.971449714399797
3022140,1.7747904673466968
3022141,1.7289023348718593
3022142,4.017443504344767
3022143,739.1107688705719
3022144,1.7289023348718593
3022145,109.88655466020607
3022146,2.478982317425468
3022147,221.7361426364549
3022148,171.96645499135772
3022149,100.70526278442351
3022150,10.81006190651216
3022151,10.907487902122408
3022152,767.9020934786168
3022153,3.0934167070306104
3022154,1.7289023348718593
3022155,9.571657118938417
3022156,8.417527116245664
3022157,1.7289023348718593
3022158,90.87161237604727
3022159,2.421448603316851
3022160,2.478982317425468
3022161,7.7466356974784
3022162,22.599103389919506
3022163,1.7289023348718593
3022164,11.02996916721698
3022165,196.79605420047258
3022166,2.3355057151335883
3022167,2.280344747151386
3022168,10.878646918711596
3022169,7.325557462736501
3022170,52.391383528839256
3022171,1.7747904673466968
3022172,6.971449714399797
3022173,1.7747904673466968
3022174,1.7289023348718593
3022175,4.017443504344767
3022176,739.1107688705719
3022177,1.7289023348718593
3022178,99.73933233785394
3022179,2.478982317425468
3022180,221.7361426364549
3022181,225.74678617336332
3022182,100.70526278442351
3022183,10.81006190651216
3022184,10.907487902122408
3022185,767.9020934786168
3022186,3.0934167070306104
3022187,1.7289023348718593
3022188,8.428581352568932
3022189,9.380992765089442
3022190,1.7289023348718593
3022191,90.87161237604727
3022192,2.421448603316851
3022193,2.478982317425468
3022194,4.017443504344767
3022195,26.87741540173207
3022196,1.7289023348718593
3022197,11.02996916721698
3022198,144.1486566444987
3022199,2.3355057151335883
3022200,2.280344747151386
3022201,10.878646918711596
3022202,7.325557462736501
3022203,43.18738182865019
3022204,1.7747904673466968
3022205,6.971449714399797
3022206,1.7747904673466968
3022207,1.7289023348718593
3022208,4.017443504344767
3022209,739.1107688705719
3022210,1.7289023348718593
3022211,124.30976441524581
3022212,2.478982317425468
3022213,221.7361426364549
3022214,145.71588056432512
3022215,104.03434809795925
3022216,10.81006190651216
3022217,10.907487902122408
3022218,767.9020934786168
3022219,3.0934167070306104
3022220,1.7289023348718593
3022221,8.428581352568932
3022222,8.417527116245664
3022223,1.7289023348718593
3022224,95.74437290784107
3022225,2.421448603316851
3022226,2.478982317425468
3022227,4.62106415351137
3022228,22.599103389919506
3022229,1.7289023348718593
3022230,11.02996916721698
3022231,170.41985498507714
3022232,2.3355057151335883
3022233,2.280344747151386
3022234,10.878646918711596
3022235,7.325557462736501
3022236,52.391383528839256
3022237,1.7747904673466968
3022238,6.971449714399797
3022239,1.7492666456720958
3022240,1.7038006137212625
3022241,3.9712907101881276
3022242,718.1560847546071
3022243,1.7038006137212625
3022244,432.6910731736353
3022245,2.366508520304957
3022246,468.1557534126077
3022247,94.80159469023988
3022248,100.26745859961753
3022249,37.43184863112814
3022250,10.789297433401892
3022251,765.1607989544127
3022252,7.801290547283207
3022253,1.7038006137212625
3022254,3.7863999518502442
3022255,8.31016978997425
3022256,1.7038006137212625
3022257,108.63461705339323
3022258,2.3108348430398244
3022259,2.366508520304957
3022260,4.569358974052223
3022261,16.202281875705015
3022262,1.7038006137212625
3022263,10.915547816734282
3022264,143.59258644773087
3022265,2.2910741633944784
3022266,2.2366479827615406
3022267,10.76566484839591
3022268,7.251220939668757
3022269,51.47890872242711
3022270,10.708976903949502
3022271,2.9666354140785125
3020523,1.8116841580619032
3020524,1.7517968874703223
3020525,1.8116841580619032
3020526,421.7227210848811
3020527,1.7517968874703223
3020528,426.5476626385753
3020529,2.4726708496907266
3020530,248.98708300286827
3020531,108.18846271076332
3020532,102.8429339905745
3020533,46.733299786547505
3020534,14.704938390086753
3020535,790.040936896342
3020536,7.957123379860175
3020537,1.7517968874703223
3020538,4.335134770418882
3020539,3.614132249509807
3020540,1.7517968874703223
3020541,113.89607520596488
3020542,2.398704939168876
3020543,2.4726708496907266
3020544,1.7517968874703223
3020545,6.291304557955158
3020546,1.7517968874703223
3020547,14.917649889415943
3020548,125.49865740827957
3020549,2.3793254727066504
3020550,2.307347765530427
3020551,14.717425388529287
3020552,8.54863899933723
3020553,67.39107737872997
3020554,4.575989432102584
3020555,3.2332407848163296
3020556,1.7470938312046247
3020557,1.7016637322005486
3020558,3.967361774304768
3020559,724.7481640196535
3020560,1.7016637322005486
3020561,431.38524833835453
3020562,2.3638478840842767
3020563,546.5902395517976
3020564,94.5131402826114
3020565,99.96254671504147
3020566,37.31613201736193
3020567,10.753800374939532
3020568,762.8539223296021
3020569,10.103198173739278
3020570,1.7016637322005486
3020571,3.7773755261092052
3020572,7.29587082108052
3020573,1.7016637322005486
3020574,98.27899387092712
3020575,2.3082182071243196
3020576,2.3638478840842767
3020577,1.7016637322005486
3020578,16.16984816416285
3020579,1.7016637322005486
3020580,10.879670623894667
3020581,123.3710645039122
3020582,2.2884731448403115
3020583,2.2340899785846355
3020584,10.730238946612415
3020585,7.2356638338288715
3020586,51.32089702567551
3020587,9.86528350113351
3020588,2.9635004825037736
3020589,1.8116841580619032
3020590,1.7517968874703223
3020591,1.8116841580619032
3020592,518.0019742115888
3020593,1.7517968874703223
3020594,434.11645368424723
3020595,2.4726708496907266
3020596,214.34580351212057
3020597,116.70108032519907
3020598,94.94490949338072
3020599,46.733299786547505
3020600,14.704938390086753
3020601,790.040936896342
3020602,7.957123379860175
3020603,1.7517968874703223
3020604,4.335134770418882
3020605,3.614132249509807
3020606,1.7517968874703223
3020607,113.89607520596488
3020608,2.398704939168876
3020609,2.4726708496907266
3020610,5.197540350450389
3020611,14.825109641701365
3020612,1.7517968874703223
3020613,14.917649889415943
3020614,117.65693109561377
3020615,2.3793254727066504
3020616,2.307347765530427
3020617,14.717425388529287
3020618,8.54863899933723
3020619,56.259571758049894
3020620,3.987923622670553
3020621,3.2332407848163296
3020622,1.8116841580619032
3020623,1.7517968874703223
3020624,1.8116841580619032
3020625,518.0019742115888
3020626,1.7517968874703223
3020627,432.95544008980596
3020628,2.4726708496907266
3020629,423.1253100968246
3020630,109.94401891065074
3020631,65.73877527480319
3020632,46.733299786547505
3020633,14.704938390086753
3020634,790.040936896342
3020635,7.028359677854207
3020636,1.7517968874703223
3020637,4.335134770418882
3020638,3.614132249509807
3020639,1.7517968874703223
3020640,105.50027645573462
3020641,2.398704939168876
3020642,2.4726708496907266
3020643,1.7517968874703223
3020644,6.291304557955158
3020645,1.7517968874703223
3020646,14.917649889415943
3020647,113.89607520596488
3020648,2.3793254727066504
3020649,2.307347765530427
3020650,14.717425388529287
3020651,8.54863899933723
3020652,56.259571758049894
3020653,6.297028541052821
3020654,3.2332407848163296
3020655,1.8137437405402945
3020656,1.7538126020153846
3020657,3.991577319003177
3020658,530.881922636589
3020659,1.7538126020153846
3020660,437.15801118759526
3020661,2.475214610523442
3020662,191.60901600509052
3020663,110.89816679321126
3020664,105.41997935948878
3020665,47.917885722544696
3020666,15.09468410692995
3020667,809.6720114886227
3020668,7.963684548658973
3020669,1.7538126020153846
3020670,9.280818314307579
3020671,3.6698559596563474
3020672,1.7538126020153846
3020673,95.68636391249427
3020674,2.4011945193451787
3020675,2.475214610523442
3020676,1.7538126020153846
3020677,6.3793598021066025
3020678,1.7538126020153846
3020679,15.312674416893575
3020680,113.01093699762731
3020681,2.381800857259504
3020682,2.3097704258026712
3020683,15.1074809922398
3020684,8.663955501578695
3020685,69.08832246282893
3020686,3.991577319003177
3020687,3.236341669573325
3020688,1.8116841580619032
3020689,1.7517968874703223
3020690,3.987923622670553
3020691,744.0392869015533
3020692,1.7517968874703223
3020693,426.5476626385753
3020694,2.4726708496907266
3020695,317.9247616063916
3020696,109.94401891065074
3020697,74.0684305608883
3020698,46.733299786547505
3020699,14.704938390086753
3020700,790.040936896342
3020701,7.957123379860175
3020702,1.7517968874703223
3020703,4.335134770418882
3020704,3.614132249509807
3020705,1.7517968874703223
3020706,110.250070485872
3020707,5.547789068449688
3020708,2.4726708496907266
3020709,1.7517968874703223
3020710,14.825109641701365
3020711,1.7517968874703223
3020712,14.917649889415943
3020713,110.250070485872
3020714,2.3793254727066504
3020715,2.307347765530427
3020716,47.01050315551329
3020717,8.54863899933723
3020718,75.92695621173384
3020719,5.197540350450389
3020720,3.2332407848163296
3020721,1.8137437405402945
3020722,1.7538126020153846
3020723,3.991577319003177
3020724,575.1131154794618
3020725,1.7538126020153846
3020726,444.91463511859666
3020727,2.475214610523442
3020728,433.6507269376423
3020729,106.28679139153581
3020730,105.41997935948878
3020731,47.917885722544696
3020732,15.09468410692995
3020733,809.6720114886227
3020734,7.034240519368826
3020735,1.7538126020153846
3020736,4.39956584596318
3020737,3.6698559596563474
3020738,1.7538126020153846
3020739,113.01093699762731
3020740,2.4011945193451787
3020741,2.475214610523442
3020742,1.7538126020153846
3020743,15.016225495132982
3020744,1.7538126020153846
3020745,15.312674416893575
3020746,120.60161190362403
3020747,2.381800857259504
3020748,2.3097704258026712
3020749,48.201968381518824
3020750,8.663955501578695
3020751,18.210535259942734
3020752,1.8137437405402945
3020753,3.236341669573325
3020754,1.8137437405402945
3020755,1.7538126020153846
3020756,3.991577319003177
3020757,658.8312289260099
3020758,1.7538126020153846
3020759,444.91463511859666
3020760,2.475214610523442
3020761,433.6507269376423
3020762,119.62204001221815
3020763,109.9940976521519
3020764,47.917885722544696
3020765,15.09468410692995
3020766,809.6720114886227
3020767,10.32018775441328
3020768,1.7538126020153846
3020769,9.280818314307579
3020770,3.6698559596563474
3020771,1.7538126020153846
3020772,108.14326845992099
3020773,2.4011945193451787
3020774,2.475214610523442
3020775,7.790169566245503
3020776,6.3793598021066025
3020777,1.7538126020153846
3020778,15.312674416893575
3020779,143.40808875756395
3020780,2.381800857259504
3020781,2.3097704258026712
3020782,15.1074809922398
3020783,8.663955501578695
3020784,57.68056891745687
3020785,10.55171845783223
3020786,3.236341669573325
3020787,1.745083034613688
3020788,1.6996861891836859
3020789,3.963725803080102
3020790,677.2051602440705
3020791,1.6996861891836859
3020792,420.91469188341364
3020793,2.3613856406104965
3020794,321.1319158519234
3020795,98.23991931354463
3020796,91.59127385961278
3020797,36.38827607184915
3020798,10.469172648025017
3020799,744.3565854111564
3020800,9.970707706778798
3020801,1.6996861891836859
3020802,3.7203688236802774
3020803,7.196879180858485
3020804,1.6996861891836859
3020805,95.87487320744458
3020806,2.305796683033152
3020807,2.3613856406104965
3020808,5.181862942076626
3020809,15.964966546694214
3020810,1.6996861891836859
3020811,10.591994847693682
3020812,105.65761537434017
3020813,2.286066073587805
3020814,2.231722714303434
3020815,36.60540239945031
3020816,7.137390621912848
3020817,50.05390443472615
3020818,11.390566927252847
3020819,2.960599309938111
3020820,1.8116841580619032
3020821,1.7517968874703223
3020822,1.8116841580619032
3020823,518.0019742115888
3020824,1.7517968874703223
3020825,434.11645368424723
3020826,2.4726708496907266
3020827,214.34580351212057
3020828,109.94401891065074
3020829,102.8429339905745
3020830,46.733299786547505
3020831,14.704938390086753
3020832,790.040936896342
3020833,7.957123379860175
3020834,1.7517968874703223
3020835,4.335134770418882
3020836,3.614132249509807
3020837,1.7517968874703223
3020838,105.50027645573462
3020839,2.398704939168876
3020840,2.4726708496907266
3020841,1.7517968874703223
3020842,14.825109641701365
3020843,1.7517968874703223
3020844,14.917649889415943
3020845,117.65693109561377
3020846,2.3793254727066504
3020847,2.307347765530427
3020848,14.717425388529287
3020849,8.54863899933723
3020850,56.259571758049894
3020851,5.197540350450389
3020852,7.039622401045671
3020886,1.7470938312046247
3020887,1.7016637322005486
3020888,3.967361774304768
3020889,707.1061244714823
3020890,1.7016637322005486
3020891,431.38524833835453
3020892,2.3638478840842767
3020893,513.8563571624911
3020894,94.5131402826114
3020895,96.66647516317121
3020896,37.31613201736193
3020897,10.753800374939532
3020898,762.8539223296021
3020899,11.990050018027754
3020900,1.7016637322005486
3020901,8.313512889222368
3020902,8.292616109389403
3020903,1.7016637322005486
3020904,101.52866091263047
3020905,2.3082182071243196
3020906,2.3638478840842767
3020907,4.564957369801719
3020908,13.390477929421827
3020909,1.7016637322005486
3020910,10.879670623894667
3020911,169.29441031059434
3020912,2.2884731448403115
3020913,2.2340899785846355
3020914,37.53864671733966
3020915,7.2356638338288715
3020916,51.32089702567551
3020917,11.117122769686768
3020918,2.9635004825037736
3020919,1.7470938312046247
3020920,1.7016637322005486
3020921,1.7470938312046247
3020922,675.968438144497
3020923,1.7016637322005486
3020924,431.38524833835453
3020925,2.3638478840842767
3020926,544.2946080028023
3020927,94.5131402826114
3020928,99.96254671504147
3020929,37.31613201736193
3020930,10.753800374939532
3020931,762.8539223296021
3020932,8.68341984576453
3020933,1.7016637322005486
3020934,3.7773755261092052
3020935,8.292616109389403
3020936,1.7016637322005486
3020937,98.27899387092712
3020938,2.3082182071243196
3020939,2.3638478840842767
3020940,1.7016637322005486
3020941,18.498956978630176
3020942,1.7016637322005486
3020943,10.879670623894667
3020944,123.3710645039122
3020945,2.2884731448403115
3020946,2.2340899785846355
3020947,10.730238946612415
3020948,7.2356638338288715
3020949,51.32089702567551
3020950,1.7470938312046247
3020951,2.9635004825037736
3020952,1.8137437405402945
3020953,1.7538126020153846
3020954,3.991577319003177
3020955,486.1809400989454
3020956,1.7538126020153846
3020957,442.7897191853312
3020958,2.475214610523442
3020959,325.8394414824864
3020960,106.28679139153581
3020961,97.3259514687861
3020962,47.917885722544696
3020963,15.09468410692995
3020964,809.6720114886227
3020965,7.963684548658973
3020966,1.7538126020153846
3020967,10.465190887129623
3020968,7.891444616997589
3020969,1.7538126020153846
3020970,113.01093699762731
3020971,2.4011945193451787
3020972,2.475214610523442
3020973,1.7538126020153846
3020974,15.016225495132982
3020975,1.7538126020153846
3020976,15.312674416893575
3020977,120.60161190362403
3020978,2.381800857259504
3020979,2.3097704258026712
3020980,48.201968381518824
3020981,8.663955501578695
3020982,69.08832246282893
3020983,7.790169566245503
3020984,3.236341669573325
3020985,1.772597480762022
3020986,1.7267456148305858
3020987,4.013478092749234
3020988,736.88232774593
3020989,1.7267456148305858
3020990,109.55268009849462
3020991,2.472422937120056
3020992,134.65138235283632
3020993,101.14241874545438
3020994,92.14824006990263
3020995,10.774502327130289
3020996,10.871634977332844
3020997,765.5869629360012
3020998,3.085698853221623
3020999,1.7267456148305858
3021000,3.827281309301763
3021001,7.391532074369735
3021002,1.7267456148305858
3021003,55.90600372355906
3021004,2.414997698846263
3021005,2.472422937120056
3021006,4.013478092749234
3021007,18.674626091824127
3021008,1.7267456148305858
3021009,10.993747456700177
3021010,196.20049894035287
3021011,2.3328695812083526
3021012,2.277752208324305
3021013,10.842880832860487
3021014,7.309860200528782
3021015,52.23062441039167
3021016,1.772597480762022
3021017,3.0914305465031866
3021018,1.772597480762022
3021019,1.7267456148305858
3021020,4.013478092749234
3021021,733.6788894691388
3021022,1.7267456148305858
3021023,123.93246220037845
3021024,2.472422937120056
3021025,162.11820731948632
3021026,171.44566056747107
3021027,100.3990326906131
3021028,10.774502327130289
3021029,10.871634977332844
3021030,765.5869629360012
3021031,3.085698853221623
3021032,1.7267456148305858
3021033,8.410804415180587
3021034,8.399771020854613
3021035,1.7267456148305858
3021036,86.53219369918367
3021037,2.414997698846263
3021038,2.472422937120056
3021039,1.7267456148305858
3021040,5.5033983016439505
3021041,1.7267456148305858
3021042,10.993747456700177
3021043,108.75156050413653
3021044,2.3328695812083526
3021045,2.277752208324305
3021046,10.842880832860487
3021047,7.309860200528782
3021048,43.054335556390896
3021049,1.772597480762022
3021050,3.0914305465031866
3021051,1.772597480762022
3021052,1.7267456148305858
3021053,4.013478092749234
3021054,721.5853568276657
3021055,1.7267456148305858
3021056,102.72354991320917
3021057,2.472422937120056
3021058,130.53306721847756
3021059,145.27412547084563
3021060,77.84415310691335
3021061,10.774502327130289
3021062,10.871634977332844
3021063,765.5869629360012
3021064,3.085698853221623
3021065,1.7267456148305858
3021066,3.827281309301763
3021067,7.391532074369735
3021068,1.7267456148305858
3021069,55.90600372355906
3021070,2.414997698846263
3021071,2.472422937120056
3021072,1.7267456148305858
3021073,18.674626091824127
3021074,1.7267456148305858
3021075,10.993747456700177
3021076,92.65758107772828
3021077,2.3328695812083526
3021078,2.277752208324305
3021079,10.842880832860487
3021080,7.309860200528782
3021081,12.409082225977572
3021082,1.772597480762022
3021083,6.9564200978362605
3021084,1.772597480762022
3021085,1.7267456148305858
3021086,1.772597480762022
3021087,735.5554714748697
3021088,1.7267456148305858
3021089,96.1571286155158
3021090,2.472422937120056
3021091,112.95774693427646
3021092,94.87220398148528
3021093,66.78163648099849
3021094,10.774502327130289
3021095,10.871634977332844
3021096,765.5869629360012
3021097,3.085698853221623
3021098,1.7267456148305858
3021099,3.827281309301763
3021100,3.304444567317459
3021101,1.7267456148305858
3021102,65.6513760964384
3021103,2.414997698846263
3021104,2.472422937120056
3021105,1.7267456148305858
3021106,22.554608914271867
3021107,1.7267456148305858
3021108,10.993747456700177
3021109,92.65758107772828
3021110,2.3328695812083526
3021111,2.277752208324305
3021112,10.842880832860487
3021113,7.309860200528782
3021114,43.054335556390896
3021115,1.772597480762022
3021116,3.0914305465031866
3021117,1.772597480762022
3021118,1.7267456148305858
3021119,4.013478092749234
3021120,736.88232774593
3021121,1.7267456148305858
3021122,143.80793480847487
3021123,2.472422937120056
3021124,290.11215267548397
3021125,111.09019027762737
3021126,94.2458071550521
3021127,10.774502327130289
3021128,10.871634977332844
3021129,765.5869629360012
3021130,3.085698853221623
3021131,1.7267456148305858
3021132,3.827281309301763
3021133,9.361420121919371
3021134,1.7267456148305858
3021135,86.53219369918367
3021136,2.414997698846263
3021137,2.472422937120056
3021138,1.7267456148305858
3021139,22.554608914271867
3021140,1.7267456148305858
3021141,10.993747456700177
3021142,169.9037173061026
3021143,2.3328695812083526
3021144,2.277752208324305
3021145,37.90872151968995
3021146,7.309860200528782
3021147,43.054335556390896
3021148,1.772597480762022
3021149,6.9564200978362605
3021150,1.7470938312046247
3021151,1.7016637322005486
3021152,3.967361774304768
3021153,724.7481640196535
3021154,1.7016637322005486
3021155,431.38524833835453
3021156,2.3638478840842767
3021157,513.8563571624911
3021158,100.70273276314921
3021159,96.66647516317121
3021160,37.31613201736193
3021161,10.753800374939532
3021162,762.8539223296021
3021163,9.904833753315378
3021164,1.7016637322005486
3021165,8.313512889222368
3021166,7.29587082108052
3021167,1.7016637322005486
3021168,92.30681165663681
3021169,2.3082182071243196
3021170,2.3638478840842767
3021171,1.7016637322005486
3021172,16.16984816416285
3021173,1.7016637322005486
3021174,10.879670623894667
3021175,108.3045120210087
3021176,2.2884731448403115
3021177,2.2340899785846355
3021178,10.730238946612415
3021179,7.2356638338288715
3021180,42.30143370872252
3021181,1.7951350325941688
3021182,2.9635004825037736
3021183,1.7470938312046247
3021184,1.7016637322005486
3021185,1.7470938312046247
3021186,715.9907372664882
3021187,1.7016637322005486
3021188,431.38524833835453
3021189,2.3638478840842767
3021190,527.597333717444
3021191,100.70273276314921
3021192,96.66647516317121
3021193,37.31613201736193
3021194,10.753800374939532
3021195,762.8539223296021
3021196,8.510420504910696
3021197,1.7016637322005486
3021198,8.313512889222368
3021199,8.292616109389403
3021200,1.7016637322005486
3021201,98.27899387092712
3021202,2.3082182071243196
3021203,2.3638478840842767
3021204,1.7016637322005486
3021205,18.498956978630176
3021206,1.7016637322005486
3021207,10.879670623894667
3021208,108.3045120210087
3021209,2.2884731448403115
3021210,2.2340899785846355
3021211,37.53864671733966
3021212,7.2356638338288715
3021213,51.32089702567551
3021214,1.7951350325941688
3021215,2.9635004825037736
3021249,1.8137437405402945
3021250,1.7538126020153846
3021251,1.8137437405402945
3021252,575.1131154794618
3021253,1.7538126020153846
3021254,444.91463511859666
3021255,2.475214610523442
3021256,255.19095292240831
3021257,110.89816679321126
3021258,88.5767904871286
3021259,47.917885722544696
3021260,15.09468410692995
3021261,809.6720114886227
3021262,7.963684548658973
3021263,1.7538126020153846
3021264,4.39956584596318
3021265,3.6698559596563474
3021266,1.7538126020153846
3021267,109.8980980166696
3021268,2.4011945193451787
3021269,2.475214610523442
3021270,1.7538126020153846
3021271,6.3793598021066025
3021272,1.7538126020153846
3021273,15.312674416893575
3021274,109.8980980166696
3021275,2.381800857259504
3021276,2.3097704258026712
3021277,48.201968381518824
3021278,8.663955501578695
3021279,57.68056891745687
3021280,1.8137437405402945
3021281,3.236341669573325
3021282,1.7470938312046247
3021283,1.7016637322005486
3021284,1.7470938312046247
3021285,715.9907372664882
3021286,1.7016637322005486
3021287,431.38524833835453
3021288,2.3638478840842767
3021289,513.8563571624911
3021290,88.3561658025628
3021291,91.8344205149887
3021292,37.31613201736193
3021293,10.753800374939532
3021294,762.8539223296021
3021295,10.103198173739278
3021296,1.7016637322005486
3021297,8.313512889222368
3021298,7.29587082108052
3021299,1.7016637322005486
3021300,98.27899387092712
3021301,2.3082182071243196
3021302,2.3638478840842767
3021303,1.7016637322005486
3021304,16.16984816416285
3021305,1.7016637322005486
3021306,10.879670623894667
3021307,108.3045120210087
3021308,2.2884731448403115
3021309,2.2340899785846355
3021310,10.730238946612415
3021311,7.2356638338288715
3021312,51.32089702567551
3021313,1.7470938312046247
3021314,2.9635004825037736
3021315,1.8137437405402945
3021316,1.7538126020153846
3021317,1.8137437405402945
3021318,432.21333020813177
3021319,1.7538126020153846
3021320,444.91463511859666
3021321,2.475214610523442
3021322,255.19095292240831
3021323,76.29609805841478
3021324,75.9313859291
3021325,47.917885722544696
3021326,15.09468410692995
3021327,809.6720114886227
3021328,7.034240519368826
3021329,1.7538126020153846
3021330,9.280818314307579
3021331,3.6698559596563474
3021332,1.7538126020153846
3021333,103.6454236975073
3021334,2.4011945193451787
3021335,2.475214610523442
3021336,1.7538126020153846
3021337,15.016225495132982
3021338,1.7538126020153846
3021339,15.312674416893575
3021340,108.14326845992099
3021341,2.381800857259504
3021342,2.3097704258026712
3021343,15.1074809922398
3021344,8.663955501578695
3021345,57.68056891745687
3021346,1.8137437405402945
3021347,3.236341669573325
3021348,1.8137437405402945
3021349,1.7538126020153846
3021350,1.8137437405402945
3021351,620.9153255010013
3021352,1.7538126020153846
3021353,444.91463511859666
3021354,2.475214610523442
3021355,366.5555096292896
3021356,106.28679139153581
3021357,109.9940976521519
3021358,47.917885722544696
3021359,15.09468410692995
3021360,809.6720114886227
3021361,7.963684548658973
3021362,1.7538126020153846
3021363,4.39956584596318
3021364,7.891444616997589
3021365,1.7538126020153846
3021366,113.01093699762731
3021367,2.4011945193451787
3021368,2.475214610523442
3021369,1.7538126020153846
3021370,6.3793598021066025
3021371,1.7538126020153846
3021372,15.312674416893575
3021373,128.63794447115734
3021374,2.381800857259504
3021375,2.3097704258026712
3021376,48.201968381518824
3021377,8.663955501578695
3021378,57.68056891745687
3021379,1.8137437405402945
3021380,3.236341669573325
3021381,1.7470938312046247
3021382,1.7016637322005486
3021383,1.7470938312046247
3021384,639.3809412803422
3021385,1.7016637322005486
3021386,431.38524833835453
3021387,2.3638478840842767
3021388,466.7431459776929
3021389,94.5131402826114
3021390,77.8099542689278
3021391,37.31613201736193
3021392,10.753800374939532
3021393,762.8539223296021
3021394,8.68341984576453
3021395,1.7016637322005486
3021396,3.7773755261092052
3021397,3.2553750340815446
3021398,1.7016637322005486
3021399,76.49579642554005
3021400,2.3082182071243196
3021401,2.3638478840842767
3021402,1.7016637322005486
3021403,18.498956978630176
3021404,1.7016637322005486
3021405,10.879670623894667
3021406,101.52866091263047
3021407,2.2884731448403115
3021408,2.2340899785846355
3021409,37.53864671733966
3021410,7.2356638338288715
3021411,12.179916976837614
3021412,1.7470938312046247
3021413,2.9635004825037736
3021414,1.8137437405402945
3021415,1.7538126020153846
3021416,1.8137437405402945
3021417,575.1131154794618
3021418,1.7538126020153846
3021419,443.7248089262071
3021420,2.475214610523442
3021421,433.6507269376423
3021422,76.29609805841478
3021423,67.39501557098505
3021424,47.917885722544696
3021425,15.09468410692995
3021426,809.6720114886227
3021427,10.32018775441328
3021428,1.7538126020153846
3021429,4.39956584596318
3021430,7.891444616997589
3021431,1.7538126020153846
3021432,108.14326845992099
3021433,2.4011945193451787
3021434,2.475214610523442
3021435,1.7538126020153846
3021436,17.923217335576712
3021437,1.7538126020153846
3021438,15.312674416893575
3021439,116.74742374878278
3021440,2.381800857259504
3021441,2.3097704258026712
3021442,15.1074809922398
3021443,8.663955501578695
3021444,57.68056891745687
3021445,1.8137437405402945
3021446,3.236341669573325
3021447,1.7470938312046247
3021448,1.7016637322005486
3021449,1.7470938312046247
3021450,707.1061244714823
3021451,1.7016637322005486
3021452,431.38524833835453
3021453,2.3638478840842767
3021454,513.8563571624911
3021455,88.3561658025628
3021456,93.88908945796103
3021457,37.31613201736193
3021458,10.753800374939532
3021459,762.8539223296021
3021460,7.62775314641342
3021461,1.7016637322005486
3021462,3.7773755261092052
3021463,7.29587082108052
3021464,1.7016637322005486
3021465,92.30681165663681
3021466,2.3082182071243196
3021467,2.3638478840842767
3021468,1.7016637322005486
3021469,16.16984816416285
3021470,1.7016637322005486
3021471,10.879670623894667
3021472,95.03788438980592
3021473,2.2884731448403115
3021474,2.2340899785846355
3021475,10.730238946612415
3021476,7.2356638338288715
3021477,42.30143370872252
3021478,1.7951350325941688
3021479,2.9635004825037736
3021480,1.772597480762022
3021481,1.7267456148305858
3021482,4.013478092749234
3021483,736.88232774593
3021484,1.7267456148305858
3021485,109.55268009849462
3021486,2.472422937120056
3021487,130.53306721847756
3021488,92.76084196504584
3021489,103.71809427400986
3021490,10.774502327130289
3021491,10.871634977332844
3021492,765.5869629360012
3021493,3.085698853221623
3021494,1.7267456148305858
3021495,3.827281309301763
3021496,8.399771020854613
3021497,1.7267456148305858
3021498,90.5949909731209
3021499,2.414997698846263
3021500,2.472422937120056
3021501,1.7267456148305858
3021502,16.324533976536234
3021503,1.7267456148305858
3021504,10.993747456700177
3021505,169.9037173061026
3021506,2.3328695812083526
3021507,2.277752208324305
3021508,10.842880832860487
3021509,7.309860200528782
3021510,43.054335556390896
3021511,1.772597480762022
3021512,3.0914305465031866
3021513,1.772597480762022
3021514,1.7267456148305858
3021515,4.013478092749234
3021516,736.88232774593
3021517,1.7267456148305858
3021518,99.43601061833184
3021519,2.472422937120056
3021520,221.06549386187666
3021521,171.44566056747107
3021522,92.14824006990263
3021523,10.774502327130289
3021524,10.871634977332844
3021525,765.5869629360012
3021526,3.085698853221623
3021527,1.7267456148305858
3021528,8.410804415180587
3021529,10.897437610839383
3021530,1.7267456148305858
3021531,92.65758107772828
3021532,2.414997698846263
3021533,2.472422937120056
3021534,1.7267456148305858
3021535,18.674626091824127
3021536,1.7267456148305858
3021537,10.993747456700177
3021538,169.9037173061026
3021539,2.3328695812083526
3021540,2.277752208324305
3021541,10.842880832860487
3021542,7.309860200528782
3021543,43.054335556390896
3021544,1.772597480762022
3021545,6.9564200978362605
3021546,1.7470938312046247
3021547,1.7016637322005486
3021548,3.967361774304768
3021549,694.0360162322053
3021550,1.7016637322005486
3021551,431.38524833835453
3021552,2.3638478840842767
3021553,544.2946080028023
3021554,100.70273276314921
3021555,96.66647516317121
3021556,37.31613201736193
3021557,10.753800374939532
3021558,762.8539223296021
3021559,14.889525773972677
3021560,1.7016637322005486
3021561,3.7773755261092052
3021562,3.2553750340815446
3021563,1.7016637322005486
3021564,101.52866091263047
3021565,2.3082182071243196
3021566,2.3638478840842767
3021567,3.967361774304768
3021568,16.16984816416285
3021569,1.7016637322005486
3021570,10.879670623894667
3021571,108.3045120210087
3021572,2.2884731448403115
3021573,2.2340899785846355
3021574,37.53864671733966
3021575,7.2356638338288715
3021576,42.30143370872252
3021577,7.674694444668802
3021578,2.9635004825037736
3021612,1.8137437405402945
3021613,1.7538126020153846
3021614,1.8137437405402945
3021615,658.8312289260099
3021616,1.7538126020153846
3021617,444.91463511859666
3021618,2.475214610523442
3021619,400.2803355927507
3021620,97.79208979053857
3021621,109.9940976521519
3021622,47.917885722544696
3021623,15.09468410692995
3021624,809.6720114886227
3021625,7.963684548658973
3021626,1.7538126020153846
3021627,10.465190887129623
3021628,7.891444616997589
3021629,1.7538126020153846
3021630,109.8980980166696
3021631,2.4011945193451787
3021632,2.475214610523442
3021633,1.7538126020153846
3021634,15.016225495132982
3021635,1.7538126020153846
3021636,15.312674416893575
3021637,128.63794447115734
3021638,2.381800857259504
3021639,2.3097704258026712
3021640,15.1074809922398
3021641,8.663955501578695
3021642,57.68056891745687
3021643,1.8137437405402945
3021644,3.236341669573325
3021645,1.772597480762022
3021646,1.7267456148305858
3021647,4.013478092749234
3021648,735.5554714748697
3021649,1.7267456148305858
3021650,102.72354991320917
3021651,2.472422937120056
3021652,221.06549386187666
3021653,111.09019027762737
3021654,100.3990326906131
3021655,10.774502327130289
3021656,10.871634977332844
3021657,765.5869629360012
3021658,3.085698853221623
3021659,1.7267456148305858
3021660,8.410804415180587
3021661,7.391532074369735
3021662,1.7267456148305858
3021663,92.65758107772828
3021664,2.414997698846263
3021665,2.472422937120056
3021666,1.7267456148305858
3021667,16.324533976536234
3021668,1.7267456148305858
3021669,10.993747456700177
3021670,123.84936732710649
3021671,2.3328695812083526
3021672,2.277752208324305
3021673,10.842880832860487
3021674,7.309860200528782
3021675,43.054335556390896
3021676,1.772597480762022
3021677,3.0914305465031866
3021678,1.772597480762022
3021679,1.7267456148305858
3021680,4.013478092749234
3021681,735.5554714748697
3021682,1.7267456148305858
3021683,99.43601061833184
3021684,2.472422937120056
3021685,143.3432289288256
3021686,171.44566056747107
3021687,103.71809427400986
3021688,10.774502327130289
3021689,10.871634977332844
3021690,765.5869629360012
3021691,3.085698853221623
3021692,1.7267456148305858
3021693,3.827281309301763
3021694,7.391532074369735
3021695,1.7267456148305858
3021696,98.70820143257707
3021697,2.414997698846263
3021698,2.472422937120056
3021699,1.7267456148305858
3021700,18.674626091824127
3021701,1.7267456148305858
3021702,10.993747456700177
3021703,108.75156050413653
3021704,2.3328695812083526
3021705,2.277752208324305
3021706,10.842880832860487
3021707,7.309860200528782
3021708,43.054335556390896
3021709,1.772597480762022
3021710,6.9564200978362605
3021711,1.7470938312046247
3021712,1.7016637322005486
3021713,3.967361774304768
3021714,578.6798000211292
3021715,1.7016637322005486
3021716,431.38524833835453
3021717,2.3638478840842767
3021718,513.8563571624911
3021719,94.5131402826114
3021720,99.96254671504147
3021721,37.31613201736193
3021722,10.753800374939532
3021723,762.8539223296021
3021724,8.510420504910696
3021725,1.7016637322005486
3021726,8.313512889222368
3021727,7.29587082108052
3021728,1.7016637322005486
3021729,95.03788438980592
3021730,2.3082182071243196
3021731,2.3638478840842767
3021732,1.7016637322005486
3021733,18.498956978630176
3021734,1.7016637322005486
3021735,10.879670623894667
3021736,143.15722449988328
3021737,2.2884731448403115
3021738,2.2340899785846355
3021739,10.730238946612415
3021740,7.2356638338288715
3021741,51.32089702567551
3021742,1.7951350325941688
3021743,2.9635004825037736
3021744,1.4616707397224218
3021745,1.4143024133093034
3021746,4.245381359345849
3021747,1253.4391995400783
3021748,1.4143024133093034
3021749,225.47135263973158
3021750,1.7164465618095028
3021751,436.5097066837184
3021752,281.71390643746946
3021753,85.25967846779946
3021754,2.7094434245681347
3021755,2.738157207460168
3021756,1301.6131720805674
3021757,1.789922201977288
3021758,1.4143024133093034
3021759,6.5136419083908095
3021760,7.981875609027654
3021761,1.4143024133093034
3021762,83.89990191319491
3021763,14.362598305279175
3021764,1.7164465618095028
3021765,10.246019777861788
3021766,18.739677015103155
3021767,1.4327181711774921
3021768,2.775016104634192
3021769,386.0153253840602
3021770,1.7037899909980783
3021771,6.478167693284958
3021772,2.730985413470565
3021773,2.5500193740478516
3021774,29.965801416189542
3021775,12.567665104966613
3021776,5.6992581664699475
3021777,1.4616707397224218
3021778,1.4143024133093034
3021779,4.245381359345849
3021780,1253.4391995400783
3021781,1.4143024133093034
3021782,181.47659244953698
3021783,1.7164465618095028
3021784,499.21157701147973
3021785,227.2357556187973
3021786,80.98075895961234
3021787,2.7094434245681347
3021788,2.738157207460168
3021789,1301.6131720805674
3021790,1.789922201977288
3021791,1.4143024133093034
3021792,2.1221462863301674
3021793,7.981875609027654
3021794,1.4143024133093034
3021795,83.89990191319491
3021796,15.968047633639948
3021797,1.7164465618095028
3021798,5.742360779751143
3021799,14.410773374535433
3021800,1.4327181711774921
3021801,2.775016104634192
3021802,448.7428595804187
3021803,1.7037899909980783
3021804,5.384737144465954
3021805,2.730985413470565
3021806,2.5500193740478516
3021807,36.263511307705045
3021808,13.09406493360963
3021809,5.6992581664699475
3021810,1.5279073522613027
3021811,1.4258495832343425
3021812,4.386519768764827
3021813,1324.3570314327444
3021814,1.4258495832343425
3021815,146.8460527182127
3021816,1.7895384727193426
3021817,527.4902855708675
3021818,240.1387205092468
3021819,85.61541776528627
3021820,2.919151224910571
3021821,2.9494882982967843
3021822,1375.2544469966028
3021823,1.8649911350088555
3021824,1.4258495832343425
3021825,2.2061544319039643
3021826,8.223552533966313
3021827,1.4258495832343425
3021828,88.69959007168923
3021829,15.291806447434123
3021830,1.7895384727193426
3021831,7.077205889937661
3021832,24.97925345472643
3021833,1.4981757518037089
3021834,2.9884309577404298
3021835,295.5268476407887
3021836,1.7765413493054196
3021837,6.679384081816573
3021838,2.9419110577293717
3021839,2.6455403769139143
3021840,38.37014782832649
3021841,16.47554516704149
3021842,5.879516297791133
3021843,1.5279073522613027
3021844,1.4258495832343425
3021845,4.386519768764827
3021846,1324.3570314327444
3021847,1.4258495832343425
3021848,146.8460527182127
3021849,1.7895384727193426
3021850,382.5608271398899
3021851,240.1387205092468
3021852,85.61541776528627
3021853,2.919151224910571
3021854,2.9494882982967843
3021855,1375.2544469966028
3021856,1.8649911350088555
3021857,1.4258495832343425
3021858,8.058139019857206
3021859,8.223552533966313
3021860,1.4258495832343425
3021861,74.0822083376935
3021862,27.231605904723732
3021863,1.7895384727193426
3021864,10.29980744780713
3021865,19.2708160163489
3021866,1.4981757518037089
3021867,2.9884309577404298
3021868,592.3123914546234
3021869,1.7765413493054196
3021870,1.743885477650279
3021871,20.676822689380057
3021872,2.6455403769139143
3021873,31.716406387765794
3021874,13.473296446192265
3021875,5.879516297791133
3021876,1.5279073522613027
3021877,1.4258495832343425
3021878,4.386519768764827
3021879,1324.3570314327444
3021880,1.4258495832343425
3021881,84.79280085371927
3021882,1.7895384727193426
3021883,461.2436593865527
3021884,193.40267652748085
3021885,85.61541776528627
3021886,2.919151224910571
3021887,2.9494882982967843
3021888,1375.2544469966028
3021889,1.8649911350088555
3021890,1.4258495832343425
3021891,8.058139019857206
3021892,7.185549941223121
3021893,1.4258495832343425
3021894,80.02777155046601
3021895,16.424609910030103
3021896,1.7895384727193426
3021897,10.29980744780713
3021898,30.60126609385046
3021899,1.4981757518037089
3021900,2.9884309577404298
3021901,116.05534068265786
3021902,1.7765413493054196
3021903,5.556532402693007
3021904,2.9419110577293717
3021905,2.6455403769139143
3021906,31.716406387765794
3021907,13.473296446192265
3021908,1.8657762258275317
3021909,1.4616707397224218
3021910,1.4143024133093034
3021911,4.245381359345849
3021912,1253.4391995400783
3021913,1.4143024133093034
3021914,109.86562682428867
3021915,1.7164465618095028
3021916,436.5097066837184
3021917,281.71390643746946
3021918,80.98075895961234
3021919,2.7094434245681347
3021920,2.738157207460168
3021921,1301.6131720805674
3021922,1.789922201977288
3021923,1.4143024133093034
3021924,6.5136419083908095
3021925,7.981875609027654
3021926,1.4143024133093034
3021927,75.69209916546247
3021928,13.791317242907294
3021929,1.7164465618095028
3021930,8.612679416258047
3021931,18.739677015103155
3021932,1.4327181711774921
3021933,2.775016104634192
3021934,181.35522391923158
3021935,1.7037899909980783
3021936,1.6719897734538391
3021937,2.730985413470565
3021938,2.5500193740478516
3021939,29.965801416189542
3021940,14.298871006403997
3021941,1.7906867217270452
3021975,1.5279073522613027
3021976,1.4258495832343425
3021977,4.386519768764827
3021978,1311.0381446243446
3021979,1.4258495832343425
3021980,89.27068681005483
3021981,1.7895384727193426
3021982,190.7735419520857
3021983,240.1387205092468
3021984,85.61541776528627
3021985,2.919151224910571
3021986,2.9494882982967843
3021987,1375.2544469966028
3021988,1.8649911350088555
3021989,1.4258495832343425
3021990,6.715812807939341
3021991,7.185549941223121
3021992,1.4258495832343425
3021993,58.2770523449872
3021994,15.291806447434123
3021995,1.7895384727193426
3021996,1.4258495832343425
3021997,24.97925345472643
3021998,1.4981757518037089
3021999,2.9884309577404298
3022000,191.66440201203554
3022001,1.7765413493054196
3022002,1.743885477650279
3022003,2.9419110577293717
3022004,2.6455403769139143
3022005,31.716406387765794
3022006,14.710520450329135
3022007,1.8657762258275317
3022008,1.5279073522613027
3022009,1.4258495832343425
3022010,4.386519768764827
3022011,1324.3570314327444
3022012,1.4258495832343425
3022013,84.79280085371927
3022014,1.7895384727193426
3022015,126.44613476212587
3022016,240.1387205092468
3022017,85.61541776528627
3022018,2.919151224910571
3022019,2.9494882982967843
3022020,1375.2544469966028
3022021,1.8649911350088555
3022022,1.4258495832343425
3022023,6.715812807939341
3022024,7.185549941223121
3022025,1.4258495832343425
3022026,70.06172771137487
3022027,1.7567297373605153
3022028,1.7895384727193426
3022029,1.4258495832343425
3022030,19.2708160163489
3022031,1.4981757518037089
3022032,2.9884309577404298
3022033,238.11542375637706
3022034,1.7765413493054196
3022035,5.556532402693007
3022036,2.9419110577293717
3022037,2.6455403769139143
3022038,31.716406387765794
3022039,1.5279073522613027
3022040,5.879516297791133
3022041,1.4616707397224218
3022042,1.4143024133093034
3022043,4.245381359345849
3022044,1253.4391995400783
3022045,1.4143024133093034
3022046,181.47659244953698
3022047,1.7164465618095028
3022048,292.0808804179024
3022049,227.2357556187973
3022050,85.25967846779946
3022051,2.7094434245681347
3022052,2.738157207460168
3022053,1301.6131720805674
3022054,1.789922201977288
3022055,1.4143024133093034
3022056,6.5136419083908095
3022057,6.971070917935556
3022058,1.4143024133093034
3022059,73.14116474357427
3022060,1.6844974859195672
3022061,1.7164465618095028
3022062,1.4143024133093034
3022063,24.298541108369736
3022064,1.4327181711774921
3022065,2.775016104634192
3022066,91.06296850865047
3022067,1.7037899909980783
3022068,1.6719897734538391
3022069,2.730985413470565
3022070,2.5500193740478516
3022071,29.965801416189542
3022072,1.4616707397224218
3022073,5.6992581664699475
3022074,1.772597480762022
3022075,1.7267456148305858
3022076,4.013478092749234
3022077,735.5554714748697
3022078,1.7267456148305858
3022079,109.55268009849462
3022080,2.472422937120056
3022081,187.36331285465067
3022082,125.66995904049185
3022083,100.3990326906131
3022084,10.774502327130289
3022085,10.871634977332844
3022086,765.5869629360012
3022087,3.085698853221623
3022088,1.7267456148305858
3022089,3.827281309301763
3022090,8.399771020854613
3022091,1.7267456148305858
3022092,76.52942499709688
3022093,2.414997698846263
3022094,2.472422937120056
3022095,1.7267456148305858
3022096,22.554608914271867
3022097,1.7267456148305858
3022098,10.993747456700177
3022099,101.97191758590768
3022100,2.3328695812083526
3022101,2.277752208324305
3022102,10.842880832860487
3022103,7.309860200528782
3022104,43.054335556390896
3022105,1.772597480762022
3022106,3.0914305465031866
3022107,1.8137437405402945
3022108,1.7538126020153846
3022109,1.8137437405402945
3022110,765.743123270315
3022111,1.7538126020153846
3022112,444.91463511859666
3022113,2.475214610523442
3022114,468.20637815666436
3022115,76.29609805841478
3022116,105.41997935948878
3022117,47.917885722544696
3022118,15.09468410692995
3022119,809.6720114886227
3022120,7.963684548658973
3022121,1.7538126020153846
3022122,4.39956584596318
3022123,3.6698559596563474
3022124,1.7538126020153846
3022125,116.74742374878278
3022126,2.4011945193451787
3022127,2.475214610523442
3022128,1.7538126020153846
3022129,15.016225495132982
3022130,1.7538126020153846
3022131,48.828752941859115
3022132,116.74742374878278
3022133,2.381800857259504
3022134,2.3097704258026712
3022135,15.1074809922398
3022136,8.663955501578695
3022137,18.210535259942734
3022138,1.8137437405402945
3022139,3.236341669573325
3022272,1.7747904673466968
3022273,1.7289023348718593
3022274,4.017443504344767
3022275,735.8976560517464
3022276,1.7289023348718593
3022277,41.014457993488676
3022278,2.478982317425468
3022279,135.06105623671024
3022280,111.42870819612338
3022281,100.70526278442351
3022282,10.81006190651216
3022283,10.907487902122408
3022284,767.9020934786168
3022285,3.0934167070306104
3022286,1.7289023348718593
3022287,3.836400006684629
3022288,7.407383614120969
3022289,1.7289023348718593
3022290,76.76356769510824
3022291,2.421448603316851
3022292,2.478982317425468
3022293,1.7289023348718593
3022294,13.547552369186745
3022295,1.7289023348718593
3022296,11.02996916721698
3022297,86.79654525340133
3022298,2.3355057151335883
3022299,2.280344747151386
3022300,10.878646918711596
3022301,7.325557462736501
3022302,52.391383528839256
3022303,1.7747904673466968
3022304,6.971449714399797
3022635,1.7747904673466968
3022636,1.7289023348718593
3022637,4.017443504344767
3022638,739.1107688705719
3022639,1.7289023348718593
3022640,103.0368001639998
3022641,2.478982317425468
3022642,126.36479678914256
3022643,104.65864291748643
3022644,104.03434809795925
3022645,10.81006190651216
3022646,10.907487902122408
3022647,767.9020934786168
3022648,3.0934167070306104
3022649,1.7289023348718593
3022650,8.428581352568932
3022651,7.407383614120969
3022652,1.7289023348718593
3022653,65.85266654875348
3022654,2.421448603316851
3022655,2.478982317425468
3022656,1.7289023348718593
3022657,16.357259888392008
3022658,1.7289023348718593
3022659,11.02996916721698
3022660,99.00932513236147
3022661,2.3355057151335883
3022662,2.280344747151386
3022663,10.878646918711596
3022664,7.325557462736501
3022665,43.18738182865019
3022666,1.7747904673466968
3022667,3.0991592274368385
3022998,1.7747904673466968
3022999,1.7289023348718593
3023000,4.017443504344767
3023001,739.1107688705719
3023002,1.7289023348718593
3023003,99.73933233785394
3023004,2.478982317425468
3023005,143.77915261924804
3023006,171.96645499135772
3023007,104.03434809795925
3023008,10.81006190651216
3023009,10.907487902122408
3023010,767.9020934786168
3023011,3.0934167070306104
3023012,1.7289023348718593
3023013,3.836400006684629
3023014,9.380992765089442
3023015,1.7289023348718593
3023016,86.79654525340133
3023017,2.421448603316851
3023018,2.478982317425468
3023019,4.62106415351137
3023020,16.357259888392008
3023021,1.7289023348718593
3023022,11.02996916721698
3023023,224.09959805322742
3023024,2.3355057151335883
3023025,2.280344747151386
3023026,46.15518795228327
3023027,7.325557462736501
3023028,43.18738182865019
3023029,1.7747904673466968
3023030,6.971449714399797
3023361,1.7747904673466968
3023362,1.7289023348718593
3023363,4.017443504344767
3023364,734.3482362208329
3023365,1.7289023348718593
3023366,124.30976441524581
3023367,2.478982317425468
3023368,122.67338401195971
3023369,145.71588056432512
3023370,100.70526278442351
3023371,10.81006190651216
3023372,10.907487902122408
3023373,767.9020934786168
3023374,3.0934167070306104
3023375,1.7289023348718593
3023376,3.836400006684629
3023377,7.407383614120969
3023378,1.7289023348718593
3023379,49.39797641146495
3023380,2.421448603316851
3023381,2.478982317425468
3023382,1.7289023348718593
3023383,5.515683171174687
3023384,1.7289023348718593
3023385,11.02996916721698
3023386,95.74437290784107
3023387,2.3355057151335883
3023388,2.280344747151386
3023389,10.878646918711596
3023390,7.325557462736501
3023391,52.391383528839256
3023392,1.7747904673466968
3023393,6.971449714399797
3023724,1.7747904673466968
3023725,1.7289023348718593
3023726,4.017443504344767
3023727,735.8976560517464
3023728,1.7289023348718593
3023729,99.73933233785394
3023730,2.478982317425468
3023731,162.61083237323837
3023732,104.65864291748643
3023733,97.3849441687948
3023734,10.81006190651216
3023735,10.907487902122408
3023736,767.9020934786168
3023737,3.0934167070306104
3023738,1.7289023348718593
3023739,9.571657118938417
3023740,7.407383614120969
3023741,1.7289023348718593
3023742,76.76356769510824
3023743,2.421448603316851
3023744,2.478982317425468
3023745,1.7289023348718593
3023746,16.357259888392008
3023747,1.7289023348718593
3023748,11.02996916721698
3023749,95.74437290784107
3023750,2.3355057151335883
3023751,2.280344747151386
3023752,10.878646918711596
3023753,7.325557462736501
3023754,43.18738182865019
3023755,1.7747904673466968
3023756,6.971449714399797
3023922,1.7747904673466968
3023923,1.7289023348718593
3023924,4.017443504344767
3023925,739.1107688705719
3023926,1.7289023348718593
3023927,124.30976441524581
3023928,2.478982317425468
3023929,135.06105623671024
3023930,171.96645499135772
3023931,97.3849441687948
3023932,10.81006190651216
3023933,10.907487902122408
3023934,767.9020934786168
3023935,3.0934167070306104
3023936,1.7289023348718593
3023937,8.428581352568932
3023938,9.380992765089442
3023939,1.7289023348718593
3023940,49.39797641146495
3023941,2.421448603316851
3023942,2.478982317425468
3023943,6.35884617809214
3023944,18.71179130966769
3023945,1.7289023348718593
3023946,11.02996916721698
3023947,102.28289786989494
3023948,2.3355057151335883
3023949,2.280344747151386
3023950,10.878646918711596
3023951,7.325557462736501
3023952,43.18738182865019
3023953,1.7747904673466968
3023954,6.971449714399797
3023955,1.7747904673466968
3023956,1.7289023348718593
3023957,1.7747904673466968
3023958,739.1107688705719
3023959,1.7289023348718593
3023960,99.73933233785394
3023961,2.478982317425468
3023962,126.36479678914256
3023963,145.71588056432512
3023964,100.70526278442351
3023965,10.81006190651216
3023966,10.907487902122408
3023967,767.9020934786168
3023968,3.0934167070306104
3023969,1.7289023348718593
3023970,8.428581352568932
3023971,8.417527116245664
3023972,1.7289023348718593
3023973,56.07786266931258
3023974,2.421448603316851
3023975,2.478982317425468
3023976,1.7289023348718593
3023977,16.357259888392008
3023978,1.7289023348718593
3023979,11.02996916721698
3023980,144.1486566444987
3023981,2.3355057151335883
3023982,5.403280652643146
3023983,10.878646918711596
3023984,7.325557462736501
3023985,43.18738182865019
3023986,1.7747904673466968
3023987,6.971449714399797
3023988,1.7747904673466968
3023989,1.7289023348718593
3023990,4.017443504344767
3023991,739.1107688705719
3023992,1.7289023348718593
3023993,124.30976441524581
3023994,2.478982317425468
3023995,143.77915261924804
3023996,171.96645499135772
3023997,104.03434809795925
3023998,10.81006190651216
3023999,10.907487902122408
3024000,767.9020934786168
3024001,3.0934167070306104
3024002,1.7289023348718593
3024003,8.428581352568932
3024004,9.380992765089442
3024005,1.7289023348718593
3024006,65.85266654875348
3024007,2.421448603316851
3024008,2.478982317425468
3024009,4.017443504344767
3024010,16.357259888392008
3024011,1.7289023348718593
3024012,11.02996916721698
3024013,95.74437290784107
3024014,2.3355057151335883
3024015,2.280344747151386
3024016,10.878646918711596
3024017,7.325557462736501
3024018,59.468024190162105
3024019,1.7747904673466968
3024020,6.971449714399797
3024021,1.7492666456720958
3024022,1.7038006137212625
3024023,3.9712907101881276
3024024,678.012916309808
3024025,1.7038006137212625
3024026,56.44785638455067
3024027,2.366508520304957
3024028,487.50124020102123
3024029,97.60568925104702
3024030,100.26745859961753
3024031,223.29707156672464
3024032,10.789297433401892
3024033,765.1607989544127
3024034,3.034771919825194
3024035,1.7038006137212625
3024036,3.7863999518502442
3024037,3.2634134048952816
3024038,1.7038006137212625
3024039,95.32792355059138
3024040,2.3108348430398244
3024041,2.366508520304957
3024042,4.569358974052223
3024043,13.417661431899782
3024044,1.7038006137212625
3024045,10.915547816734282
3024046,101.83830253954144
3024047,2.2910741633944784
3024048,2.2366479827615406
3024049,10.76566484839591
3024050,7.251220939668757
3024051,42.432206180164165
3024052,10.708976903949502
3024053,2.9666354140785125
3022305,1.8116841580619032
3022306,1.7517968874703223
3022307,1.8116841580619032
3022308,421.7227210848811
3022309,1.7517968874703223
3022310,65.10493378774729
3022311,2.4726708496907266
3022312,214.34580351212057
3022313,95.39975990086573
3022314,65.73877527480319
3022315,109.6813502710509
3022316,14.704938390086753
3022317,790.040936896342
3022318,3.2273104292866943
3022319,1.7517968874703223
3022320,4.335134770418882
3022321,3.614132249509807
3022322,1.7517968874703223
3022323,105.50027645573462
3022324,2.398704939168876
3022325,2.4726708496907266
3022326,1.7517968874703223
3022327,6.291304557955158
3022328,1.7517968874703223
3022329,14.917649889415943
3022330,110.250070485872
3022331,2.3793254727066504
3022332,2.307347765530427
3022333,14.717425388529287
3022334,8.54863899933723
3022335,67.39107737872997
3022336,6.297028541052821
3022337,3.2332407848163296
3022338,1.7470938312046247
3022339,1.7016637322005486
3022340,3.967361774304768
3022341,694.0360162322053
3022342,1.7016637322005486
3022343,66.08342784319925
3022344,2.3638478840842767
3022345,544.2946080028023
3022346,100.70273276314921
3022347,99.96254671504147
3022348,253.70026395443654
3022349,10.753800374939532
3022350,762.8539223296021
3022351,3.027164636702434
3022352,1.7016637322005486
3022353,3.7773755261092052
3022354,8.292616109389403
3022355,1.7016637322005486
3022356,90.28640436667553
3022357,2.3082182071243196
3022358,2.3638478840842767
3022359,1.7016637322005486
3022360,13.390477929421827
3022361,1.7016637322005486
3022362,10.879670623894667
3022363,143.15722449988328
3022364,2.2884731448403115
3022365,2.2340899785846355
3022366,10.730238946612415
3022367,7.2356638338288715
3022368,58.25565246479587
3022369,10.699723005475798
3022370,2.9635004825037736
3022371,1.8116841580619032
3022372,1.7517968874703223
3022373,1.8116841580619032
3022374,421.7227210848811
3022375,1.7517968874703223
3022376,65.10493378774729
3022377,2.4726708496907266
3022378,423.1253100968246
3022379,109.94401891065074
3022380,94.94490949338072
3022381,103.12445886089056
3022382,14.704938390086753
3022383,790.040936896342
3022384,3.2273104292866943
3022385,1.7517968874703223
3022386,4.335134770418882
3022387,3.614132249509807
3022388,1.7517968874703223
3022389,101.11135062080838
3022390,2.398704939168876
3022391,2.4726708496907266
3022392,6.297028541052821
3022393,6.291304557955158
3022394,1.7517968874703223
3022395,14.917649889415943
3022396,110.250070485872
3022397,2.3793254727066504
3022398,2.307347765530427
3022399,14.717425388529287
3022400,8.54863899933723
3022401,56.259571758049894
3022402,4.575989432102584
3022403,3.2332407848163296
3022404,1.8116841580619032
3022405,1.7517968874703223
3022406,3.987923622670553
3022407,518.0019742115888
3022408,1.7517968874703223
3022409,73.3554794247347
3022410,2.4726708496907266
3022411,357.65485742459964
3022412,109.94401891065074
3022413,74.0684305608883
3022414,113.89607520596488
3022415,14.704938390086753
3022416,790.040936896342
3022417,3.2273104292866943
3022418,1.7517968874703223
3022419,4.335134770418882
3022420,7.785346209059101
3022421,1.7517968874703223
3022422,105.50027645573462
3022423,2.398704939168876
3022424,2.4726708496907266
3022425,1.7517968874703223
3022426,6.291304557955158
3022427,1.7517968874703223
3022428,14.917649889415943
3022429,113.89607520596488
3022430,2.3793254727066504
3022431,2.307347765530427
3022432,14.717425388529287
3022433,8.54863899933723
3022434,56.259571758049894
3022435,6.297028541052821
3022436,3.2332407848163296
3022437,1.8137437405402945
3022438,1.7538126020153846
3022439,1.8137437405402945
3022440,432.21333020813177
3022441,1.7538126020153846
3022442,66.74544419065599
3022443,2.475214610523442
3022444,468.20637815666436
3022445,97.79208979053857
3022446,97.3259514687861
3022447,112.4281029886414
3022448,15.09468410692995
3022449,809.6720114886227
3022450,3.230406970007997
3022451,1.7538126020153846
3022452,4.39956584596318
3022453,7.891444616997589
3022454,1.7538126020153846
3022455,95.68636391249427
3022456,2.4011945193451787
3022457,2.475214610523442
3022458,1.7538126020153846
3022459,6.3793598021066025
3022460,1.7538126020153846
3022461,15.312674416893575
3022462,120.60161190362403
3022463,2.381800857259504
3022464,2.3097704258026712
3022465,15.1074809922398
3022466,8.663955501578695
3022467,69.08832246282893
3022468,6.302373676310771
3022469,3.236341669573325
3022470,3.987923622670553
3022471,1.7517968874703223
3022472,1.8116841580619032
3022473,737.5011927649264
3022474,1.7517968874703223
3022475,65.10493378774729
3022476,2.4726708496907266
3022477,456.84416843654134
3022478,108.18846271076332
3022479,86.40761647979998
3022480,125.49865740827957
3022481,14.704938390086753
3022482,790.040936896342
3022483,3.2273104292866943
3022484,1.7517968874703223
3022485,4.335134770418882
3022486,3.614132249509807
3022487,1.7517968874703223
3022488,110.250070485872
3022489,2.398704939168876
3022490,2.4726708496907266
3022491,1.7517968874703223
3022492,14.825109641701365
3022493,1.7517968874703223
3022494,14.917649889415943
3022495,113.89607520596488
3022496,2.3793254727066504
3022497,2.307347765530427
3022498,14.717425388529287
3022499,8.54863899933723
3022500,75.92695621173384
3022501,6.297028541052821
3022502,3.2332407848163296
3022503,1.8137437405402945
3022504,1.7538126020153846
3022505,1.8137437405402945
3022506,382.92461889568375
3022507,1.7538126020153846
3022508,66.74544419065599
3022509,2.475214610523442
3022510,191.60901600509052
3022511,110.89816679321126
3022512,97.3259514687861
3022513,120.60161190362403
3022514,15.09468410692995
3022515,809.6720114886227
3022516,3.230406970007997
3022517,1.7538126020153846
3022518,4.39956584596318
3022519,7.891444616997589
3022520,1.7538126020153846
3022521,103.6454236975073
3022522,2.4011945193451787
3022523,2.475214610523442
3022524,1.7538126020153846
3022525,6.3793598021066025
3022526,1.7538126020153846
3022527,15.312674416893575
3022528,116.74742374878278
3022529,2.381800857259504
3022530,2.3097704258026712
3022531,15.1074809922398
3022532,8.663955501578695
3022533,18.210535259942734
3022534,1.8137437405402945
3022535,3.236341669573325
3022536,1.8137437405402945
3022537,1.7538126020153846
3022538,3.991577319003177
3022539,338.57142804216403
3022540,1.7538126020153846
3022541,75.20074165434684
3022542,2.475214610523442
3022543,366.5555096292896
3022544,112.6972902133316
3022545,105.41997935948878
3022546,217.48490640907906
3022547,15.09468410692995
3022548,809.6720114886227
3022549,3.230406970007997
3022550,1.7538126020153846
3022551,4.39956584596318
3022552,7.891444616997589
3022553,1.7538126020153846
3022554,87.0830953962463
3022555,2.4011945193451787
3022556,2.475214610523442
3022557,3.991577319003177
3022558,6.3793598021066025
3022559,1.7538126020153846
3022560,15.312674416893575
3022561,113.01093699762731
3022562,2.381800857259504
3022563,2.3097704258026712
3022564,48.201968381518824
3022565,8.663955501578695
3022566,57.68056891745687
3022567,10.072648541314715
3022568,3.236341669573325
3022569,1.745083034613688
3022570,1.6996861891836859
3022571,1.745083034613688
3022572,599.1275357178343
3022573,1.6996861891836859
3022574,54.88792604948582
3022575,2.3613856406104965
3022576,321.1319158519234
3022577,92.20021279176608
3022578,97.5176574657505
3022579,351.4712600900483
3022580,10.469172648025017
3022581,744.3565854111564
3022582,2.979109930761456
3022583,1.6996861891836859
3022584,3.7203688236802774
3022585,7.196879180858485
3022586,1.6996861891836859
3022587,88.07583068461061
3022588,2.305796683033152
3022589,2.3613856406104965
3022590,3.963725803080102
3022591,15.964966546694214
3022592,1.6996861891836859
3022593,10.591994847693682
3022594,105.65761537434017
3022595,2.286066073587805
3022596,2.231722714303434
3022597,10.446181778629793
3022598,7.137390621912848
3022599,50.05390443472615
3022600,9.857330414575106
3022601,2.960599309938111
3022602,1.8116841580619032
3022603,1.7517968874703223
3022604,1.8116841580619032
3022605,421.7227210848811
3022606,1.7517968874703223
3022607,65.10493378774729
3022608,2.4726708496907266
3022609,317.9247616063916
3022610,108.18846271076332
3022611,102.8429339905745
3022612,187.4599187967959
3022613,14.704938390086753
3022614,790.040936896342
3022615,3.2273104292866943
3022616,1.7517968874703223
3022617,4.335134770418882
3022618,3.614132249509807
3022619,1.7517968874703223
3022620,84.95009241657328
3022621,2.398704939168876
3022622,2.4726708496907266
3022623,1.7517968874703223
3022624,6.291304557955158
3022625,1.7517968874703223
3022626,14.917649889415943
3022627,105.50027645573462
3022628,2.3793254727066504
3022629,2.307347765530427
3022630,47.01050315551329
3022631,8.54863899933723
3022632,56.259571758049894
3022633,3.987923622670553
3022634,3.2332407848163296
3022668,1.7470938312046247
3022669,1.7016637322005486
3022670,1.7470938312046247
3022671,531.9532503055995
3022672,1.7016637322005486
3022673,56.27488340391803
3022674,2.3638478840842767
3022675,527.597333717444
3022676,97.30879183745309
3022677,96.66647516317121
3022678,279.26927187564945
3022679,10.753800374939532
3022680,762.8539223296021
3022681,3.027164636702434
3022682,1.7016637322005486
3022683,3.7773755261092052
3022684,7.29587082108052
3022685,1.7016637322005486
3022686,92.30681165663681
3022687,2.3082182071243196
3022688,5.490042001871784
3022689,3.967361774304768
3022690,13.390477929421827
3022691,1.7016637322005486
3022692,10.879670623894667
3022693,143.15722449988328
3022694,2.2884731448403115
3022695,2.2340899785846355
3022696,10.730238946612415
3022697,7.2356638338288715
3022698,51.32089702567551
3022699,10.336959725160186
3022700,2.9635004825037736
3022701,1.7470938312046247
3022702,1.7016637322005486
3022703,1.7470938312046247
3022704,639.3809412803422
3022705,1.7016637322005486
3022706,56.27488340391803
3022707,2.3638478840842767
3022708,527.597333717444
3022709,94.5131402826114
3022710,96.66647516317121
3022711,339.23530019186154
3022712,10.753800374939532
3022713,762.8539223296021
3022714,3.027164636702434
3022715,1.7016637322005486
3022716,8.313512889222368
3022717,8.292616109389403
3022718,1.7016637322005486
3022719,92.30681165663681
3022720,2.3082182071243196
3022721,2.3638478840842767
3022722,1.7016637322005486
3022723,13.390477929421827
3022724,1.7016637322005486
3022725,10.879670623894667
3022726,108.3045120210087
3022727,2.2884731448403115
3022728,2.2340899785846355
3022729,10.730238946612415
3022730,7.2356638338288715
3022731,51.32089702567551
3022732,1.7470938312046247
3022733,2.9635004825037736
3022734,1.8137437405402945
3022735,1.7538126020153846
3022736,3.991577319003177
3022737,530.881922636589
3022738,1.7538126020153846
3022739,75.20074165434684
3022740,2.475214610523442
3022741,366.5555096292896
3022742,106.28679139153581
3022743,88.5767904871286
3022744,120.60161190362403
3022745,15.09468410692995
3022746,809.6720114886227
3022747,3.230406970007997
3022748,1.7538126020153846
3022749,9.280818314307579
3022750,7.891444616997589
3022751,1.7538126020153846
3022752,108.14326845992099
3022753,2.4011945193451787
3022754,2.475214610523442
3022755,1.7538126020153846
3022756,6.3793598021066025
3022757,1.7538126020153846
3022758,15.312674416893575
3022759,109.8980980166696
3022760,2.381800857259504
3022761,2.3097704258026712
3022762,15.1074809922398
3022763,8.663955501578695
3022764,69.08832246282893
3022765,5.202080101289157
3022766,3.236341669573325
3022767,1.772597480762022
3022768,1.7267456148305858
3022769,1.772597480762022
3022770,733.6788894691388
3022771,1.7267456148305858
3022772,109.55268009849462
3022773,2.472422937120056
3022774,122.3010088668495
3022775,111.09019027762737
3022776,66.78163648099849
3022777,10.774502327130289
3022778,10.871634977332844
3022779,765.5869629360012
3022780,3.085698853221623
3022781,1.7267456148305858
3022782,8.410804415180587
3022783,7.391532074369735
3022784,1.7267456148305858
3022785,55.90600372355906
3022786,2.414997698846263
3022787,2.472422937120056
3022788,4.013478092749234
3022789,13.520123966339032
3022790,1.7267456148305858
3022791,10.993747456700177
3022792,101.97191758590768
3022793,2.3328695812083526
3022794,2.277752208324305
3022795,10.842880832860487
3022796,7.309860200528782
3022797,52.23062441039167
3022798,1.772597480762022
3022799,3.0914305465031866
3022800,1.772597480762022
3022801,1.7267456148305858
3022802,4.013478092749234
3022803,727.3448636559352
3022804,1.7267456148305858
3022805,109.55268009849462
3022806,2.472422937120056
3022807,255.09209967477506
3022808,125.66995904049185
3022809,103.71809427400986
3022810,10.774502327130289
3022811,10.871634977332844
3022812,765.5869629360012
3022813,3.085698853221623
3022814,1.7267456148305858
3022815,8.410804415180587
3022816,9.361420121919371
3022817,1.7267456148305858
3022818,40.584413391244816
3022819,2.414997698846263
3022820,2.472422937120056
3022821,1.7267456148305858
3022822,5.5033983016439505
3022823,1.7267456148305858
3022824,10.993747456700177
3022825,98.70820143257707
3022826,2.3328695812083526
3022827,2.277752208324305
3022828,10.842880832860487
3022829,7.309860200528782
3022830,52.23062441039167
3022831,1.772597480762022
3022832,6.9564200978362605
3022833,1.772597480762022
3022834,1.7267456148305858
3022835,1.772597480762022
3022836,709.6397015537576
3022837,1.7267456148305858
3022838,109.55268009849462
3022839,2.472422937120056
3022840,130.53306721847756
3022841,145.27412547084563
3022842,94.2458071550521
3022843,10.774502327130289
3022844,10.871634977332844
3022845,765.5869629360012
3022846,3.085698853221623
3022847,1.7267456148305858
3022848,3.827281309301763
3022849,8.399771020854613
3022850,1.7267456148305858
3022851,55.90600372355906
3022852,2.414997698846263
3022853,2.472422937120056
3022854,1.7267456148305858
3022855,13.520123966339032
3022856,1.7267456148305858
3022857,10.993747456700177
3022858,92.65758107772828
3022859,2.3328695812083526
3022860,2.277752208324305
3022861,10.842880832860487
3022862,7.309860200528782
3022863,12.409082225977572
3022864,1.772597480762022
3022865,3.0914305465031866
3022866,1.772597480762022
3022867,1.7267456148305858
3022868,1.772597480762022
3022869,641.6722002042296
3022870,1.7267456148305858
3022871,91.26357866040799
3022872,2.472422937120056
3022873,112.95774693427646
3022874,94.87220398148528
3022875,50.09829559317031
3022876,10.774502327130289
3022877,10.871634977332844
3022878,765.5869629360012
3022879,3.085698853221623
3022880,1.7267456148305858
3022881,3.827281309301763
3022882,3.304444567317459
3022883,1.7267456148305858
3022884,49.24623031080303
3022885,2.414997698846263
3022886,5.70414683709709
3022887,1.7267456148305858
3022888,13.520123966339032
3022889,1.7267456148305858
3022890,10.993747456700177
3022891,86.53219369918367
3022892,2.3328695812083526
3022893,2.277752208324305
3022894,10.842880832860487
3022895,7.309860200528782
3022896,43.054335556390896
3022897,1.772597480762022
3022898,3.0914305465031866
3022899,1.772597480762022
3022900,1.7267456148305858
3022901,4.013478092749234
3022902,732.1341348735066
3022903,1.7267456148305858
3022904,143.80793480847487
3022905,2.472422937120056
3022906,255.09209967477506
3022907,101.14241874545438
3022908,88.01654671192085
3022909,10.774502327130289
3022910,10.871634977332844
3022911,765.5869629360012
3022912,3.085698853221623
3022913,1.7267456148305858
3022914,3.827281309301763
3022915,8.399771020854613
3022916,1.7267456148305858
3022917,65.6513760964384
3022918,2.414997698846263
3022919,2.472422937120056
3022920,1.7267456148305858
3022921,13.520123966339032
3022922,1.7267456148305858
3022923,10.993747456700177
3022924,123.84936732710649
3022925,2.3328695812083526
3022926,2.277752208324305
3022927,10.842880832860487
3022928,7.309860200528782
3022929,43.054335556390896
3022930,1.772597480762022
3022931,6.9564200978362605
3022932,1.7470938312046247
3022933,1.7016637322005486
3022934,1.7470938312046247
3022935,675.968438144497
3022936,1.7016637322005486
3022937,56.27488340391803
3022938,2.3638478840842767
3022939,466.7431459776929
3022940,97.30879183745309
3022941,96.66647516317121
3022942,279.26927187564945
3022943,10.753800374939532
3022944,762.8539223296021
3022945,2.957948006706167
3022946,1.7016637322005486
3022947,3.7773755261092052
3022948,7.29587082108052
3022949,1.7016637322005486
3022950,90.28640436667553
3022951,2.3082182071243196
3022952,2.3638478840842767
3022953,1.7016637322005486
3022954,5.445331316936598
3022955,1.7016637322005486
3022956,10.879670623894667
3022957,101.52866091263047
3022958,2.2884731448403115
3022959,2.2340899785846355
3022960,37.53864671733966
3022961,7.2356638338288715
3022962,42.30143370872252
3022963,1.7951350325941688
3022964,2.9635004825037736
3022965,1.7470938312046247
3022966,1.7016637322005486
3022967,1.7470938312046247
3022968,614.0207578875769
3022969,1.7016637322005486
3022970,56.27488340391803
3022971,2.3638478840842767
3022972,537.5375730796179
3022973,94.5131402826114
3022974,93.88908945796103
3022975,311.8097772241568
3022976,10.753800374939532
3022977,762.8539223296021
3022978,2.957948006706167
3022979,1.7016637322005486
3022980,9.442638309616529
3022981,3.2553750340815446
3022982,1.7016637322005486
3022983,92.30681165663681
3022984,2.3082182071243196
3022985,2.3638478840842767
3022986,1.7016637322005486
3022987,13.390477929421827
3022988,1.7016637322005486
3022989,10.879670623894667
3022990,92.30681165663681
3022991,2.2884731448403115
3022992,2.2340899785846355
3022993,37.53864671733966
3022994,7.2356638338288715
3022995,51.32089702567551
3022996,1.7951350325941688
3022997,2.9635004825037736
3023031,1.8137437405402945
3023032,1.7538126020153846
3023033,1.8137437405402945
3023034,575.1131154794618
3023035,1.7538126020153846
3023036,75.20074165434684
3023037,2.475214610523442
3023038,288.65338612954474
3023039,76.29609805841478
3023040,88.5767904871286
3023041,165.08129447142835
3023042,15.09468410692995
3023043,809.6720114886227
3023044,3.230406970007997
3023045,1.7538126020153846
3023046,4.39956584596318
3023047,3.6698559596563474
3023048,1.7538126020153846
3023049,103.6454236975073
3023050,2.4011945193451787
3023051,2.475214610523442
3023052,1.7538126020153846
3023053,6.3793598021066025
3023054,1.7538126020153846
3023055,15.312674416893575
3023056,108.14326845992099
3023057,2.381800857259504
3023058,2.3097704258026712
3023059,48.201968381518824
3023060,8.663955501578695
3023061,57.68056891745687
3023062,1.8137437405402945
3023063,3.236341669573325
3023064,1.7470938312046247
3023065,1.7016637322005486
3023066,1.7470938312046247
3023067,707.1061244714823
3023068,1.7016637322005486
3023069,56.27488340391803
3023070,2.3638478840842767
3023071,486.03038435229
3023072,94.5131402826114
3023073,56.82405871032194
3023074,195.49743849546584
3023075,10.753800374939532
3023076,762.8539223296021
3023077,3.027164636702434
3023078,1.7016637322005486
3023079,3.7773755261092052
3023080,7.29587082108052
3023081,1.7016637322005486
3023082,92.30681165663681
3023083,2.3082182071243196
3023084,2.3638478840842767
3023085,1.7016637322005486
3023086,5.445331316936598
3023087,1.7016637322005486
3023088,10.879670623894667
3023089,123.3710645039122
3023090,2.2884731448403115
3023091,2.2340899785846355
3023092,10.730238946612415
3023093,7.2356638338288715
3023094,51.32089702567551
3023095,1.7470938312046247
3023096,2.9635004825037736
3023097,1.8137437405402945
3023098,1.7538126020153846
3023099,3.991577319003177
3023100,486.1809400989454
3023101,1.7538126020153846
3023102,66.74544419065599
3023103,2.475214610523442
3023104,400.2803355927507
3023105,67.71925894008801
3023106,17.746416122708112
3023107,108.62851565178889
3023108,15.09468410692995
3023109,809.6720114886227
3023110,3.230406970007997
3023111,1.7538126020153846
3023112,4.39956584596318
3023113,3.6698559596563474
3023114,1.7538126020153846
3023115,87.0830953962463
3023116,2.4011945193451787
3023117,2.475214610523442
3023118,1.7538126020153846
3023119,6.3793598021066025
3023120,1.7538126020153846
3023121,15.312674416893575
3023122,108.14326845992099
3023123,2.381800857259504
3023124,2.3097704258026712
3023125,15.1074809922398
3023126,8.663955501578695
3023127,57.68056891745687
3023128,1.8137437405402945
3023129,3.236341669573325
3023130,1.8137437405402945
3023131,1.7538126020153846
3023132,1.8137437405402945
3023133,658.8312289260099
3023134,1.7538126020153846
3023135,75.20074165434684
3023136,2.475214610523442
3023137,325.8394414824864
3023138,97.79208979053857
3023139,97.3259514687861
3023140,165.08129447142835
3023141,15.09468410692995
3023142,809.6720114886227
3023143,3.230406970007997
3023144,1.7538126020153846
3023145,4.39956584596318
3023146,8.906157588854217
3023147,1.7538126020153846
3023148,103.6454236975073
3023149,2.4011945193451787
3023150,2.475214610523442
3023151,1.7538126020153846
3023152,15.016225495132982
3023153,1.7538126020153846
3023154,15.312674416893575
3023155,116.74742374878278
3023156,2.381800857259504
3023157,2.3097704258026712
3023158,15.1074809922398
3023159,8.663955501578695
3023160,57.68056891745687
3023161,1.8137437405402945
3023162,3.236341669573325
3023163,1.7470938312046247
3023164,1.7016637322005486
3023165,1.7470938312046247
3023166,614.0207578875769
3023167,1.7016637322005486
3023168,56.27488340391803
3023169,2.3638478840842767
3023170,466.7431459776929
3023171,88.3561658025628
3023172,66.72665153656935
3023173,169.29441031059434
3023174,10.753800374939532
3023175,762.8539223296021
3023176,3.027164636702434
3023177,1.7016637322005486
3023178,3.7773755261092052
3023179,7.29587082108052
3023180,1.7016637322005486
3023181,76.49579642554005
3023182,2.3082182071243196
3023183,2.3638478840842767
3023184,1.7016637322005486
3023185,13.390477929421827
3023186,1.7016637322005486
3023187,10.879670623894667
3023188,123.3710645039122
3023189,2.2884731448403115
3023190,2.2340899785846355
3023191,37.53864671733966
3023192,7.2356638338288715
3023193,12.179916976837614
3023194,1.7470938312046247
3023195,2.9635004825037736
3023196,1.8137437405402945
3023197,1.7538126020153846
3023198,3.991577319003177
3023199,486.1809400989454
3023200,1.7538126020153846
3023201,75.20074165434684
3023202,2.475214610523442
3023203,288.65338612954474
3023204,76.29609805841478
3023205,75.9313859291
3023206,116.74742374878278
3023207,15.09468410692995
3023208,809.6720114886227
3023209,3.230406970007997
3023210,1.7538126020153846
3023211,9.280818314307579
3023212,3.6698559596563474
3023213,1.7538126020153846
3023214,74.64855325701873
3023215,2.4011945193451787
3023216,2.475214610523442
3023217,1.7538126020153846
3023218,6.3793598021066025
3023219,1.7538126020153846
3023220,15.312674416893575
3023221,103.6454236975073
3023222,2.381800857259504
3023223,2.3097704258026712
3023224,48.201968381518824
3023225,8.663955501578695
3023226,57.68056891745687
3023227,1.8137437405402945
3023228,3.236341669573325
3023229,1.7470938312046247
3023230,1.7016637322005486
3023231,1.7470938312046247
3023232,614.0207578875769
3023233,1.7016637322005486
3023234,66.08342784319925
3023235,2.3638478840842767
3023236,486.03038435229
3023237,94.5131402826114
3023238,87.77234258419001
3023239,195.49743849546584
3023240,10.753800374939532
3023241,762.8539223296021
3023242,2.957948006706167
3023243,1.7016637322005486
3023244,9.442638309616529
3023245,7.29587082108052
3023246,1.7016637322005486
3023247,92.30681165663681
3023248,2.3082182071243196
3023249,2.3638478840842767
3023250,1.7016637322005486
3023251,13.390477929421827
3023252,1.7016637322005486
3023253,10.879670623894667
3023254,108.3045120210087
3023255,2.2884731448403115
3023256,2.2340899785846355
3023257,10.730238946612415
3023258,7.2356638338288715
3023259,42.30143370872252
3023260,1.7951350325941688
3023261,2.9635004825037736
3023262,1.772597480762022
3023263,1.7267456148305858
3023264,4.013478092749234
3023265,736.88232774593
3023266,1.7267456148305858
3023267,123.93246220037845
3023268,2.472422937120056
3023269,130.53306721847756
3023270,104.34050936916569
3023271,94.2458071550521
3023272,10.774502327130289
3023273,10.871634977332844
3023274,765.5869629360012
3023275,3.085698853221623
3023276,1.7267456148305858
3023277,3.827281309301763
3023278,9.361420121919371
3023279,1.7267456148305858
3023280,76.52942499709688
3023281,2.414997698846263
3023282,2.472422937120056
3023283,4.013478092749234
3023284,16.324533976536234
3023285,1.7267456148305858
3023286,10.993747456700177
3023287,108.75156050413653
3023288,2.3328695812083526
3023289,2.277752208324305
3023290,10.842880832860487
3023291,7.309860200528782
3023292,12.409082225977572
3023293,1.772597480762022
3023294,3.0914305465031866
3023295,1.772597480762022
3023296,1.7267456148305858
3023297,4.013478092749234
3023298,735.5554714748697
3023299,1.7267456148305858
3023300,123.93246220037845
3023301,2.472422937120056
3023302,255.09209967477506
3023303,171.44566056747107
3023304,100.3990326906131
3023305,10.774502327130289
3023306,10.871634977332844
3023307,765.5869629360012
3023308,3.085698853221623
3023309,1.7267456148305858
3023310,8.410804415180587
3023311,9.361420121919371
3023312,1.7267456148305858
3023313,76.52942499709688
3023314,2.414997698846263
3023315,2.472422937120056
3023316,1.7267456148305858
3023317,16.324533976536234
3023318,1.7267456148305858
3023319,10.993747456700177
3023320,143.71162039363216
3023321,2.3328695812083526
3023322,2.277752208324305
3023323,10.842880832860487
3023324,7.309860200528782
3023325,43.054335556390896
3023326,1.772597480762022
3023327,6.9564200978362605
3023328,1.7470938312046247
3023329,1.7016637322005486
3023330,3.967361774304768
3023331,707.1061244714823
3023332,1.7016637322005486
3023333,56.27488340391803
3023334,2.3638478840842767
3023335,466.7431459776929
3023336,97.30879183745309
3023337,96.66647516317121
3023338,311.8097772241568
3023339,10.753800374939532
3023340,762.8539223296021
3023341,3.027164636702434
3023342,1.7016637322005486
3023343,3.7773755261092052
3023344,7.29587082108052
3023345,1.7016637322005486
3023346,95.03788438980592
3023347,2.3082182071243196
3023348,2.3638478840842767
3023349,3.967361774304768
3023350,5.445331316936598
3023351,1.7016637322005486
3023352,10.879670623894667
3023353,143.15722449988328
3023354,2.2884731448403115
3023355,2.2340899785846355
3023356,37.53864671733966
3023357,7.2356638338288715
3023358,42.30143370872252
3023359,9.217003358250393
3023360,2.9635004825037736
3023394,1.8137437405402945
3023395,1.7538126020153846
3023396,3.991577319003177
3023397,683.4432876569762
3023398,1.7538126020153846
3023399,75.20074165434684
3023400,2.475214610523442
3023401,325.8394414824864
3023402,97.79208979053857
3023403,105.41997935948878
3023404,143.40808875756395
3023405,15.09468410692995
3023406,809.6720114886227
3023407,3.230406970007997
3023408,1.7538126020153846
3023409,9.280818314307579
3023410,3.6698559596563474
3023411,1.7538126020153846
3023412,108.14326845992099
3023413,2.4011945193451787
3023414,2.475214610523442
3023415,1.7538126020153846
3023416,6.3793598021066025
3023417,1.7538126020153846
3023418,15.312674416893575
3023419,143.40808875756395
3023420,2.381800857259504
3023421,2.3097704258026712
3023422,15.1074809922398
3023423,8.663955501578695
3023424,57.68056891745687
3023425,1.8137437405402945
3023426,3.236341669573325
3023427,1.772597480762022
3023428,1.7267456148305858
3023429,4.013478092749234
3023430,732.1341348735066
3023431,1.7267456148305858
3023432,102.72354991320917
3023433,2.472422937120056
3023434,162.11820731948632
3023435,111.09019027762737
3023436,92.14824006990263
3023437,10.774502327130289
3023438,10.871634977332844
3023439,765.5869629360012
3023440,3.085698853221623
3023441,1.7267456148305858
3023442,8.410804415180587
3023443,8.399771020854613
3023444,1.7267456148305858
3023445,49.24623031080303
3023446,2.414997698846263
3023447,2.472422937120056
3023448,1.7267456148305858
3023449,16.324533976536234
3023450,1.7267456148305858
3023451,10.993747456700177
3023452,108.75156050413653
3023453,2.3328695812083526
3023454,5.398219979149273
3023455,10.842880832860487
3023456,7.309860200528782
3023457,43.054335556390896
3023458,1.772597480762022
3023459,3.0914305465031866
3023460,1.772597480762022
3023461,1.7267456148305858
3023462,1.772597480762022
3023463,718.5561031592042
3023464,1.7267456148305858
3023465,123.93246220037845
3023466,2.472422937120056
3023467,134.65138235283632
3023468,145.27412547084563
3023469,103.71809427400986
3023470,10.774502327130289
3023471,10.871634977332844
3023472,765.5869629360012
3023473,3.085698853221623
3023474,1.7267456148305858
3023475,3.827281309301763
3023476,8.399771020854613
3023477,1.7267456148305858
3023478,49.24623031080303
3023479,2.414997698846263
3023480,2.472422937120056
3023481,4.616621685359159
3023482,13.520123966339032
3023483,1.7267456148305858
3023484,10.993747456700177
3023485,95.45307983627225
3023486,2.3328695812083526
3023487,2.277752208324305
3023488,10.842880832860487
3023489,7.309860200528782
3023490,43.054335556390896
3023491,1.772597480762022
3023492,3.0914305465031866
3023493,1.7470938312046247
3023494,1.7016637322005486
3023495,1.7470938312046247
3023496,639.3809412803422
3023497,1.7016637322005486
3023498,56.27488340391803
3023499,2.3638478840842767
3023500,486.03038435229
3023501,97.30879183745309
3023502,96.66647516317121
3023503,339.23530019186154
3023504,37.616055674359814
3023505,762.8539223296021
3023506,2.957948006706167
3023507,1.7016637322005486
3023508,3.7773755261092052
3023509,3.2553750340815446
3023510,1.7016637322005486
3023511,86.29206168103369
3023512,2.3082182071243196
3023513,2.3638478840842767
3023514,1.7016637322005486
3023515,13.390477929421827
3023516,1.7016637322005486
3023517,10.879670623894667
3023518,95.03788438980592
3023519,2.2884731448403115
3023520,2.2340899785846355
3023521,10.730238946612415
3023522,7.2356638338288715
3023523,51.32089702567551
3023524,1.7951350325941688
3023525,2.9635004825037736
3023526,4.245381359345849
3023527,1.4143024133093034
3023528,4.245381359345849
3023529,1253.4391995400783
3023530,1.4143024133093034
3023531,138.93503609099514
3023532,1.7164465618095028
3023533,292.0808804179024
3023534,281.71390643746946
3023535,85.25967846779946
3023536,2.7094434245681347
3023537,2.738157207460168
3023538,1301.6131720805674
3023539,1.789922201977288
3023540,1.4143024133093034
3023541,6.5136419083908095
3023542,7.981875609027654
3023543,1.4143024133093034
3023544,66.25932312127756
3023545,11.03520214369587
3023546,1.7164465618095028
3023547,8.612679416258047
3023548,11.787685223967378
3023549,1.4327181711774921
3023550,2.775016104634192
3023551,279.6601486050438
3023552,1.7037899909980783
3023553,5.384737144465954
3023554,2.730985413470565
3023555,2.5500193740478516
3023556,36.263511307705045
3023557,14.298871006403997
3023558,5.6992581664699475
3023559,1.4616707397224218
3023560,1.4143024133093034
3023561,4.245381359345849
3023562,1253.4391995400783
3023563,1.4143024133093034
3023564,138.93503609099514
3023565,1.7164465618095028
3023566,724.124610819595
3023567,281.71390643746946
3023568,76.92041764426622
3023569,2.7094434245681347
3023570,2.738157207460168
3023571,1301.6131720805674
3023572,1.789922201977288
3023573,1.4143024133093034
3023574,2.1221462863301674
3023575,7.981875609027654
3023576,1.4143024133093034
3023577,66.25932312127756
3023578,7.5283815702350445
3023579,1.7164465618095028
3023580,8.612679416258047
3023581,14.410773374535433
3023582,1.4327181711774921
3023583,2.775016104634192
3023584,279.6601486050438
3023585,1.7037899909980783
3023586,1.6719897734538391
3023587,2.730985413470565
3023588,2.5500193740478516
3023589,29.965801416189542
3023590,13.09406493360963
3023591,5.6992581664699475
3023592,1.5279073522613027
3023593,1.4258495832343425
3023594,4.386519768764827
3023595,1324.3570314327444
3023596,1.4258495832343425
3023597,96.88689044123285
3023598,1.7895384727193426
3023599,308.6497668302943
3023600,240.1387205092468
3023601,85.61541776528627
3023602,2.919151224910571
3023603,2.9494882982967843
3023604,1375.2544469966028
3023605,1.8649911350088555
3023606,1.4258495832343425
3023607,2.2061544319039643
3023608,8.223552533966313
3023609,1.4258495832343425
3023610,70.06172771137487
3023611,11.359035468906939
3023612,1.7895384727193426
3023613,7.077205889937661
3023614,12.131765745290316
3023615,1.4981757518037089
3023616,2.9884309577404298
3023617,88.69959007168923
3023618,1.7765413493054196
3023619,6.679384081816573
3023620,20.676822689380057
3023621,2.6455403769139143
3023622,3.401537406195665
3023623,16.47554516704149
3023624,1.8657762258275317
3023625,1.5279073522613027
3023626,1.4258495832343425
3023627,4.386519768764827
3023628,1324.3570314327444
3023629,1.4258495832343425
3023630,238.27456966363948
3023631,1.7895384727193426
3023632,461.2436593865527
3023633,240.1387205092468
3023634,85.61541776528627
3023635,2.919151224910571
3023636,2.9494882982967843
3023637,1375.2544469966028
3023638,1.8649911350088555
3023639,1.4258495832343425
3023640,6.715812807939341
3023641,7.185549941223121
3023642,1.4258495832343425
3023643,58.2770523449872
3023644,7.757856250392752
3023645,1.7895384727193426
3023646,8.658655115922906
3023647,8.95269551125567
3023648,1.4981757518037089
3023649,2.9884309577404298
3023650,356.6394239274063
3023651,1.7765413493054196
3023652,1.743885477650279
3023653,2.9419110577293717
3023654,2.6455403769139143
3023655,38.37014782832649
3023656,14.710520450329135
3023657,5.879516297791133
3023658,1.5279073522613027
3023659,1.4258495832343425
3023660,4.386519768764827
3023661,1324.3570314327444
3023662,1.4258495832343425
3023663,84.79280085371927
3023664,1.7895384727193426
3023665,527.4902855708675
3023666,193.40267652748085
3023667,85.61541776528627
3023668,2.919151224910571
3023669,2.9494882982967843
3023670,1375.2544469966028
3023671,1.8649911350088555
3023672,1.4258495832343425
3023673,6.715812807939341
3023674,5.979290321624498
3023675,1.4258495832343425
3023676,58.2770523449872
3023677,11.359035468906939
3023678,1.7895384727193426
3023679,8.658655115922906
3023680,14.825433795387948
3023681,1.4981757518037089
3023682,2.9884309577404298
3023683,146.74771759539507
3023684,1.7765413493054196
3023685,6.679384081816573
3023686,20.676822689380057
3023687,2.6455403769139143
3023688,38.37014782832649
3023689,12.93273268371043
3023690,5.879516297791133
3023691,1.4616707397224218
3023692,1.4143024133093034
3023693,4.245381359345849
3023694,1253.4391995400783
3023695,1.4143024133093034
3023696,109.86562682428867
3023697,1.7164465618095028
3023698,362.03707269893494
3023699,281.71390643746946
3023700,80.98075895961234
3023701,2.7094434245681347
3023702,2.738157207460168
3023703,1301.6131720805674
3023704,1.789922201977288
3023705,1.4143024133093034
3023706,6.5136419083908095
3023707,7.981875609027654
3023708,1.4143024133093034
3023709,55.105227747089906
3023710,7.5283815702350445
3023711,1.7164465618095028
3023712,5.742360779751143
3023713,14.410773374535433
3023714,1.4327181711774921
3023715,2.775016104634192
3023716,279.6601486050438
3023717,1.7037899909980783
3023718,1.6719897734538391
3023719,2.730985413470565
3023720,2.5500193740478516
3023721,36.263511307705045
3023722,13.09406493360963
3023723,5.6992581664699475
3023757,1.5279073522613027
3023758,1.4258495832343425
3023759,4.386519768764827
3023760,1318.6031337104944
3023761,1.4258495832343425
3023762,116.13324815554355
3023763,1.7895384727193426
3023764,116.7249714827268
3023765,193.40267652748085
3023766,90.13623954699521
3023767,2.919151224910571
3023768,2.9494882982967843
3023769,1375.2544469966028
3023770,1.8649911350088555
3023771,1.4258495832343425
3023772,2.2061544319039643
3023773,1.9001069820143845
3023774,1.4258495832343425
3023775,36.197285895877535
3023776,11.359035468906939
3023777,1.7895384727193426
3023778,1.4258495832343425
3023779,12.131765745290316
3023780,1.4981757518037089
3023781,2.9884309577404298
3023782,88.69959007168923
3023783,1.7765413493054196
3023784,1.743885477650279
3023785,2.9419110577293717
3023786,2.6455403769139143
3023787,31.716406387765794
3023788,13.473296446192265
3023789,1.8657762258275317
3023790,1.5279073522613027
3023791,1.4258495832343425
3023792,1.5279073522613027
3023793,1324.3570314327444
3023794,1.4258495832343425
3023795,80.54365680716035
3023796,1.7895384727193426
3023797,116.7249714827268
3023798,117.76227751234957
3023799,75.2847424309592
3023800,2.919151224910571
3023801,2.9494882982967843
3023802,1375.2544469966028
3023803,1.8649911350088555
3023804,1.4258495832343425
3023805,6.715812807939341
3023806,7.185549941223121
3023807,1.4258495832343425
3023808,3.1586139324033855
3023809,1.7567297373605153
3023810,1.7895384727193426
3023811,1.4258495832343425
3023812,14.825433795387948
3023813,1.4981757518037089
3023814,2.9884309577404298
3023815,146.74771759539507
3023816,1.7765413493054196
3023817,5.556532402693007
3023818,2.9419110577293717
3023819,2.6455403769139143
3023820,23.204337570654467
3023821,1.5279073522613027
3023822,5.879516297791133
3023823,1.4616707397224218
3023824,1.4143024133093034
3023825,4.245381359345849
3023826,1253.4391995400783
3023827,1.4143024133093034
3023828,109.86562682428867
3023829,1.7164465618095028
3023830,235.27772210098445
3023831,281.71390643746946
3023832,67.33656406735533
3023833,2.7094434245681347
3023834,2.738157207460168
3023835,1301.6131720805674
3023836,1.789922201977288
3023837,1.4143024133093034
3023838,6.5136419083908095
3023839,5.796417896170981
3023840,1.4143024133093034
3023841,43.292077313053
3023842,1.6844974859195672
3023843,1.7164465618095028
3023844,1.4143024133093034
3023845,18.739677015103155
3023846,1.4327181711774921
3023847,2.775016104634192
3023848,181.35522391923158
3023849,1.7037899909980783
3023850,1.6719897734538391
3023851,2.730985413470565
3023852,2.5500193740478516
3023853,36.263511307705045
3023854,1.4616707397224218
3023855,5.6992581664699475
3023856,1.772597480762022
3023857,1.7267456148305858
3023858,4.013478092749234
3023859,721.5853568276657
3023860,1.7267456148305858
3023861,109.55268009849462
3023862,2.472422937120056
3023863,134.65138235283632
3023864,111.09019027762737
3023865,100.3990326906131
3023866,10.774502327130289
3023867,10.871634977332844
3023868,765.5869629360012
3023869,3.085698853221623
3023870,1.7267456148305858
3023871,3.827281309301763
3023872,7.391532074369735
3023873,1.7267456148305858
3023874,49.24623031080303
3023875,2.414997698846263
3023876,2.472422937120056
3023877,1.7267456148305858
3023878,13.520123966339032
3023879,1.7267456148305858
3023880,10.993747456700177
3023881,86.53219369918367
3023882,2.3328695812083526
3023883,2.277752208324305
3023884,10.842880832860487
3023885,7.309860200528782
3023886,43.054335556390896
3023887,1.772597480762022
3023888,3.0914305465031866
3023889,1.8137437405402945
3023890,1.7538126020153846
3023891,1.8137437405402945
3023892,762.5287494984318
3023893,1.7538126020153846
3023894,66.74544419065599
3023895,2.475214610523442
3023896,400.2803355927507
3023897,76.29609805841478
3023898,88.5767904871286
3023899,112.4281029886414
3023900,15.09468410692995
3023901,809.6720114886227
3023902,3.230406970007997
3023903,1.7538126020153846
3023904,4.39956584596318
3023905,3.6698559596563474
3023906,1.7538126020153846
3023907,108.14326845992099
3023908,2.4011945193451787
3023909,2.475214610523442
3023910,1.7538126020153846
3023911,6.3793598021066025
3023912,1.7538126020153846
3023913,15.312674416893575
3023914,116.74742374878278
3023915,2.381800857259504
3023916,2.3097704258026712
3023917,15.1074809922398
3023918,8.663955501578695
3023919,57.68056891745687
3023920,1.8137437405402945
3023921,3.236341669573325
3024054,1.7747904673466968
3024055,1.7289023348718593
3024056,4.017443504344767
3024057,735.8976560517464
3024058,1.7289023348718593
3024059,77.331194410588
3024060,2.478982317425468
3024061,162.61083237323837
3024062,126.05250858175103
3024063,92.42955236192326
3024064,10.81006190651216
3024065,10.907487902122408
3024066,767.9020934786168
3024067,3.0934167070306104
3024068,1.7289023348718593
3024069,3.836400006684629
3024070,8.417527116245664
3024071,1.7289023348718593
3024072,65.85266654875348
3024073,2.421448603316851
3024074,2.478982317425468
3024075,1.7289023348718593
3024076,18.71179130966769
3024077,1.7289023348718593
3024078,11.02996916721698
3024079,76.76356769510824
3024080,2.3355057151335883
3024081,5.403280652643146
3024082,10.878646918711596
3024083,7.325557462736501
3024084,43.18738182865019
3024085,1.7747904673466968
3024086,3.0991592274368385
3024417,1.7747904673466968
3024418,1.7289023348718593
3024419,1.7747904673466968
3024420,739.1107688705719
3024421,1.7289023348718593
3024422,99.73933233785394
3024423,6.531161916123162
3024424,135.06105623671024
3024425,111.42870819612338
3024426,100.70526278442351
3024427,10.81006190651216
3024428,10.907487902122408
3024429,767.9020934786168
3024430,3.0934167070306104
3024431,1.7289023348718593
3024432,3.836400006684629
3024433,8.417527116245664
3024434,1.7289023348718593
3024435,56.07786266931258
3024436,2.421448603316851
3024437,2.478982317425468
3024438,1.7289023348718593
3024439,13.547552369186745
3024440,1.7289023348718593
3024441,38.52338344222329
3024442,102.28289786989494
3024443,2.3355057151335883
3024444,2.280344747151386
3024445,10.878646918711596
3024446,7.325557462736501
3024447,59.468024190162105
3024448,1.7747904673466968
3024449,6.971449714399797
3024780,1.7747904673466968
3024781,1.7289023348718593
3024782,4.017443504344767
3024783,739.1107688705719
3024784,1.7289023348718593
3024785,103.0368001639998
3024786,2.478982317425468
3024787,162.61083237323837
3024788,257.05477299358427
3024789,92.42955236192326
3024790,10.81006190651216
3024791,38.120982244220784
3024792,767.9020934786168
3024793,3.0934167070306104
3024794,1.7289023348718593
3024795,3.836400006684629
3024796,9.380992765089442
3024797,1.7289023348718593
3024798,92.94043160478408
3024799,2.421448603316851
3024800,2.478982317425468
3024801,4.62106415351137
3024802,13.547552369186745
3024803,1.7289023348718593
3024804,11.02996916721698
3024805,224.09959805322742
3024806,2.3355057151335883
3024807,2.280344747151386
3024808,10.878646918711596
3024809,7.325557462736501
3024810,52.391383528839256
3024811,1.7747904673466968
3024812,6.971449714399797
3025143,1.7747904673466968
3025144,1.7289023348718593
3025145,4.017443504344767
3025146,739.1107688705719
3025147,1.7289023348718593
3025148,99.73933233785394
3025149,2.478982317425468
3025150,143.77915261924804
3025151,171.96645499135772
3025152,94.53345420341326
3025153,10.81006190651216
3025154,10.907487902122408
3025155,767.9020934786168
3025156,3.0934167070306104
3025157,1.7289023348718593
3025158,9.571657118938417
3025159,7.407383614120969
3025160,1.7289023348718593
3025161,65.85266654875348
3025162,2.421448603316851
3025163,2.478982317425468
3025164,1.7289023348718593
3025165,13.547552369186745
3025166,1.7289023348718593
3025167,11.02996916721698
3025168,124.22641859134679
3025169,2.3355057151335883
3025170,2.280344747151386
3025171,10.878646918711596
3025172,7.325557462736501
3025173,59.468024190162105
3025174,1.7747904673466968
3025175,6.971449714399797
3025506,1.7747904673466968
3025507,1.7289023348718593
3025508,4.017443504344767
3025509,723.7676003435625
3025510,1.7289023348718593
3025511,109.88655466020607
3025512,2.478982317425468
3025513,255.86551048182656
3025514,198.46972337625127
3025515,100.70526278442351
3025516,10.81006190651216
3025517,10.907487902122408
3025518,767.9020934786168
3025519,3.0934167070306104
3025520,1.7289023348718593
3025521,8.428581352568932
3025522,8.417527116245664
3025523,1.7289023348718593
3025524,65.85266654875348
3025525,2.421448603316851
3025526,2.478982317425468
3025527,1.7289023348718593
3025528,16.357259888392008
3025529,1.7289023348718593
3025530,11.02996916721698
3025531,144.1486566444987
3025532,2.3355057151335883
3025533,2.280344747151386
3025534,10.878646918711596
3025535,7.325557462736501
3025536,43.18738182865019
3025537,1.7747904673466968
3025538,6.971449714399797
3025704,1.7747904673466968
3025705,1.7289023348718593
3025706,4.017443504344767
3025707,739.1107688705719
3025708,1.7289023348718593
3025709,109.88655466020607
3025710,2.478982317425468
3025711,143.77915261924804
3025712,225.74678617336332
3025713,100.70526278442351
3025714,10.81006190651216
3025715,10.907487902122408
3025716,767.9020934786168
3025717,3.0934167070306104
3025718,1.7289023348718593
3025719,3.836400006684629
3025720,7.407383614120969
3025721,1.7289023348718593
3025722,49.39797641146495
3025723,2.421448603316851
3025724,2.478982317425468
3025725,6.35884617809214
3025726,13.547552369186745
3025727,1.7289023348718593
3025728,11.02996916721698
3025729,170.41985498507714
3025730,2.3355057151335883
3025731,2.280344747151386
3025732,10.878646918711596
3025733,7.325557462736501
3025734,43.18738182865019
3025735,1.7747904673466968
3025736,6.971449714399797
3025737,1.7747904673466968
3025738,1.7289023348718593
3025739,1.7747904673466968
3025740,739.1107688705719
3025741,1.7289023348718593
3025742,99.73933233785394
3025743,2.478982317425468
3025744,187.93217937571424
3025745,225.74678617336332
3025746,104.03434809795925
3025747,10.81006190651216
3025748,38.120982244220784
3025749,767.9020934786168
3025750,3.0934167070306104
3025751,1.7289023348718593
3025752,8.428581352568932
3025753,9.380992765089442
3025754,1.7289023348718593
3025755,65.85266654875348
3025756,2.421448603316851
3025757,2.478982317425468
3025758,4.62106415351137
3025759,13.547552369186745
3025760,1.7289023348718593
3025761,11.02996916721698
3025762,102.28289786989494
3025763,2.3355057151335883
3025764,2.280344747151386
3025765,10.878646918711596
3025766,7.325557462736501
3025767,43.18738182865019
3025768,1.7747904673466968
3025769,6.971449714399797
3025770,1.7747904673466968
3025771,1.7289023348718593
3025772,1.7747904673466968
3025773,11.961240061181453
3025774,1.7289023348718593
3025775,11.788192462769828
3025776,2.478982317425468
3025777,11.961240061181453
3025778,11.951834748221826
3025779,11.910810949211184
3025780,10.81006190651216
3025781,10.907487902122408
3025782,11.961240061181453
3025783,3.0934167070306104
3025784,1.7289023348718593
3025785,3.836400006684629
3025786,3.31257563010327
3025787,1.7289023348718593
3025788,11.695522872586942
3025789,2.421448603316851
3025790,2.478982317425468
3025791,1.7289023348718593
3025792,5.515683171174687
3025793,1.7289023348718593
3025794,11.02996916721698
3025795,11.695522872586942
3025796,2.3355057151335883
3025797,2.280344747151386
3025798,10.878646918711596
3025799,7.325557462736501
3025800,12.449578317498494
3025801,1.7747904673466968
3025802,3.0991592274368385
3025803,1.7492666456720958
3025804,1.7038006137212625
3025805,3.9712907101881276
3025806,615.8781509946483
3025807,1.7038006137212625
3025808,56.44785638455067
3025809,2.366508520304957
3025810,529.1937238091136
3025811,101.00988004619936
3025812,96.96143274864046
3025813,37.43184863112814
3025814,10.789297433401892
3025815,765.1607989544127
3025816,3.034771919825194
3025817,1.7038006137212625
3025818,9.462364373320465
3025819,8.31016978997425
3025820,1.7038006137212625
3025821,92.58860284269225
3025822,2.3108348430398244
3025823,5.495175302014641
3025824,4.569358974052223
3025825,13.417661431899782
3025826,1.7038006137212625
3025827,10.915547816734282
3025828,108.63461705339323
3025829,2.2910741633944784
3025830,2.2366479827615406
3025831,10.76566484839591
3025832,7.251220939668757
3025833,432.6910731736353
3025834,9.873877399498495
3025835,2.9666354140785125
3024087,1.8116841580619032
3024088,1.7517968874703223
3024089,1.8116841580619032
3024090,373.62757554825816
3024091,1.7517968874703223
3024092,65.10493378774729
3024093,2.4726708496907266
3024094,317.9247616063916
3024095,103.68875547229122
3024096,65.73877527480319
3024097,46.733299786547505
3024098,14.704938390086753
3024099,790.040936896342
3024100,3.2273104292866943
3024101,1.7517968874703223
3024102,4.335134770418882
3024103,3.614132249509807
3024104,1.7517968874703223
3024105,93.3450258681016
3024106,2.398704939168876
3024107,2.4726708496907266
3024108,1.7517968874703223
3024109,6.291304557955158
3024110,1.7517968874703223
3024111,14.917649889415943
3024112,113.89607520596488
3024113,2.3793254727066504
3024114,2.307347765530427
3024115,14.717425388529287
3024116,8.54863899933723
3024117,434.11645368424723
3024118,6.297028541052821
3024119,3.2332407848163296
3024120,1.7470938312046247
3024121,1.7016637322005486
3024122,3.967361774304768
3024123,694.0360162322053
3024124,1.7016637322005486
3024125,66.08342784319925
3024126,2.3638478840842767
3024127,513.8563571624911
3024128,144.71374355885982
3024129,110.15807554852333
3024130,37.31613201736193
3024131,10.753800374939532
3024132,762.8539223296021
3024133,3.027164636702434
3024134,1.7016637322005486
3024135,8.313512889222368
3024136,3.2553750340815446
3024137,1.7016637322005486
3024138,76.49579642554005
3024139,2.3082182071243196
3024140,2.3638478840842767
3024141,1.7016637322005486
3024142,16.16984816416285
3024143,1.7016637322005486
3024144,10.879670623894667
3024145,143.15722449988328
3024146,2.2884731448403115
3024147,2.2340899785846355
3024148,10.730238946612415
3024149,7.2356638338288715
3024150,431.38524833835453
3024151,10.336959725160186
3024152,2.9635004825037736
3024153,1.8116841580619032
3024154,1.7517968874703223
3024155,1.8116841580619032
3024156,373.62757554825816
3024157,1.7517968874703223
3024158,73.3554794247347
3024159,2.4726708496907266
3024160,317.9247616063916
3024161,109.94401891065074
3024162,86.40761647979998
3024163,46.733299786547505
3024164,46.972360325927106
3024165,790.040936896342
3024166,3.2273104292866943
3024167,1.7517968874703223
3024168,4.335134770418882
3024169,7.785346209059101
3024170,1.7517968874703223
3024171,101.11135062080838
3024172,2.398704939168876
3024173,2.4726708496907266
3024174,6.297028541052821
3024175,6.291304557955158
3024176,1.7517968874703223
3024177,14.917649889415943
3024178,105.50027645573462
3024179,2.3793254727066504
3024180,2.307347765530427
3024181,14.717425388529287
3024182,8.54863899933723
3024183,434.11645368424723
3024184,7.783735405607523
3024185,3.2332407848163296
3024186,1.8116841580619032
3024187,1.7517968874703223
3024188,1.8116841580619032
3024189,284.4327258138796
3024190,1.7517968874703223
3024191,65.10493378774729
3024192,2.4726708496907266
3024193,456.84416843654134
3024194,108.18846271076332
3024195,65.73877527480319
3024196,46.733299786547505
3024197,46.972360325927106
3024198,790.040936896342
3024199,3.2273104292866943
3024200,1.7517968874703223
3024201,4.335134770418882
3024202,3.614132249509807
3024203,1.7517968874703223
3024204,105.50027645573462
3024205,2.398704939168876
3024206,2.4726708496907266
3024207,1.7517968874703223
3024208,6.291304557955158
3024209,1.7517968874703223
3024210,14.917649889415943
3024211,107.21261140376717
3024212,2.3793254727066504
3024213,2.307347765530427
3024214,14.717425388529287
3024215,8.54863899933723
3024216,434.11645368424723
3024217,6.297028541052821
3024218,3.2332407848163296
3024219,1.8137437405402945
3024220,1.7538126020153846
3024221,3.991577319003177
3024222,382.92461889568375
3024223,1.7538126020153846
3024224,66.74544419065599
3024225,2.475214610523442
3024226,366.5555096292896
3024227,110.89816679321126
3024228,97.3259514687861
3024229,47.917885722544696
3024230,15.09468410692995
3024231,809.6720114886227
3024232,3.230406970007997
3024233,1.7538126020153846
3024234,4.39956584596318
3024235,3.6698559596563474
3024236,1.7538126020153846
3024237,95.68636391249427
3024238,2.4011945193451787
3024239,2.475214610523442
3024240,1.7538126020153846
3024241,6.3793598021066025
3024242,1.7538126020153846
3024243,15.312674416893575
3024244,109.8980980166696
3024245,2.381800857259504
3024246,2.3097704258026712
3024247,15.1074809922398
3024248,8.663955501578695
3024249,444.91463511859666
3024250,1.8137437405402945
3024251,3.236341669573325
3024252,1.8116841580619032
3024253,1.7517968874703223
3024254,1.8116841580619032
3024255,642.8528851694794
3024256,1.7517968874703223
3024257,73.3554794247347
3024258,2.4726708496907266
3024259,484.75725332500235
3024260,109.94401891065074
3024261,102.8429339905745
3024262,46.733299786547505
3024263,14.704938390086753
3024264,790.040936896342
3024265,3.2273104292866943
3024266,1.7517968874703223
3024267,10.328380891427697
3024268,7.785346209059101
3024269,1.7517968874703223
3024270,101.11135062080838
3024271,2.398704939168876
3024272,2.4726708496907266
3024273,1.7517968874703223
3024274,6.291304557955158
3024275,1.7517968874703223
3024276,14.917649889415943
3024277,125.49865740827957
3024278,2.3793254727066504
3024279,2.307347765530427
3024280,14.717425388529287
3024281,8.54863899933723
3024282,434.11645368424723
3024283,5.197540350450389
3024284,3.2332407848163296
3024285,1.8137437405402945
3024286,1.7538126020153846
3024287,1.8137437405402945
3024288,575.1131154794618
3024289,1.7538126020153846
3024290,66.74544419065599
3024291,2.475214610523442
3024292,325.8394414824864
3024293,110.89816679321126
3024294,105.41997935948878
3024295,47.917885722544696
3024296,48.162878970412216
3024297,809.6720114886227
3024298,3.230406970007997
3024299,1.7538126020153846
3024300,4.39956584596318
3024301,3.6698559596563474
3024302,1.7538126020153846
3024303,103.6454236975073
3024304,2.4011945193451787
3024305,2.475214610523442
3024306,1.7538126020153846
3024307,15.016225495132982
3024308,1.7538126020153846
3024309,15.312674416893575
3024310,108.14326845992099
3024311,2.381800857259504
3024312,2.3097704258026712
3024313,15.1074809922398
3024314,8.663955501578695
3024315,444.91463511859666
3024316,1.8137437405402945
3024317,3.236341669573325
3024318,1.8137437405402945
3024319,1.7538126020153846
3024320,3.991577319003177
3024321,530.881922636589
3024322,1.7538126020153846
3024323,75.20074165434684
3024324,2.475214610523442
3024325,400.2803355927507
3024326,131.4003212002151
3024327,109.9940976521519
3024328,47.917885722544696
3024329,48.162878970412216
3024330,809.6720114886227
3024331,3.230406970007997
3024332,1.7538126020153846
3024333,9.280818314307579
3024334,7.891444616997589
3024335,1.7538126020153846
3024336,113.01093699762731
3024337,2.4011945193451787
3024338,2.475214610523442
3024339,5.202080101289157
3024340,6.3793598021066025
3024341,1.7538126020153846
3024342,15.312674416893575
3024343,120.60161190362403
3024344,2.381800857259504
3024345,2.3097704258026712
3024346,48.201968381518824
3024347,8.663955501578695
3024348,444.91463511859666
3024349,9.4058471114399
3024350,3.236341669573325
3024351,1.745083034613688
3024352,1.6996861891836859
3024353,3.963725803080102
3024354,623.8736018784739
3024355,1.6996861891836859
3024356,54.88792604948582
3024357,2.3613856406104965
3024358,474.23655199045675
3024359,107.93031813809327
3024360,97.5176574657505
3024361,36.38827607184915
3024362,10.469172648025017
3024363,744.3565854111564
3024364,2.979109930761456
3024365,1.6996861891836859
3024366,3.7203688236802774
3024367,7.196879180858485
3024368,1.6996861891836859
3024369,88.07583068461061
3024370,2.305796683033152
3024371,6.27157288318217
3024372,3.963725803080102
3024373,13.218761536467317
3024374,1.6996861891836859
3024375,10.591994847693682
3024376,90.04731218750396
3024377,2.286066073587805
3024378,2.231722714303434
3024379,36.60540239945031
3024380,7.137390621912848
3024381,420.91469188341364
3024382,10.328661384671047
3024383,2.960599309938111
3024384,1.8116841580619032
3024385,1.7517968874703223
3024386,3.987923622670553
3024387,518.0019742115888
3024388,1.7517968874703223
3024389,54.34552670986074
3024390,2.4726708496907266
3024391,248.98708300286827
3024392,109.94401891065074
3024393,102.8429339905745
3024394,46.733299786547505
3024395,46.972360325927106
3024396,790.040936896342
3024397,3.2273104292866943
3024398,1.7517968874703223
3024399,9.158141010175507
3024400,3.614132249509807
3024401,1.7517968874703223
3024402,93.3450258681016
3024403,2.398704939168876
3024404,2.4726708496907266
3024405,1.7517968874703223
3024406,6.291304557955158
3024407,1.7517968874703223
3024408,14.917649889415943
3024409,117.65693109561377
3024410,2.3793254727066504
3024411,2.307347765530427
3024412,14.717425388529287
3024413,8.54863899933723
3024414,434.11645368424723
3024415,7.783735405607523
3024416,3.2332407848163296
3024450,1.7470938312046247
3024451,1.7016637322005486
3024452,1.7470938312046247
3024453,639.3809412803422
3024454,1.7016637322005486
3024455,49.57193958862078
3024456,2.3638478840842767
3024457,466.7431459776929
3024458,110.63361590814291
3024459,96.66647516317121
3024460,37.31613201736193
3024461,10.753800374939532
3024462,762.8539223296021
3024463,3.027164636702434
3024464,1.7016637322005486
3024465,8.313512889222368
3024466,7.29587082108052
3024467,1.7016637322005486
3024468,90.28640436667553
3024469,2.3082182071243196
3024470,7.022407254807147
3024471,3.967361774304768
3024472,13.390477929421827
3024473,1.7016637322005486
3024474,10.879670623894667
3024475,123.3710645039122
3024476,2.2884731448403115
3024477,2.2340899785846355
3024478,37.53864671733966
3024479,7.2356638338288715
3024480,431.38524833835453
3024481,10.699723005475798
3024482,2.9635004825037736
3024483,1.7470938312046247
3024484,1.7016637322005486
3024485,1.7470938312046247
3024486,578.6798000211292
3024487,1.7016637322005486
3024488,56.27488340391803
3024489,2.3638478840842767
3024490,513.8563571624911
3024491,100.70273276314921
3024492,96.66647516317121
3024493,37.31613201736193
3024494,37.616055674359814
3024495,762.8539223296021
3024496,3.027164636702434
3024497,1.7016637322005486
3024498,8.313512889222368
3024499,8.292616109389403
3024500,1.7016637322005486
3024501,95.03788438980592
3024502,2.3082182071243196
3024503,6.27689937195496
3024504,1.7016637322005486
3024505,5.445331316936598
3024506,1.7016637322005486
3024507,10.879670623894667
3024508,98.27899387092712
3024509,2.2884731448403115
3024510,2.2340899785846355
3024511,10.730238946612415
3024512,7.2356638338288715
3024513,431.38524833835453
3024514,1.7470938312046247
3024515,2.9635004825037736
3024516,1.8137437405402945
3024517,1.7538126020153846
3024518,3.991577319003177
3024519,620.9153255010013
3024520,1.7538126020153846
3024521,66.74544419065599
3024522,2.475214610523442
3024523,219.68998904626955
3024524,106.28679139153581
3024525,97.3259514687861
3024526,47.917885722544696
3024527,48.162878970412216
3024528,809.6720114886227
3024529,3.230406970007997
3024530,1.7538126020153846
3024531,10.465190887129623
3024532,7.891444616997589
3024533,1.7538126020153846
3024534,103.6454236975073
3024535,2.4011945193451787
3024536,2.475214610523442
3024537,1.7538126020153846
3024538,15.016225495132982
3024539,1.7538126020153846
3024540,15.312674416893575
3024541,109.8980980166696
3024542,2.381800857259504
3024543,2.3097704258026712
3024544,15.1074809922398
3024545,8.663955501578695
3024546,444.91463511859666
3024547,10.072648541314715
3024548,3.236341669573325
3024549,1.772597480762022
3024550,1.7267456148305858
3024551,4.013478092749234
3024552,735.5554714748697
3024553,1.7267456148305858
3024554,96.1571286155158
3024555,2.472422937120056
3024556,118.80718242548464
3024557,101.14241874545438
3024558,88.01654671192085
3024559,10.774502327130289
3024560,38.003190679314315
3024561,765.5869629360012
3024562,3.085698853221623
3024563,1.7267456148305858
3024564,3.827281309301763
3024565,7.391532074369735
3024566,1.7267456148305858
3024567,40.584413391244816
3024568,2.414997698846263
3024569,2.472422937120056
3024570,5.243824832799564
3024571,16.324533976536234
3024572,1.7267456148305858
3024573,10.993747456700177
3024574,108.75156050413653
3024575,2.3328695812083526
3024576,2.277752208324305
3024577,10.842880832860487
3024578,7.309860200528782
3024579,52.23062441039167
3024580,1.772597480762022
3024581,6.9564200978362605
3024582,1.772597480762022
3024583,1.7267456148305858
3024584,1.772597480762022
3024585,735.5554714748697
3024586,1.7267456148305858
3024587,123.93246220037845
3024588,2.472422937120056
3024589,143.3432289288256
3024590,225.06406152667265
3024591,100.3990326906131
3024592,10.774502327130289
3024593,38.003190679314315
3024594,765.5869629360012
3024595,3.085698853221623
3024596,1.7267456148305858
3024597,3.827281309301763
3024598,10.897437610839383
3024599,1.7267456148305858
3024600,49.24623031080303
3024601,2.414997698846263
3024602,2.472422937120056
3024603,1.7267456148305858
3024604,16.324533976536234
3024605,1.7267456148305858
3024606,10.993747456700177
3024607,90.5949909731209
3024608,2.3328695812083526
3024609,2.277752208324305
3024610,10.842880832860487
3024611,7.309860200528782
3024612,52.23062441039167
3024613,1.772597480762022
3024614,3.0914305465031866
3024615,1.772597480762022
3024616,1.7267456148305858
3024617,1.772597480762022
3024618,735.5554714748697
3024619,1.7267456148305858
3024620,99.43601061833184
3024621,2.472422937120056
3024622,134.65138235283632
3024623,125.66995904049185
3024624,94.2458071550521
3024625,10.774502327130289
3024626,38.003190679314315
3024627,764.2084901350712
3024628,3.085698853221623
3024629,1.7267456148305858
3024630,3.827281309301763
3024631,7.391532074369735
3024632,1.7267456148305858
3024633,40.584413391244816
3024634,2.414997698846263
3024635,2.472422937120056
3024636,1.7267456148305858
3024637,16.324533976536234
3024638,1.7267456148305858
3024639,10.993747456700177
3024640,95.45307983627225
3024641,2.3328695812083526
3024642,2.277752208324305
3024643,10.842880832860487
3024644,7.309860200528782
3024645,12.409082225977572
3024646,1.772597480762022
3024647,6.9564200978362605
3024648,1.772597480762022
3024649,1.7267456148305858
3024650,1.772597480762022
3024651,727.3448636559352
3024652,1.7267456148305858
3024653,77.0953426133858
3024654,2.472422937120056
3024655,73.49868721374553
3024656,94.87220398148528
3024657,50.09829559317031
3024658,10.774502327130289
3024659,10.871634977332844
3024660,765.5869629360012
3024661,3.085698853221623
3024662,1.7267456148305858
3024663,8.410804415180587
3024664,3.304444567317459
3024665,1.7267456148305858
3024666,49.24623031080303
3024667,2.414997698846263
3024668,2.472422937120056
3024669,1.7267456148305858
3024670,5.5033983016439505
3024671,1.7267456148305858
3024672,10.993747456700177
3024673,65.6513760964384
3024674,2.3328695812083526
3024675,2.277752208324305
3024676,37.90872151968995
3024677,7.309860200528782
3024678,43.054335556390896
3024679,1.772597480762022
3024680,3.0914305465031866
3024681,1.772597480762022
3024682,1.7267456148305858
3024683,4.013478092749234
3024684,733.6788894691388
3024685,1.7267456148305858
3024686,102.72354991320917
3024687,2.472422937120056
3024688,162.11820731948632
3024689,125.66995904049185
3024690,97.08871140897986
3024691,10.774502327130289
3024692,38.003190679314315
3024693,765.5869629360012
3024694,3.085698853221623
3024695,1.7267456148305858
3024696,3.827281309301763
3024697,8.399771020854613
3024698,1.7267456148305858
3024699,55.90600372355906
3024700,2.414997698846263
3024701,2.472422937120056
3024702,1.7267456148305858
3024703,16.324533976536234
3024704,1.7267456148305858
3024705,10.993747456700177
3024706,169.9037173061026
3024707,2.3328695812083526
3024708,2.277752208324305
3024709,37.90872151968995
3024710,7.309860200528782
3024711,12.409082225977572
3024712,1.772597480762022
3024713,3.0914305465031866
3024714,1.7470938312046247
3024715,1.7016637322005486
3024716,3.967361774304768
3024717,719.0091910209362
3024718,1.7016637322005486
3024719,56.27488340391803
3024720,2.3638478840842767
3024721,544.2946080028023
3024722,103.88705676928235
3024723,96.66647516317121
3024724,37.31613201736193
3024725,37.616055674359814
3024726,762.8539223296021
3024727,2.957948006706167
3024728,1.7016637322005486
3024729,3.7773755261092052
3024730,7.29587082108052
3024731,1.7016637322005486
3024732,95.03788438980592
3024733,2.3082182071243196
3024734,5.490042001871784
3024735,1.7016637322005486
3024736,5.445331316936598
3024737,1.7016637322005486
3024738,10.879670623894667
3024739,123.3710645039122
3024740,2.2884731448403115
3024741,2.2340899785846355
3024742,37.53864671733966
3024743,7.2356638338288715
3024744,431.38524833835453
3024745,1.7951350325941688
3024746,2.9635004825037736
3024747,1.7470938312046247
3024748,1.7016637322005486
3024749,1.7470938312046247
3024750,715.9907372664882
3024751,1.7016637322005486
3024752,56.27488340391803
3024753,2.3638478840842767
3024754,404.3281564238613
3024755,110.63361590814291
3024756,96.66647516317121
3024757,37.31613201736193
3024758,37.616055674359814
3024759,762.8539223296021
3024760,2.957948006706167
3024761,1.7016637322005486
3024762,8.313512889222368
3024763,7.29587082108052
3024764,1.7016637322005486
3024765,98.27899387092712
3024766,2.3082182071243196
3024767,7.022407254807147
3024768,1.7016637322005486
3024769,13.390477929421827
3024770,1.7016637322005486
3024771,10.879670623894667
3024772,95.03788438980592
3024773,2.2884731448403115
3024774,2.2340899785846355
3024775,37.53864671733966
3024776,7.2356638338288715
3024777,431.38524833835453
3024778,1.7951350325941688
3024779,2.9635004825037736
3024813,1.8137437405402945
3024814,1.7538126020153846
3024815,1.8137437405402945
3024816,658.8312289260099
3024817,1.7538126020153846
3024818,75.20074165434684
3024819,2.475214610523442
3024820,400.2803355927507
3024821,97.79208979053857
3024822,75.9313859291
3024823,47.917885722544696
3024824,48.162878970412216
3024825,809.6720114886227
3024826,3.230406970007997
3024827,1.7538126020153846
3024828,9.280818314307579
3024829,3.6698559596563474
3024830,1.7538126020153846
3024831,103.6454236975073
3024832,2.4011945193451787
3024833,2.475214610523442
3024834,1.7538126020153846
3024835,6.3793598021066025
3024836,1.7538126020153846
3024837,15.312674416893575
3024838,103.6454236975073
3024839,2.381800857259504
3024840,2.3097704258026712
3024841,15.1074809922398
3024842,8.663955501578695
3024843,444.91463511859666
3024844,1.8137437405402945
3024845,3.236341669573325
3024846,1.7470938312046247
3024847,1.7016637322005486
3024848,1.7470938312046247
3024849,614.0207578875769
3024850,1.7016637322005486
3024851,56.27488340391803
3024852,2.3638478840842767
3024853,537.5375730796179
3024854,92.44495853373523
3024855,91.8344205149887
3024856,37.31613201736193
3024857,37.616055674359814
3024858,762.8539223296021
3024859,3.027164636702434
3024860,1.7016637322005486
3024861,3.7773755261092052
3024862,7.29587082108052
3024863,1.7016637322005486
3024864,95.03788438980592
3024865,2.3082182071243196
3024866,2.3638478840842767
3024867,4.564957369801719
3024868,13.390477929421827
3024869,1.7016637322005486
3024870,10.879670623894667
3024871,98.27899387092712
3024872,2.2884731448403115
3024873,2.2340899785846355
3024874,10.730238946612415
3024875,7.2356638338288715
3024876,431.38524833835453
3024877,1.7470938312046247
3024878,2.9635004825037736
3024879,1.8137437405402945
3024880,1.7538126020153846
3024881,1.8137437405402945
3024882,338.57142804216403
3024883,1.7538126020153846
3024884,66.74544419065599
3024885,2.475214610523442
3024886,152.40825722078054
3024887,67.71925894008801
3024888,17.746416122708112
3024889,47.917885722544696
3024890,15.09468410692995
3024891,809.6720114886227
3024892,3.230406970007997
3024893,1.7538126020153846
3024894,4.39956584596318
3024895,3.6698559596563474
3024896,1.7538126020153846
3024897,87.0830953962463
3024898,2.4011945193451787
3024899,2.475214610523442
3024900,1.7538126020153846
3024901,6.3793598021066025
3024902,1.7538126020153846
3024903,15.312674416893575
3024904,95.68636391249427
3024905,2.381800857259504
3024906,2.3097704258026712
3024907,15.1074809922398
3024908,8.663955501578695
3024909,444.91463511859666
3024910,1.8137437405402945
3024911,3.236341669573325
3024912,1.8137437405402945
3024913,1.7538126020153846
3024914,1.8137437405402945
3024915,620.9153255010013
3024916,1.7538126020153846
3024917,75.20074165434684
3024918,2.475214610523442
3024919,366.5555096292896
3024920,97.79208979053857
3024921,105.41997935948878
3024922,47.917885722544696
3024923,48.162878970412216
3024924,809.6720114886227
3024925,3.230406970007997
3024926,1.7538126020153846
3024927,9.280818314307579
3024928,3.6698559596563474
3024929,1.7538126020153846
3024930,109.8980980166696
3024931,2.4011945193451787
3024932,2.475214610523442
3024933,1.7538126020153846
3024934,6.3793598021066025
3024935,1.7538126020153846
3024936,15.312674416893575
3024937,109.8980980166696
3024938,2.381800857259504
3024939,2.3097704258026712
3024940,15.1074809922398
3024941,8.663955501578695
3024942,444.91463511859666
3024943,1.8137437405402945
3024944,3.236341669573325
3024945,1.7470938312046247
3024946,1.7016637322005486
3024947,1.7470938312046247
3024948,578.6798000211292
3024949,1.7016637322005486
3024950,56.27488340391803
3024951,2.3638478840842767
3024952,466.7431459776929
3024953,92.44495853373523
3024954,87.77234258419001
3024955,37.31613201736193
3024956,37.616055674359814
3024957,762.8539223296021
3024958,3.027164636702434
3024959,1.7016637322005486
3024960,8.313512889222368
3024961,7.29587082108052
3024962,1.7016637322005486
3024963,86.29206168103369
3024964,2.3082182071243196
3024965,6.27689937195496
3024966,1.7016637322005486
3024967,5.445331316936598
3024968,1.7016637322005486
3024969,10.879670623894667
3024970,123.3710645039122
3024971,2.2884731448403115
3024972,2.2340899785846355
3024973,37.53864671733966
3024974,7.2356638338288715
3024975,431.38524833835453
3024976,1.7470938312046247
3024977,2.9635004825037736
3024978,1.8137437405402945
3024979,1.7538126020153846
3024980,1.8137437405402945
3024981,530.881922636589
3024982,1.7538126020153846
3024983,75.20074165434684
3024984,2.475214610523442
3024985,191.60901600509052
3024986,106.28679139153581
3024987,88.5767904871286
3024988,47.917885722544696
3024989,48.162878970412216
3024990,809.6720114886227
3024991,3.230406970007997
3024992,1.7538126020153846
3024993,4.39956584596318
3024994,3.6698559596563474
3024995,1.7538126020153846
3024996,87.0830953962463
3024997,2.4011945193451787
3024998,2.475214610523442
3024999,1.7538126020153846
3025000,6.3793598021066025
3025001,1.7538126020153846
3025002,15.312674416893575
3025003,103.6454236975073
3025004,2.381800857259504
3025005,5.344666194284256
3025006,15.1074809922398
3025007,8.663955501578695
3025008,444.91463511859666
3025009,1.8137437405402945
3025010,3.236341669573325
3025011,1.7470938312046247
3025012,1.7016637322005486
3025013,1.7470938312046247
3025014,578.6798000211292
3025015,1.7016637322005486
3025016,49.57193958862078
3025017,2.3638478840842767
3025018,513.8563571624911
3025019,100.70273276314921
3025020,93.88908945796103
3025021,37.31613201736193
3025022,37.616055674359814
3025023,762.8539223296021
3025024,2.957948006706167
3025025,1.7016637322005486
3025026,3.7773755261092052
3025027,3.2553750340815446
3025028,1.7016637322005486
3025029,76.49579642554005
3025030,2.3082182071243196
3025031,7.022407254807147
3025032,1.7016637322005486
3025033,5.445331316936598
3025034,1.7016637322005486
3025035,10.879670623894667
3025036,101.52866091263047
3025037,2.2884731448403115
3025038,2.2340899785846355
3025039,10.730238946612415
3025040,7.2356638338288715
3025041,431.38524833835453
3025042,1.7951350325941688
3025043,2.9635004825037736
3025044,1.772597480762022
3025045,1.7267456148305858
3025046,1.772597480762022
3025047,736.88232774593
3025048,1.7267456148305858
3025049,96.1571286155158
3025050,2.472422937120056
3025051,122.3010088668495
3025052,145.27412547084563
3025053,100.3990326906131
3025054,10.774502327130289
3025055,38.003190679314315
3025056,765.5869629360012
3025057,3.085698853221623
3025058,1.7267456148305858
3025059,3.827281309301763
3025060,8.399771020854613
3025061,1.7267456148305858
3025062,76.52942499709688
3025063,2.414997698846263
3025064,2.472422937120056
3025065,1.7267456148305858
3025066,16.324533976536234
3025067,1.7267456148305858
3025068,10.993747456700177
3025069,123.84936732710649
3025070,2.3328695812083526
3025071,2.277752208324305
3025072,10.842880832860487
3025073,7.309860200528782
3025074,43.054335556390896
3025075,1.772597480762022
3025076,3.0914305465031866
3025077,1.772597480762022
3025078,1.7267456148305858
3025079,1.772597480762022
3025080,733.6788894691388
3025081,1.7267456148305858
3025082,99.43601061833184
3025083,2.472422937120056
3025084,290.11215267548397
3025085,125.66995904049185
3025086,94.2458071550521
3025087,10.774502327130289
3025088,10.871634977332844
3025089,765.5869629360012
3025090,3.085698853221623
3025091,1.7267456148305858
3025092,8.410804415180587
3025093,9.361420121919371
3025094,1.7267456148305858
3025095,65.6513760964384
3025096,2.414997698846263
3025097,2.472422937120056
3025098,1.7267456148305858
3025099,16.324533976536234
3025100,1.7267456148305858
3025101,10.993747456700177
3025102,108.75156050413653
3025103,2.3328695812083526
3025104,2.277752208324305
3025105,10.842880832860487
3025106,7.309860200528782
3025107,43.054335556390896
3025108,1.772597480762022
3025109,3.0914305465031866
3025110,1.7470938312046247
3025111,1.7016637322005486
3025112,3.967361774304768
3025113,578.6798000211292
3025114,1.7016637322005486
3025115,56.27488340391803
3025116,2.3638478840842767
3025117,466.7431459776929
3025118,110.63361590814291
3025119,96.66647516317121
3025120,37.31613201736193
3025121,37.616055674359814
3025122,762.8539223296021
3025123,3.027164636702434
3025124,1.7016637322005486
3025125,8.313512889222368
3025126,3.2553750340815446
3025127,1.7016637322005486
3025128,95.03788438980592
3025129,2.3082182071243196
3025130,7.022407254807147
3025131,1.7016637322005486
3025132,13.390477929421827
3025133,1.7016637322005486
3025134,10.879670623894667
3025135,98.27899387092712
3025136,2.2884731448403115
3025137,2.2340899785846355
3025138,37.53864671733966
3025139,7.2356638338288715
3025140,431.38524833835453
3025141,4.564957369801719
3025142,2.9635004825037736
3025176,1.8137437405402945
3025177,1.7538126020153846
3025178,3.991577319003177
3025179,722.5482407037887
3025180,1.7538126020153846
3025181,75.20074165434684
3025182,2.475214610523442
3025183,496.8121754269847
3025184,89.00145126245707
3025185,109.9940976521519
3025186,47.917885722544696
3025187,48.162878970412216
3025188,809.6720114886227
3025189,3.230406970007997
3025190,1.7538126020153846
3025191,9.280818314307579
3025192,9.912944129678621
3025193,1.7538126020153846
3025194,109.8980980166696
3025195,2.4011945193451787
3025196,2.475214610523442
3025197,1.7538126020153846
3025198,6.3793598021066025
3025199,1.7538126020153846
3025200,15.312674416893575
3025201,165.08129447142835
3025202,2.381800857259504
3025203,2.3097704258026712
3025204,15.1074809922398
3025205,8.663955501578695
3025206,444.91463511859666
3025207,1.8137437405402945
3025208,3.236341669573325
3025209,1.772597480762022
3025210,1.7267456148305858
3025211,1.772597480762022
3025212,736.88232774593
3025213,1.7267456148305858
3025214,102.72354991320917
3025215,2.472422937120056
3025216,187.36331285465067
3025217,125.66995904049185
3025218,97.08871140897986
3025219,10.774502327130289
3025220,38.003190679314315
3025221,765.5869629360012
3025222,3.085698853221623
3025223,1.7267456148305858
3025224,3.827281309301763
3025225,9.361420121919371
3025226,1.7267456148305858
3025227,86.53219369918367
3025228,2.414997698846263
3025229,2.472422937120056
3025230,1.7267456148305858
3025231,13.520123966339032
3025232,1.7267456148305858
3025233,10.993747456700177
3025234,92.65758107772828
3025235,2.3328695812083526
3025236,2.277752208324305
3025237,10.842880832860487
3025238,7.309860200528782
3025239,43.054335556390896
3025240,1.772597480762022
3025241,6.9564200978362605
3025242,1.772597480762022
3025243,1.7267456148305858
3025244,4.013478092749234
3025245,696.5228289587533
3025246,1.7267456148305858
3025247,102.72354991320917
3025248,2.472422937120056
3025249,162.11820731948632
3025250,225.06406152667265
3025251,97.08871140897986
3025252,10.774502327130289
3025253,38.003190679314315
3025254,765.5869629360012
3025255,3.085698853221623
3025256,1.7267456148305858
3025257,3.827281309301763
3025258,7.391532074369735
3025259,1.7267456148305858
3025260,86.53219369918367
3025261,2.414997698846263
3025262,2.472422937120056
3025263,1.7267456148305858
3025264,13.520123966339032
3025265,1.7267456148305858
3025266,10.993747456700177
3025267,95.45307983627225
3025268,2.3328695812083526
3025269,2.277752208324305
3025270,10.842880832860487
3025271,7.309860200528782
3025272,43.054335556390896
3025273,1.772597480762022
3025274,3.0914305465031866
3025275,1.7470938312046247
3025276,1.7016637322005486
3025277,3.967361774304768
3025278,639.3809412803422
3025279,1.7016637322005486
3025280,56.27488340391803
3025281,2.3638478840842767
3025282,466.7431459776929
3025283,110.63361590814291
3025284,93.88908945796103
3025285,37.31613201736193
3025286,37.616055674359814
3025287,762.8539223296021
3025288,2.957948006706167
3025289,1.7016637322005486
3025290,8.313512889222368
3025291,7.29587082108052
3025292,1.7016637322005486
3025293,76.49579642554005
3025294,2.3082182071243196
3025295,9.772048820814971
3025296,1.7016637322005486
3025297,13.390477929421827
3025298,1.7016637322005486
3025299,10.879670623894667
3025300,101.52866091263047
3025301,2.2884731448403115
3025302,2.2340899785846355
3025303,10.730238946612415
3025304,7.2356638338288715
3025305,431.38524833835453
3025306,1.7951350325941688
3025307,2.9635004825037736
3025308,1.4616707397224218
3025309,1.4143024133093034
3025310,4.245381359345849
3025311,1253.4391995400783
3025312,1.4143024133093034
3025313,91.64911233603604
3025314,1.7164465618095028
3025315,235.27772210098445
3025316,451.5451570157803
3025317,85.25967846779946
3025318,2.7094434245681347
3025319,19.556367148937667
3025320,1301.6131720805674
3025321,1.789922201977288
3025322,1.4143024133093034
3025323,6.5136419083908095
3025324,7.981875609027654
3025325,1.4143024133093034
3025326,66.25932312127756
3025327,14.362598305279175
3025328,1.7164465618095028
3025329,10.246019777861788
3025330,18.739677015103155
3025331,1.4327181711774921
3025332,2.775016104634192
3025333,279.6601486050438
3025334,1.7037899909980783
3025335,1.6719897734538391
3025336,2.730985413470565
3025337,2.5500193740478516
3025338,21.909200409724026
3025339,12.567665104966613
3025340,5.6992581664699475
3025341,1.4616707397224218
3025342,1.4143024133093034
3025343,4.245381359345849
3025344,1253.4391995400783
3025345,1.4143024133093034
3025346,138.93503609099514
3025347,1.7164465618095028
3025348,362.03707269893494
3025349,339.70922113081514
3025350,76.92041764426622
3025351,2.7094434245681347
3025352,19.556367148937667
3025353,1301.6131720805674
3025354,1.789922201977288
3025355,1.4143024133093034
3025356,2.1221462863301674
3025357,6.971070917935556
3025358,1.4143024133093034
3025359,75.69209916546247
3025360,13.027513957897309
3025361,1.7164465618095028
3025362,7.038757970670426
3025363,8.691913471238738
3025364,1.4327181711774921
3025365,2.775016104634192
3025366,279.6601486050438
3025367,1.7037899909980783
3025368,1.6719897734538391
3025369,2.730985413470565
3025370,2.5500193740478516
3025371,36.263511307705045
3025372,13.09406493360963
3025373,5.6992581664699475
3025374,1.5279073522613027
3025375,1.4258495832343425
3025376,4.386519768764827
3025377,1318.6031337104944
3025378,1.4258495832343425
3025379,96.88689044123285
3025380,1.7895384727193426
3025381,248.6353274612784
3025382,410.560042717455
3025383,85.61541776528627
3025384,2.919151224910571
3025385,20.718490423088188
3025386,1375.2544469966028
3025387,1.8649911350088555
3025388,1.4258495832343425
3025389,6.715812807939341
3025390,7.185549941223121
3025391,1.4258495832343425
3025392,58.2770523449872
3025393,14.775962470972594
3025394,1.7895384727193426
3025395,7.077205889937661
3025396,14.825433795387948
3025397,1.4981757518037089
3025398,2.9884309577404298
3025399,96.26760985486303
3025400,1.7765413493054196
3025401,6.679384081816573
3025402,2.9419110577293717
3025403,2.6455403769139143
3025404,31.716406387765794
3025405,14.710520450329135
3025406,1.8657762258275317
3025407,1.5279073522613027
3025408,1.4258495832343425
3025409,4.386519768764827
3025410,1324.3570314327444
3025411,1.4258495832343425
3025412,191.79263192951092
3025413,1.7895384727193426
3025414,527.4902855708675
3025415,410.560042717455
3025416,81.32553116553399
3025417,2.919151224910571
3025418,20.718490423088188
3025419,1375.2544469966028
3025420,1.8649911350088555
3025421,1.4258495832343425
3025422,8.058139019857206
3025423,8.223552533966313
3025424,1.4258495832343425
3025425,74.0822083376935
3025426,13.404954771536655
3025427,1.7895384727193426
3025428,7.077205889937661
3025429,19.2708160163489
3025430,1.4981757518037089
3025431,2.9884309577404298
3025432,356.6394239274063
3025433,1.7765413493054196
3025434,1.743885477650279
3025435,2.9419110577293717
3025436,2.6455403769139143
3025437,38.37014782832649
3025438,14.710520450329135
3025439,5.879516297791133
3025440,1.5279073522613027
3025441,1.4258495832343425
3025442,4.386519768764827
3025443,1324.3570314327444
3025444,1.4258495832343425
3025445,80.54365680716035
3025446,1.7895384727193426
3025447,461.2436593865527
3025448,297.6967115808373
3025449,85.61541776528627
3025450,2.919151224910571
3025451,20.718490423088188
3025452,1375.2544469966028
3025453,1.8649911350088555
3025454,1.4258495832343425
3025455,6.715812807939341
3025456,7.185549941223121
3025457,1.4258495832343425
3025458,36.197285895877535
3025459,11.359035468906939
3025460,1.7895384727193426
3025461,5.774608266723163
3025462,12.131765745290316
3025463,1.4981757518037089
3025464,2.9884309577404298
3025465,146.74771759539507
3025466,1.7765413493054196
3025467,6.679384081816573
3025468,2.9419110577293717
3025469,2.6455403769139143
3025470,23.204337570654467
3025471,13.473296446192265
3025472,5.879516297791133
3025473,1.4616707397224218
3025474,1.4143024133093034
3025475,4.245381359345849
3025476,1253.4391995400783
3025477,1.4143024133093034
3025478,91.64911233603604
3025479,1.7164465618095028
3025480,235.27772210098445
3025481,451.5451570157803
3025482,80.98075895961234
3025483,2.7094434245681347
3025484,19.556367148937667
3025485,1301.6131720805674
3025486,1.789922201977288
3025487,1.4143024133093034
3025488,6.5136419083908095
3025489,7.981875609027654
3025490,1.4143024133093034
3025491,66.25932312127756
3025492,11.03520214369587
3025493,1.7164465618095028
3025494,5.742360779751143
3025495,11.787685223967378
3025496,1.4327181711774921
3025497,2.775016104634192
3025498,181.35522391923158
3025499,1.7037899909980783
3025500,1.6719897734538391
3025501,19.516928992063836
3025502,2.5500193740478516
3025503,36.263511307705045
3025504,14.298871006403997
3025505,5.6992581664699475
3025539,1.5279073522613027
3025540,1.4258495832343425
3025541,4.386519768764827
3025542,1278.2622065546377
3025543,1.4258495832343425
3025544,84.79280085371927
3025545,1.7895384727193426
3025546,126.44613476212587
3025547,358.97070409252035
3025548,90.13623954699521
3025549,2.919151224910571
3025550,20.718490423088188
3025551,1375.2544469966028
3025552,1.8649911350088555
3025553,1.4258495832343425
3025554,8.058139019857206
3025555,7.185549941223121
3025556,1.4258495832343425
3025557,45.796063232988935
3025558,14.189309847421335
3025559,1.7895384727193426
3025560,1.4258495832343425
3025561,14.825433795387948
3025562,1.4981757518037089
3025563,2.9884309577404298
3025564,77.33262389084821
3025565,1.7765413493054196
3025566,1.743885477650279
3025567,2.9419110577293717
3025568,2.6455403769139143
3025569,23.204337570654467
3025570,12.93273268371043
3025571,5.879516297791133
3025572,1.5279073522613027
3025573,1.4258495832343425
3025574,4.386519768764827
3025575,1324.3570314327444
3025576,1.4258495832343425
3025577,80.54365680716035
3025578,1.7895384727193426
3025579,126.44613476212587
3025580,358.97070409252035
3025581,85.61541776528627
3025582,2.919151224910571
3025583,20.718490423088188
3025584,1375.2544469966028
3025585,1.8649911350088555
3025586,1.4258495832343425
3025587,6.715812807939341
3025588,7.185549941223121
3025589,1.4258495832343425
3025590,36.197285895877535
3025591,1.7567297373605153
3025592,1.7895384727193426
3025593,1.4258495832343425
3025594,8.95269551125567
3025595,1.4981757518037089
3025596,2.9884309577404298
3025597,80.02777155046601
3025598,1.7765413493054196
3025599,5.556532402693007
3025600,2.9419110577293717
3025601,2.6455403769139143
3025602,23.204337570654467
3025603,1.5279073522613027
3025604,5.879516297791133
3025605,1.4616707397224218
3025606,1.4143024133093034
3025607,4.245381359345849
3025608,1253.4391995400783
3025609,1.4143024133093034
3025610,109.86562682428867
3025611,1.7164465618095028
3025612,119.62668660885376
3025613,227.2357556187973
3025614,74.32862686399537
3025615,2.7094434245681347
3025616,19.556367148937667
3025617,1301.6131720805674
3025618,1.789922201977288
3025619,1.4143024133093034
3025620,6.5136419083908095
3025621,6.971070917935556
3025622,1.4143024133093034
3025623,55.105227747089906
3025624,1.6844974859195672
3025625,5.461119236846742
3025626,1.4143024133093034
3025627,11.787685223967378
3025628,1.4327181711774921
3025629,2.775016104634192
3025630,109.79188806136877
3025631,1.7037899909980783
3025632,1.6719897734538391
3025633,2.730985413470565
3025634,2.5500193740478516
3025635,29.965801416189542
3025636,1.4616707397224218
3025637,5.6992581664699475
3025638,1.772597480762022
3025639,1.7267456148305858
3025640,1.772597480762022
3025641,733.6788894691388
3025642,1.7267456148305858
3025643,96.1571286155158
3025644,2.472422937120056
3025645,125.9813069617621
3025646,197.86912877151286
3025647,94.2458071550521
3025648,10.774502327130289
3025649,38.003190679314315
3025650,765.5869629360012
3025651,3.085698853221623
3025652,1.7267456148305858
3025653,3.827281309301763
3025654,8.399771020854613
3025655,1.7267456148305858
3025656,49.24623031080303
3025657,2.414997698846263
3025658,2.472422937120056
3025659,1.7267456148305858
3025660,13.520123966339032
3025661,1.7267456148305858
3025662,10.993747456700177
3025663,95.45307983627225
3025664,2.3328695812083526
3025665,2.277752208324305
3025666,10.842880832860487
3025667,7.309860200528782
3025668,43.054335556390896
3025669,1.772597480762022
3025670,6.9564200978362605
3025671,1.8137437405402945
3025672,1.7538126020153846
3025673,3.991577319003177
3025674,658.8312289260099
3025675,1.7538126020153846
3025676,55.71902346902121
3025677,2.475214610523442
3025678,219.68998904626955
3025679,76.29609805841478
3025680,97.3259514687861
3025681,47.917885722544696
3025682,48.162878970412216
3025683,809.6720114886227
3025684,3.230406970007997
3025685,1.7538126020153846
3025686,9.280818314307579
3025687,3.6698559596563474
3025688,1.7538126020153846
3025689,95.68636391249427
3025690,2.4011945193451787
3025691,2.475214610523442
3025692,1.7538126020153846
3025693,15.016225495132982
3025694,1.7538126020153846
3025695,15.312674416893575
3025696,113.01093699762731
3025697,2.381800857259504
3025698,2.3097704258026712
3025699,15.1074809922398
3025700,8.663955501578695
3025701,444.91463511859666
3025702,1.8137437405402945
3025703,3.236341669573325
3025836,1.7747904673466968
3025837,1.7289023348718593
3025838,1.7747904673466968
3025839,739.1107688705719
3025840,1.7289023348718593
3025841,91.54221923121766
3025842,2.478982317425468
3025843,135.06105623671024
3025844,198.46972337625127
3025845,78.08226634884134
3025846,10.81006190651216
3025847,38.120982244220784
3025848,767.9020934786168
3025849,3.0934167070306104
3025850,1.7289023348718593
3025851,8.428581352568932
3025852,8.417527116245664
3025853,1.7289023348718593
3025854,56.07786266931258
3025855,2.421448603316851
3025856,11.861809666501191
3025857,1.7289023348718593
3025858,18.71179130966769
3025859,1.7289023348718593
3025860,11.02996916721698
3025861,86.79654525340133
3025862,2.3355057151335883
3025863,5.403280652643146
3025864,10.878646918711596
3025865,7.325557462736501
3025866,434.24280352281255
3025867,1.7747904673466968
3025868,6.971449714399797
3026199,1.7747904673466968
3026200,1.7289023348718593
3026201,1.7747904673466968
3026202,739.1107688705719
3026203,1.7289023348718593
3026204,109.88655466020607
3026205,2.478982317425468
3026206,143.77915261924804
3026207,126.05250858175103
3026208,100.70526278442351
3026209,10.81006190651216
3026210,38.120982244220784
3026211,767.9020934786168
3026212,3.0934167070306104
3026213,1.7289023348718593
3026214,8.428581352568932
3026215,9.380992765089442
3026216,1.7289023348718593
3026217,49.39797641146495
3026218,2.421448603316851
3026219,10.132134806760387
3026220,1.7289023348718593
3026221,16.357259888392008
3026222,1.7289023348718593
3026223,11.02996916721698
3026224,99.00932513236147
3026225,2.3355057151335883
3026226,2.280344747151386
3026227,10.878646918711596
3026228,7.325557462736501
3026229,434.24280352281255
3026230,1.7747904673466968
3026231,6.971449714399797
3026562,1.7747904673466968
3026563,1.7289023348718593
3026564,4.017443504344767
3026565,739.1107688705719
3026566,1.7289023348718593
3026567,109.88655466020607
3026568,2.478982317425468
3026569,255.86551048182656
3026570,282.9605354468187
3026571,94.53345420341326
3026572,10.81006190651216
3026573,38.120982244220784
3026574,767.9020934786168
3026575,3.0934167070306104
3026576,1.7289023348718593
3026577,3.836400006684629
3026578,9.380992765089442
3026579,1.7289023348718593
3026580,65.85266654875348
3026581,2.421448603316851
3026582,13.47818601811404
3026583,7.7466356974784
3026584,16.357259888392008
3026585,1.7289023348718593
3026586,11.02996916721698
3026587,170.41985498507714
3026588,2.3355057151335883
3026589,2.280344747151386
3026590,10.878646918711596
3026591,7.325557462736501
3026592,434.24280352281255
3026593,1.7747904673466968
3026594,6.971449714399797
3026925,1.7747904673466968
3026926,1.7289023348718593
3026927,1.7747904673466968
3026928,739.1107688705719
3026929,1.7289023348718593
3026930,124.30976441524581
3026931,2.478982317425468
3026932,187.93217937571424
3026933,198.46972337625127
3026934,104.03434809795925
3026935,10.81006190651216
3026936,10.907487902122408
3026937,767.9020934786168
3026938,3.0934167070306104
3026939,1.7289023348718593
3026940,3.836400006684629
3026941,7.407383614120969
3026942,1.7289023348718593
3026943,65.85266654875348
3026944,2.421448603316851
3026945,10.132134806760387
3026946,1.7289023348718593
3026947,16.357259888392008
3026948,1.7289023348718593
3026949,38.52338344222329
3026950,109.08301564505054
3026951,2.3355057151335883
3026952,2.280344747151386
3026953,10.878646918711596
3026954,7.325557462736501
3026955,434.24280352281255
3026956,1.7747904673466968
3026957,6.971449714399797
3027288,1.7747904673466968
3027289,1.7289023348718593
3027290,4.017443504344767
3027291,739.1107688705719
3027292,1.7289023348718593
3027293,103.0368001639998
3027294,2.478982317425468
3027295,187.93217937571424
3027296,225.74678617336332
3027297,100.70526278442351
3027298,10.81006190651216
3027299,10.907487902122408
3027300,767.9020934786168
3027301,3.0934167070306104
3027302,1.7289023348718593
3027303,9.571657118938417
3027304,8.417527116245664
3027305,1.7289023348718593
3027306,76.76356769510824
3027307,2.421448603316851
3027308,7.302718631218655
3027309,1.7289023348718593
3027310,16.357259888392008
3027311,1.7289023348718593
3027312,11.02996916721698
3027313,170.41985498507714
3027314,2.3355057151335883
3027315,2.280344747151386
3027316,10.878646918711596
3027317,7.325557462736501
3027318,434.24280352281255
3027319,1.7747904673466968
3027320,6.971449714399797
3027486,1.7747904673466968
3027487,1.7289023348718593
3027488,1.7747904673466968
3027489,739.1107688705719
3027490,1.7289023348718593
3027491,144.2452619336378
3027492,2.478982317425468
3027493,187.93217937571424
3027494,198.46972337625127
3027495,100.70526278442351
3027496,10.81006190651216
3027497,38.120982244220784
3027498,767.9020934786168
3027499,3.0934167070306104
3027500,1.7289023348718593
3027501,8.428581352568932
3027502,9.380992765089442
3027503,1.7289023348718593
3027504,49.39797641146495
3027505,2.421448603316851
3027506,10.132134806760387
3027507,5.248763387418615
3027508,18.71179130966769
3027509,1.7289023348718593
3027510,46.75589854823447
3027511,109.08301564505054
3027512,2.3355057151335883
3027513,2.280344747151386
3027514,10.878646918711596
3027515,7.325557462736501
3027516,434.24280352281255
3027517,1.7747904673466968
3027518,6.971449714399797
3027519,1.7747904673466968
3027520,1.7289023348718593
3027521,1.7747904673466968
3027522,739.1107688705719
3027523,1.7289023348718593
3027524,103.0368001639998
3027525,2.478982317425468
3027526,135.06105623671024
3027527,282.9605354468187
3027528,104.03434809795925
3027529,10.81006190651216
3027530,38.120982244220784
3027531,767.9020934786168
3027532,3.0934167070306104
3027533,1.7289023348718593
3027534,9.571657118938417
3027535,8.417527116245664
3027536,1.7289023348718593
3027537,76.76356769510824
3027538,2.421448603316851
3027539,16.46957792174042
3027540,4.017443504344767
3027541,16.357259888392008
3027542,1.7289023348718593
3027543,11.02996916721698
3027544,99.00932513236147
3027545,2.3355057151335883
3027546,2.280344747151386
3027547,10.878646918711596
3027548,7.325557462736501
3027549,434.24280352281255
3027550,1.7747904673466968
3027551,6.971449714399797
3027552,1.7747904673466968
3027553,1.7289023348718593
3027554,4.017443504344767
3027555,739.1107688705719
3027556,1.7289023348718593
3027557,99.73933233785394
3027558,2.478982317425468
3027559,221.7361426364549
3027560,198.46972337625127
3027561,100.70526278442351
3027562,10.81006190651216
3027563,10.907487902122408
3027564,767.9020934786168
3027565,3.0934167070306104
3027566,1.7289023348718593
3027567,8.428581352568932
3027568,7.407383614120969
3027569,1.7289023348718593
3027570,86.79654525340133
3027571,2.421448603316851
3027572,12.53248382440523
3027573,4.017443504344767
3027574,22.599103389919506
3027575,1.7289023348718593
3027576,11.02996916721698
3027577,109.08301564505054
3027578,2.3355057151335883
3027579,2.280344747151386
3027580,10.878646918711596
3027581,7.325557462736501
3027582,434.24280352281255
3027583,1.7747904673466968
3027584,6.971449714399797
3027585,1.7492666456720958
3027586,1.7038006137212625
3027587,3.9712907101881276
3027588,733.2704639468392
3027589,1.7038006137212625
3027590,56.44785638455067
3027591,2.366508520304957
3027592,515.4112488253511
3027593,434.546427432722
3027594,94.17565920123411
3027595,37.43184863112814
3027596,10.789297433401892
3027597,765.1607989544127
3027598,3.034771919825194
3027599,1.7038006137212625
3027600,8.3311060436641
3027601,8.31016978997425
3027602,1.7038006137212625
3027603,95.32792355059138
3027604,2.3108348430398244
3027605,2.366508520304957
3027606,5.191284336562667
3027607,16.202281875705015
3027608,1.7038006137212625
3027609,10.915547816734282
3027610,108.63461705339323
3027611,2.2910741633944784
3027612,2.2366479827615406
3027613,10.76566484839591
3027614,7.251220939668757
3027615,42.432206180164165
3027616,9.873877399498495
3027617,2.9666354140785125
3025869,4.575989432102584
3025870,1.7517968874703223
3025871,3.987923622670553
3025872,760.4206294663056
3025873,1.7517968874703223
3025874,380.1688458400377
3025875,6.306266077404977
3025876,573.4566843048141
3025877,435.97790579953795
3025878,434.11645368424723
3025879,105.9737729966806
3025880,105.18229814875113
3025881,790.040936896342
3025882,7.957123379860175
3025883,1.7517968874703223
3025884,15.871625874526142
3025885,13.302952636673934
3025886,1.7517968874703223
3025887,434.11645368424723
3025888,7.0498633867344545
3025889,2.4726708496907266
3025890,3.987923622670553
3025891,24.21563140213106
3025892,3.987923622670553
3025893,270.2352257280742
3025894,434.11645368424723
3025895,5.340022074374999
3025896,6.074431953711721
3025897,113.97254555590004
3025898,45.97731004116344
3025899,434.11645368424723
3025900,1.8116841580619032
3025901,7.039622401045671
3025902,1.7470938312046247
3025903,1.7016637322005486
3025904,3.967361774304768
3025905,715.9907372664882
3025906,1.7016637322005486
3025907,66.08342784319925
3025908,2.3638478840842767
3025909,537.5375730796179
3025910,433.23501620699005
3025911,103.26732094485338
3025912,37.31613201736193
3025913,37.616055674359814
3025914,762.8539223296021
3025915,3.027164636702434
3025916,1.7016637322005486
3025917,8.313512889222368
3025918,7.29587082108052
3025919,1.7016637322005486
3025920,92.30681165663681
3025921,5.490042001871784
3025922,2.3638478840842767
3025923,1.7016637322005486
3025924,13.390477929421827
3025925,1.7016637322005486
3025926,10.879670623894667
3025927,101.52866091263047
3025928,2.2884731448403115
3025929,2.2340899785846355
3025930,10.730238946612415
3025931,7.2356638338288715
3025932,58.25565246479587
3025933,10.699723005475798
3025934,2.9635004825037736
3025935,1.8116841580619032
3025936,1.7517968874703223
3025937,1.8116841580619032
3025938,561.1620731549579
3025939,1.7517968874703223
3025940,73.3554794247347
3025941,2.4726708496907266
3025942,357.65485742459964
3025943,435.97790579953795
3025944,102.8429339905745
3025945,46.733299786547505
3025946,14.704938390086753
3025947,790.040936896342
3025948,3.2273104292866943
3025949,1.7517968874703223
3025950,4.335134770418882
3025951,3.614132249509807
3025952,1.7517968874703223
3025953,107.21261140376717
3025954,2.398704939168876
3025955,2.4726708496907266
3025956,4.575989432102584
3025957,6.291304557955158
3025958,1.7517968874703223
3025959,14.917649889415943
3025960,110.250070485872
3025961,2.3793254727066504
3025962,2.307347765530427
3025963,14.717425388529287
3025964,8.54863899933723
3025965,56.259571758049894
3025966,5.197540350450389
3025967,3.2332407848163296
3025968,1.8116841580619032
3025969,1.7517968874703223
3025970,1.8116841580619032
3025971,373.62757554825816
3025972,1.7517968874703223
3025973,65.10493378774729
3025974,2.4726708496907266
3025975,317.9247616063916
3025976,435.97790579953795
3025977,74.0684305608883
3025978,46.733299786547505
3025979,46.972360325927106
3025980,790.040936896342
3025981,3.2273104292866943
3025982,1.7517968874703223
3025983,4.335134770418882
3025984,3.614132249509807
3025985,1.7517968874703223
3025986,105.50027645573462
3025987,2.398704939168876
3025988,2.4726708496907266
3025989,1.7517968874703223
3025990,6.291304557955158
3025991,1.7517968874703223
3025992,14.917649889415943
3025993,113.89607520596488
3025994,2.3793254727066504
3025995,2.307347765530427
3025996,14.717425388529287
3025997,8.54863899933723
3025998,56.259571758049894
3025999,1.8116841580619032
3026000,3.2332407848163296
3026001,1.8137437405402945
3026002,1.7538126020153846
3026003,3.991577319003177
3026004,432.21333020813177
3026005,1.7538126020153846
3026006,66.74544419065599
3026007,2.475214610523442
3026008,366.5555096292896
3026009,446.82228244783965
3026010,67.39501557098505
3026011,47.917885722544696
3026012,15.09468410692995
3026013,809.6720114886227
3026014,3.230406970007997
3026015,1.7538126020153846
3026016,9.280818314307579
3026017,7.891444616997589
3026018,1.7538126020153846
3026019,74.64855325701873
3026020,2.4011945193451787
3026021,2.475214610523442
3026022,1.7538126020153846
3026023,6.3793598021066025
3026024,1.7538126020153846
3026025,15.312674416893575
3026026,108.14326845992099
3026027,2.381800857259504
3026028,2.3097704258026712
3026029,15.1074809922398
3026030,8.663955501578695
3026031,69.08832246282893
3026032,6.302373676310771
3026033,3.236341669573325
3026034,1.8116841580619032
3026035,1.7517968874703223
3026036,1.8116841580619032
3026037,723.8700572744982
3026038,1.7517968874703223
3026039,73.3554794247347
3026040,2.4726708496907266
3026041,484.75725332500235
3026042,435.97790579953795
3026043,107.30628633088617
3026044,46.733299786547505
3026045,46.972360325927106
3026046,790.040936896342
3026047,3.2273104292866943
3026048,1.7517968874703223
3026049,9.158141010175507
3026050,7.785346209059101
3026051,1.7517968874703223
3026052,101.11135062080838
3026053,2.398704939168876
3026054,2.4726708496907266
3026055,1.7517968874703223
3026056,14.825109641701365
3026057,1.7517968874703223
3026058,14.917649889415943
3026059,113.89607520596488
3026060,2.3793254727066504
3026061,2.307347765530427
3026062,14.717425388529287
3026063,24.292676755496984
3026064,67.39107737872997
3026065,5.197540350450389
3026066,3.2332407848163296
3026067,5.202080101289157
3026068,1.7538126020153846
3026069,1.8137437405402945
3026070,779.3166239413845
3026071,1.7538126020153846
3026072,444.91463511859666
3026073,6.311617979236605
3026074,587.7128390670047
3026075,446.82228244783965
3026076,444.91463511859666
3026077,120.60161190362403
3026078,119.70190897090252
3026079,809.6720114886227
3026080,8.874685295299553
3026081,1.7538126020153846
3026082,16.81207948767769
3026083,16.31485656258084
3026084,1.7538126020153846
3026085,444.91463511859666
3026086,2.4011945193451787
3026087,2.475214610523442
3026088,1.7538126020153846
3026089,53.55636792183114
3026090,3.991577319003177
3026091,144.38124910490072
3026092,444.91463511859666
3026093,2.381800857259504
3026094,6.804284136332336
3026095,113.08681823406664
3026096,46.54464315314262
3026097,444.91463511859666
3026098,1.8137437405402945
3026099,7.0455114926005
3026100,1.8137437405402945
3026101,1.7538126020153846
3026102,1.8137437405402945
3026103,683.4432876569762
3026104,1.7538126020153846
3026105,75.20074165434684
3026106,2.475214610523442
3026107,366.5555096292896
3026108,446.82228244783965
3026109,109.9940976521519
3026110,47.917885722544696
3026111,15.09468410692995
3026112,809.6720114886227
3026113,3.230406970007997
3026114,1.7538126020153846
3026115,9.280818314307579
3026116,7.891444616997589
3026117,1.7538126020153846
3026118,109.8980980166696
3026119,2.4011945193451787
3026120,2.475214610523442
3026121,3.991577319003177
3026122,6.3793598021066025
3026123,1.7538126020153846
3026124,15.312674416893575
3026125,128.63794447115734
3026126,2.381800857259504
3026127,2.3097704258026712
3026128,15.1074809922398
3026129,8.663955501578695
3026130,57.68056891745687
3026131,7.790169566245503
3026132,3.236341669573325
3026133,1.745083034613688
3026134,1.6996861891836859
3026135,3.963725803080102
3026136,689.9587653030991
3026137,1.6996861891836859
3026138,54.88792604948582
3026139,2.3613856406104965
3026140,321.1319158519234
3026141,422.71966613577376
3026142,91.59127385961278
3026143,36.38827607184915
3026144,10.469172648025017
3026145,744.3565854111564
3026146,2.979109930761456
3026147,1.6996861891836859
3026148,8.202378092524421
3026149,8.18173066644294
3026150,1.6996861891836859
3026151,90.04731218750396
3026152,2.305796683033152
3026153,2.3613856406104965
3026154,3.963725803080102
3026155,5.3684214984740555
3026156,1.6996861891836859
3026157,10.591994847693682
3026158,95.87487320744458
3026159,2.286066073587805
3026160,2.231722714303434
3026161,36.60540239945031
3026162,7.137390621912848
3026163,50.05390443472615
3026164,7.668344808621207
3026165,2.960599309938111
3026166,1.8116841580619032
3026167,1.7517968874703223
3026168,3.987923622670553
3026169,642.8528851694794
3026170,1.7517968874703223
3026171,65.10493378774729
3026172,2.4726708496907266
3026173,281.6391964838772
3026174,435.97790579953795
3026175,102.8429339905745
3026176,46.733299786547505
3026177,46.972360325927106
3026178,790.040936896342
3026179,3.2273104292866943
3026180,1.7517968874703223
3026181,4.335134770418882
3026182,3.614132249509807
3026183,1.7517968874703223
3026184,93.3450258681016
3026185,2.398704939168876
3026186,2.4726708496907266
3026187,1.7517968874703223
3026188,6.291304557955158
3026189,1.7517968874703223
3026190,14.917649889415943
3026191,107.21261140376717
3026192,2.3793254727066504
3026193,2.307347765530427
3026194,14.717425388529287
3026195,8.54863899933723
3026196,56.259571758049894
3026197,7.783735405607523
3026198,3.2332407848163296
3026232,1.7470938312046247
3026233,1.7016637322005486
3026234,3.967361774304768
3026235,719.0091910209362
3026236,1.7016637322005486
3026237,49.57193958862078
3026238,2.3638478840842767
3026239,362.2670991235289
3026240,433.23501620699005
3026241,93.88908945796103
3026242,37.31613201736193
3026243,10.753800374939532
3026244,762.8539223296021
3026245,3.027164636702434
3026246,1.7016637322005486
3026247,8.313512889222368
3026248,7.29587082108052
3026249,1.7016637322005486
3026250,95.03788438980592
3026251,2.3082182071243196
3026252,2.3638478840842767
3026253,3.967361774304768
3026254,13.390477929421827
3026255,1.7016637322005486
3026256,10.879670623894667
3026257,101.52866091263047
3026258,2.2884731448403115
3026259,2.2340899785846355
3026260,10.730238946612415
3026261,7.2356638338288715
3026262,42.30143370872252
3026263,11.39964312255292
3026264,2.9635004825037736
3026265,1.7470938312046247
3026266,1.7016637322005486
3026267,1.7470938312046247
3026268,675.968438144497
3026269,1.7016637322005486
3026270,56.27488340391803
3026271,2.3638478840842767
3026272,537.5375730796179
3026273,433.23501620699005
3026274,96.66647516317121
3026275,37.31613201736193
3026276,37.616055674359814
3026277,762.8539223296021
3026278,3.027164636702434
3026279,1.7016637322005486
3026280,8.313512889222368
3026281,7.29587082108052
3026282,1.7016637322005486
3026283,86.29206168103369
3026284,2.3082182071243196
3026285,2.3638478840842767
3026286,1.7016637322005486
3026287,16.16984816416285
3026288,1.7016637322005486
3026289,10.879670623894667
3026290,108.3045120210087
3026291,2.2884731448403115
3026292,2.2340899785846355
3026293,10.730238946612415
3026294,7.2356638338288715
3026295,51.32089702567551
3026296,1.7470938312046247
3026297,2.9635004825037736
3026298,1.8137437405402945
3026299,1.7538126020153846
3026300,1.8137437405402945
3026301,486.1809400989454
3026302,1.7538126020153846
3026303,75.20074165434684
3026304,2.475214610523442
3026305,191.60901600509052
3026306,446.82228244783965
3026307,105.41997935948878
3026308,47.917885722544696
3026309,48.162878970412216
3026310,809.6720114886227
3026311,3.230406970007997
3026312,1.7538126020153846
3026313,9.280818314307579
3026314,7.891444616997589
3026315,1.7538126020153846
3026316,108.14326845992099
3026317,2.4011945193451787
3026318,2.475214610523442
3026319,1.7538126020153846
3026320,15.016225495132982
3026321,1.7538126020153846
3026322,15.312674416893575
3026323,120.60161190362403
3026324,2.381800857259504
3026325,2.3097704258026712
3026326,15.1074809922398
3026327,8.663955501578695
3026328,69.08832246282893
3026329,10.072648541314715
3026330,3.236341669573325
3026331,1.772597480762022
3026332,1.7267456148305858
3026333,1.772597480762022
3026334,732.1341348735066
3026335,1.7267456148305858
3026336,109.55268009849462
3026337,2.472422937120056
3026338,122.3010088668495
3026339,104.34050936916569
3026340,94.2458071550521
3026341,10.774502327130289
3026342,10.871634977332844
3026343,765.5869629360012
3026344,3.085698853221623
3026345,1.7267456148305858
3026346,3.827281309301763
3026347,7.391532074369735
3026348,1.7267456148305858
3026349,40.584413391244816
3026350,2.414997698846263
3026351,5.70414683709709
3026352,4.013478092749234
3026353,13.520123966339032
3026354,1.7267456148305858
3026355,10.993747456700177
3026356,98.70820143257707
3026357,2.3328695812083526
3026358,2.277752208324305
3026359,10.842880832860487
3026360,7.309860200528782
3026361,432.93230649538134
3026362,1.772597480762022
3026363,6.9564200978362605
3026364,1.772597480762022
3026365,1.7267456148305858
3026366,1.772597480762022
3026367,736.88232774593
3026368,1.7267456148305858
3026369,109.55268009849462
3026370,2.472422937120056
3026371,125.9813069617621
3026372,256.27778136917317
3026373,97.08871140897986
3026374,10.774502327130289
3026375,38.003190679314315
3026376,765.5869629360012
3026377,3.085698853221623
3026378,1.7267456148305858
3026379,8.410804415180587
3026380,10.897437610839383
3026381,1.7267456148305858
3026382,40.584413391244816
3026383,2.414997698846263
3026384,13.450888400718958
3026385,1.7267456148305858
3026386,5.5033983016439505
3026387,1.7267456148305858
3026388,10.993747456700177
3026389,95.45307983627225
3026390,2.3328695812083526
3026391,2.277752208324305
3026392,10.842880832860487
3026393,7.309860200528782
3026394,432.93230649538134
3026395,1.772597480762022
3026396,3.0914305465031866
3026397,1.772597480762022
3026398,1.7267456148305858
3026399,4.013478092749234
3026400,736.88232774593
3026401,1.7267456148305858
3026402,102.72354991320917
3026403,2.472422937120056
3026404,125.9813069617621
3026405,282.10554270575847
3026406,100.3990326906131
3026407,10.774502327130289
3026408,10.871634977332844
3026409,765.5869629360012
3026410,3.085698853221623
3026411,1.7267456148305858
3026412,3.827281309301763
3026413,8.399771020854613
3026414,1.7267456148305858
3026415,40.584413391244816
3026416,2.414997698846263
3026417,13.450888400718958
3026418,1.7267456148305858
3026419,16.324533976536234
3026420,1.7267456148305858
3026421,10.993747456700177
3026422,98.70820143257707
3026423,2.3328695812083526
3026424,2.277752208324305
3026425,10.842880832860487
3026426,7.309860200528782
3026427,432.93230649538134
3026428,1.772597480762022
3026429,6.9564200978362605
3026430,1.772597480762022
3026431,1.7267456148305858
3026432,1.772597480762022
3026433,732.1341348735066
3026434,1.7267456148305858
3026435,77.0953426133858
3026436,2.472422937120056
3026437,125.9813069617621
3026438,101.14241874545438
3026439,66.78163648099849
3026440,10.774502327130289
3026441,38.003190679314315
3026442,765.5869629360012
3026443,3.085698853221623
3026444,1.7267456148305858
3026445,3.827281309301763
3026446,3.304444567317459
3026447,1.7267456148305858
3026448,49.24623031080303
3026449,2.414997698846263
3026450,7.287064430046598
3026451,1.7267456148305858
3026452,13.520123966339032
3026453,1.7267456148305858
3026454,10.993747456700177
3026455,95.45307983627225
3026456,2.3328695812083526
3026457,2.277752208324305
3026458,10.842880832860487
3026459,7.309860200528782
3026460,432.93230649538134
3026461,1.772597480762022
3026462,3.0914305465031866
3026463,1.772597480762022
3026464,1.7267456148305858
3026465,4.013478092749234
3026466,736.88232774593
3026467,1.7267456148305858
3026468,123.93246220037845
3026469,2.472422937120056
3026470,130.53306721847756
3026471,171.44566056747107
3026472,100.3990326906131
3026473,10.774502327130289
3026474,38.003190679314315
3026475,765.5869629360012
3026476,3.085698853221623
3026477,1.7267456148305858
3026478,8.410804415180587
3026479,8.399771020854613
3026480,1.7267456148305858
3026481,55.90600372355906
3026482,2.414997698846263
3026483,13.450888400718958
3026484,1.7267456148305858
3026485,16.324533976536234
3026486,1.7267456148305858
3026487,10.993747456700177
3026488,101.97191758590768
3026489,2.3328695812083526
3026490,2.277752208324305
3026491,10.842880832860487
3026492,7.309860200528782
3026493,432.93230649538134
3026494,1.772597480762022
3026495,6.9564200978362605
3026496,1.7470938312046247
3026497,1.7016637322005486
3026498,3.967361774304768
3026499,719.0091910209362
3026500,1.7016637322005486
3026501,56.27488340391803
3026502,2.3638478840842767
3026503,486.03038435229
3026504,433.23501620699005
3026505,93.88908945796103
3026506,37.31613201736193
3026507,37.616055674359814
3026508,762.8539223296021
3026509,2.957948006706167
3026510,1.7016637322005486
3026511,8.313512889222368
3026512,7.29587082108052
3026513,1.7016637322005486
3026514,92.30681165663681
3026515,2.3082182071243196
3026516,2.3638478840842767
3026517,1.7016637322005486
3026518,13.390477929421827
3026519,1.7016637322005486
3026520,10.879670623894667
3026521,98.27899387092712
3026522,2.2884731448403115
3026523,2.2340899785846355
3026524,10.730238946612415
3026525,7.2356638338288715
3026526,51.32089702567551
3026527,1.7951350325941688
3026528,2.9635004825037736
3026529,1.7470938312046247
3026530,1.7016637322005486
3026531,1.7470938312046247
3026532,731.0596077246475
3026533,1.7016637322005486
3026534,56.27488340391803
3026535,2.3638478840842767
3026536,439.865206327175
3026537,433.23501620699005
3026538,96.66647516317121
3026539,37.31613201736193
3026540,37.616055674359814
3026541,762.8539223296021
3026542,2.957948006706167
3026543,1.7016637322005486
3026544,8.313512889222368
3026545,8.292616109389403
3026546,1.7016637322005486
3026547,95.03788438980592
3026548,2.3082182071243196
3026549,2.3638478840842767
3026550,1.7016637322005486
3026551,16.16984816416285
3026552,1.7016637322005486
3026553,10.879670623894667
3026554,92.30681165663681
3026555,2.2884731448403115
3026556,2.2340899785846355
3026557,10.730238946612415
3026558,7.2356638338288715
3026559,51.32089702567551
3026560,1.7951350325941688
3026561,2.9635004825037736
3026595,1.8137437405402945
3026596,1.7538126020153846
3026597,1.8137437405402945
3026598,762.5287494984318
3026599,1.7538126020153846
3026600,66.74544419065599
3026601,2.475214610523442
3026602,255.19095292240831
3026603,446.82228244783965
3026604,88.5767904871286
3026605,47.917885722544696
3026606,15.09468410692995
3026607,809.6720114886227
3026608,3.230406970007997
3026609,1.7538126020153846
3026610,4.39956584596318
3026611,3.6698559596563474
3026612,1.7538126020153846
3026613,87.0830953962463
3026614,2.4011945193451787
3026615,2.475214610523442
3026616,1.7538126020153846
3026617,6.3793598021066025
3026618,1.7538126020153846
3026619,15.312674416893575
3026620,95.68636391249427
3026621,2.381800857259504
3026622,2.3097704258026712
3026623,15.1074809922398
3026624,8.663955501578695
3026625,57.68056891745687
3026626,1.8137437405402945
3026627,3.236341669573325
3026628,1.7470938312046247
3026629,1.7016637322005486
3026630,1.7470938312046247
3026631,732.9294993285436
3026632,1.7016637322005486
3026633,56.27488340391803
3026634,2.3638478840842767
3026635,466.7431459776929
3026636,433.23501620699005
3026637,91.8344205149887
3026638,37.31613201736193
3026639,37.616055674359814
3026640,762.8539223296021
3026641,3.027164636702434
3026642,1.7016637322005486
3026643,8.313512889222368
3026644,8.292616109389403
3026645,1.7016637322005486
3026646,95.03788438980592
3026647,2.3082182071243196
3026648,2.3638478840842767
3026649,1.7016637322005486
3026650,13.390477929421827
3026651,1.7016637322005486
3026652,10.879670623894667
3026653,101.52866091263047
3026654,2.2884731448403115
3026655,2.2340899785846355
3026656,10.730238946612415
3026657,7.2356638338288715
3026658,51.32089702567551
3026659,1.7470938312046247
3026660,6.702322439264068
3026661,1.8137437405402945
3026662,1.7538126020153846
3026663,1.8137437405402945
3026664,382.92461889568375
3026665,1.7538126020153846
3026666,66.74544419065599
3026667,2.475214610523442
3026668,219.68998904626955
3026669,446.82228244783965
3026670,56.26286896012165
3026671,47.917885722544696
3026672,48.162878970412216
3026673,809.6720114886227
3026674,3.230406970007997
3026675,1.7538126020153846
3026676,9.280818314307579
3026677,3.6698559596563474
3026678,1.7538126020153846
3026679,95.68636391249427
3026680,2.4011945193451787
3026681,2.475214610523442
3026682,1.7538126020153846
3026683,6.3793598021066025
3026684,1.7538126020153846
3026685,15.312674416893575
3026686,103.6454236975073
3026687,2.381800857259504
3026688,2.3097704258026712
3026689,15.1074809922398
3026690,8.663955501578695
3026691,57.68056891745687
3026692,1.8137437405402945
3026693,3.236341669573325
3026694,1.8137437405402945
3026695,1.7538126020153846
3026696,1.8137437405402945
3026697,722.5482407037887
3026698,1.7538126020153846
3026699,55.71902346902121
3026700,2.475214610523442
3026701,288.65338612954474
3026702,446.82228244783965
3026703,97.3259514687861
3026704,47.917885722544696
3026705,48.162878970412216
3026706,809.6720114886227
3026707,3.230406970007997
3026708,1.7538126020153846
3026709,9.280818314307579
3026710,3.6698559596563474
3026711,1.7538126020153846
3026712,109.8980980166696
3026713,2.4011945193451787
3026714,2.475214610523442
3026715,1.7538126020153846
3026716,15.016225495132982
3026717,1.7538126020153846
3026718,15.312674416893575
3026719,116.74742374878278
3026720,2.381800857259504
3026721,2.3097704258026712
3026722,48.201968381518824
3026723,8.663955501578695
3026724,57.68056891745687
3026725,1.8137437405402945
3026726,3.236341669573325
3026727,1.7470938312046247
3026728,1.7016637322005486
3026729,1.7470938312046247
3026730,732.9294993285436
3026731,1.7016637322005486
3026732,49.57193958862078
3026733,2.3638478840842767
3026734,466.7431459776929
3026735,433.23501620699005
3026736,87.77234258419001
3026737,37.31613201736193
3026738,37.616055674359814
3026739,762.8539223296021
3026740,3.027164636702434
3026741,1.7016637322005486
3026742,9.442638309616529
3026743,7.29587082108052
3026744,1.7016637322005486
3026745,86.29206168103369
3026746,2.3082182071243196
3026747,2.3638478840842767
3026748,1.7016637322005486
3026749,5.445331316936598
3026750,1.7016637322005486
3026751,10.879670623894667
3026752,108.3045120210087
3026753,2.2884731448403115
3026754,2.2340899785846355
3026755,10.730238946612415
3026756,7.2356638338288715
3026757,12.179916976837614
3026758,1.7470938312046247
3026759,2.9635004825037736
3026760,1.8137437405402945
3026761,1.7538126020153846
3026762,1.8137437405402945
3026763,658.8312289260099
3026764,1.7538126020153846
3026765,66.74544419065599
3026766,2.475214610523442
3026767,288.65338612954474
3026768,446.82228244783965
3026769,56.26286896012165
3026770,47.917885722544696
3026771,15.09468410692995
3026772,809.6720114886227
3026773,3.230406970007997
3026774,1.7538126020153846
3026775,4.39956584596318
3026776,3.6698559596563474
3026777,1.7538126020153846
3026778,74.64855325701873
3026779,2.4011945193451787
3026780,2.475214610523442
3026781,1.7538126020153846
3026782,15.016225495132982
3026783,1.7538126020153846
3026784,15.312674416893575
3026785,103.6454236975073
3026786,2.381800857259504
3026787,2.3097704258026712
3026788,15.1074809922398
3026789,8.663955501578695
3026790,69.08832246282893
3026791,1.8137437405402945
3026792,3.236341669573325
3026793,4.564957369801719
3026794,1.7016637322005486
3026795,3.967361774304768
3026796,734.2516250833767
3026797,1.7016637322005486
3026798,431.38524833835453
3026799,11.498400543517477
3026800,558.1826028489505
3026801,433.23501620699005
3026802,431.38524833835453
3026803,94.54693021779872
3026804,101.52866091263047
3026805,762.8539223296021
3026806,8.510420504910696
3026807,1.7016637322005486
3026808,19.240726426583368
3026809,16.43985475201254
3026810,1.7016637322005486
3026811,431.38524833835453
3026812,2.3082182071243196
3026813,12.807437996555203
3026814,6.285393682338485
3026815,32.66857652053501
3026816,4.564957369801719
3026817,253.86978252396347
3026818,431.38524833835453
3026819,6.07838221091879
3026820,9.494721037516397
3026821,123.45384103746544
3026822,53.42482824158667
3026823,431.38524833835453
3026824,1.7951350325941688
3026825,2.9635004825037736
3026826,1.772597480762022
3026827,1.7267456148305858
3026828,4.013478092749234
3026829,736.88232774593
3026830,1.7267456148305858
3026831,109.55268009849462
3026832,2.472422937120056
3026833,122.3010088668495
3026834,111.09019027762737
3026835,97.08871140897986
3026836,10.774502327130289
3026837,38.003190679314315
3026838,765.5869629360012
3026839,3.085698853221623
3026840,1.7267456148305858
3026841,3.827281309301763
3026842,7.391532074369735
3026843,1.7267456148305858
3026844,86.53219369918367
3026845,2.414997698846263
3026846,12.506969263024297
3026847,1.7267456148305858
3026848,18.674626091824127
3026849,1.7267456148305858
3026850,10.993747456700177
3026851,123.84936732710649
3026852,2.3328695812083526
3026853,2.277752208324305
3026854,10.842880832860487
3026855,7.309860200528782
3026856,432.93230649538134
3026857,1.772597480762022
3026858,3.0914305465031866
3026859,1.772597480762022
3026860,1.7267456148305858
3026861,4.013478092749234
3026862,736.88232774593
3026863,1.7267456148305858
3026864,109.55268009849462
3026865,2.472422937120056
3026866,255.09209967477506
3026867,256.27778136917317
3026868,97.08871140897986
3026869,10.774502327130289
3026870,10.871634977332844
3026871,765.5869629360012
3026872,3.085698853221623
3026873,1.7267456148305858
3026874,8.410804415180587
3026875,8.399771020854613
3026876,1.7267456148305858
3026877,76.52942499709688
3026878,2.414997698846263
3026879,12.506969263024297
3026880,1.7267456148305858
3026881,16.324533976536234
3026882,1.7267456148305858
3026883,38.40438026492588
3026884,98.70820143257707
3026885,2.3328695812083526
3026886,2.277752208324305
3026887,10.842880832860487
3026888,7.309860200528782
3026889,432.93230649538134
3026890,1.772597480762022
3026891,6.9564200978362605
3026892,1.7470938312046247
3026893,1.7016637322005486
3026894,3.967361774304768
3026895,675.968438144497
3026896,1.7016637322005486
3026897,56.27488340391803
3026898,2.3638478840842767
3026899,466.7431459776929
3026900,433.23501620699005
3026901,93.88908945796103
3026902,37.31613201736193
3026903,37.616055674359814
3026904,762.8539223296021
3026905,3.027164636702434
3026906,1.7016637322005486
3026907,3.7773755261092052
3026908,3.2553750340815446
3026909,1.7016637322005486
3026910,90.28640436667553
3026911,2.3082182071243196
3026912,2.3638478840842767
3026913,1.7016637322005486
3026914,13.390477929421827
3026915,1.7016637322005486
3026916,10.879670623894667
3026917,101.52866091263047
3026918,2.2884731448403115
3026919,2.2340899785846355
3026920,10.730238946612415
3026921,7.2356638338288715
3026922,42.30143370872252
3026923,6.285393682338485
3026924,2.9635004825037736
3026958,1.8137437405402945
3026959,1.7538126020153846
3026960,3.991577319003177
3026961,741.8589849018066
3026962,1.7538126020153846
3026963,75.20074165434684
3026964,5.5525853794431965
3026965,433.6507269376423
3026966,446.82228244783965
3026967,105.41997935948878
3026968,47.917885722544696
3026969,15.09468410692995
3026970,809.6720114886227
3026971,3.230406970007997
3026972,1.7538126020153846
3026973,9.280818314307579
3026974,7.891444616997589
3026975,1.7538126020153846
3026976,108.14326845992099
3026977,2.4011945193451787
3026978,2.475214610523442
3026979,1.7538126020153846
3026980,6.3793598021066025
3026981,1.7538126020153846
3026982,15.312674416893575
3026983,143.40808875756395
3026984,2.381800857259504
3026985,2.3097704258026712
3026986,48.201968381518824
3026987,8.663955501578695
3026988,57.68056891745687
3026989,1.8137437405402945
3026990,3.236341669573325
3026991,1.772597480762022
3026992,1.7267456148305858
3026993,1.772597480762022
3026994,736.88232774593
3026995,1.7267456148305858
3026996,99.43601061833184
3026997,2.472422937120056
3026998,143.3432289288256
3026999,104.34050936916569
3027000,100.3990326906131
3027001,10.774502327130289
3027002,38.003190679314315
3027003,765.5869629360012
3027004,3.085698853221623
3027005,1.7267456148305858
3027006,3.827281309301763
3027007,8.399771020854613
3027008,1.7267456148305858
3027009,55.90600372355906
3027010,2.414997698846263
3027011,10.111145937273207
3027012,1.7267456148305858
3027013,13.520123966339032
3027014,1.7267456148305858
3027015,10.993747456700177
3027016,92.65758107772828
3027017,2.3328695812083526
3027018,2.277752208324305
3027019,10.842880832860487
3027020,7.309860200528782
3027021,432.93230649538134
3027022,1.772597480762022
3027023,3.0914305465031866
3027024,1.772597480762022
3027025,1.7267456148305858
3027026,4.013478092749234
3027027,735.5554714748697
3027028,1.7267456148305858
3027029,99.43601061833184
3027030,2.472422937120056
3027031,130.53306721847756
3027032,197.86912877151286
3027033,103.71809427400986
3027034,10.774502327130289
3027035,38.003190679314315
3027036,765.5869629360012
3027037,3.085698853221623
3027038,1.7267456148305858
3027039,3.827281309301763
3027040,7.391532074369735
3027041,1.7267456148305858
3027042,86.53219369918367
3027043,2.414997698846263
3027044,13.450888400718958
3027045,4.013478092749234
3027046,16.324533976536234
3027047,1.7267456148305858
3027048,10.993747456700177
3027049,123.84936732710649
3027050,2.3328695812083526
3027051,2.277752208324305
3027052,10.842880832860487
3027053,7.309860200528782
3027054,432.93230649538134
3027055,1.772597480762022
3027056,6.9564200978362605
3027057,1.7470938312046247
3027058,1.7016637322005486
3027059,3.967361774304768
3027060,614.0207578875769
3027061,1.7016637322005486
3027062,56.27488340391803
3027063,2.3638478840842767
3027064,486.03038435229
3027065,433.23501620699005
3027066,93.88908945796103
3027067,37.31613201736193
3027068,37.616055674359814
3027069,762.8539223296021
3027070,2.957948006706167
3027071,1.7016637322005486
3027072,3.7773755261092052
3027073,7.29587082108052
3027074,1.7016637322005486
3027075,76.49579642554005
3027076,2.3082182071243196
3027077,2.3638478840842767
3027078,1.7016637322005486
3027079,13.390477929421827
3027080,1.7016637322005486
3027081,10.879670623894667
3027082,98.27899387092712
3027083,2.2884731448403115
3027084,2.2340899785846355
3027085,10.730238946612415
3027086,7.2356638338288715
3027087,12.179916976837614
3027088,1.7951350325941688
3027089,2.9635004825037736
3027090,1.4616707397224218
3027091,1.4143024133093034
3027092,4.245381359345849
3027093,1253.4391995400783
3027094,1.4143024133093034
3027095,109.86562682428867
3027096,1.7164465618095028
3027097,362.03707269893494
3027098,388.5380929854476
3027099,85.25967846779946
3027100,2.7094434245681347
3027101,19.556367148937667
3027102,1301.6131720805674
3027103,1.789922201977288
3027104,1.4143024133093034
3027105,6.5136419083908095
3027106,7.981875609027654
3027107,1.4143024133093034
3027108,55.105227747089906
3027109,13.791317242907294
3027110,7.5283815702350445
3027111,10.246019777861788
3027112,11.787685223967378
3027113,1.4327181711774921
3027114,2.775016104634192
3027115,337.5026842091617
3027116,1.7037899909980783
3027117,5.384737144465954
3027118,19.516928992063836
3027119,2.5500193740478516
3027120,746.9550731043707
3027121,14.298871006403997
3027122,5.6992581664699475
3027123,1.4616707397224218
3027124,1.4143024133093034
3027125,4.245381359345849
3027126,1253.4391995400783
3027127,1.4143024133093034
3027128,138.93503609099514
3027129,1.7164465618095028
3027130,292.0808804179024
3027131,388.5380929854476
3027132,80.98075895961234
3027133,2.7094434245681347
3027134,19.556367148937667
3027135,1301.6131720805674
3027136,1.789922201977288
3027137,1.4143024133093034
3027138,6.5136419083908095
3027139,7.981875609027654
3027140,1.4143024133093034
3027141,73.14116474357427
3027142,9.028176680523202
3027143,14.362598305279175
3027144,10.246019777861788
3027145,14.410773374535433
3027146,1.4327181711774921
3027147,2.775016104634192
3027148,337.5026842091617
3027149,1.7037899909980783
3027150,6.478167693284958
3027151,2.730985413470565
3027152,2.5500193740478516
3027153,746.9550731043707
3027154,13.09406493360963
3027155,5.6992581664699475
3027156,1.5279073522613027
3027157,1.4258495832343425
3027158,4.386519768764827
3027159,1324.3570314327444
3027160,1.4258495832343425
3027161,191.79263192951092
3027162,1.7895384727193426
3027163,461.2436593865527
3027164,477.1291162709211
3027165,85.61541776528627
3027166,2.919151224910571
3027167,20.718490423088188
3027168,1375.2544469966028
3027169,1.8649911350088555
3027170,1.4258495832343425
3027171,6.715812807939341
3027172,7.185549941223121
3027173,1.4258495832343425
3027174,74.0822083376935
3027175,14.189309847421335
3027176,15.291806447434123
3027177,5.774608266723163
3027178,12.131765745290316
3027179,1.4981757518037089
3027180,2.9884309577404298
3027181,146.74771759539507
3027182,1.7765413493054196
3027183,6.679384081816573
3027184,20.676822689380057
3027185,2.6455403769139143
3027186,789.239587297749
3027187,13.473296446192265
3027188,5.879516297791133
3027189,1.5279073522613027
3027190,1.4258495832343425
3027191,4.386519768764827
3027192,1324.3570314327444
3027193,1.4258495832343425
3027194,116.13324815554355
3027195,1.7895384727193426
3027196,885.1759894555594
3027197,410.560042717455
3027198,85.61541776528627
3027199,2.919151224910571
3027200,20.718490423088188
3027201,1375.2544469966028
3027202,1.8649911350088555
3027203,1.4258495832343425
3027204,6.715812807939341
3027205,8.223552533966313
3027206,1.4258495832343425
3027207,74.0822083376935
3027208,7.757856250392752
3027209,9.29800661453548
3027210,8.658655115922906
3027211,12.131765745290316
3027212,1.4981757518037089
3027213,2.9884309577404298
3027214,407.89465424713666
3027215,1.7765413493054196
3027216,1.743885477650279
3027217,2.9419110577293717
3027218,2.6455403769139143
3027219,789.239587297749
3027220,14.710520450329135
3027221,5.879516297791133
3027222,1.5279073522613027
3027223,1.4258495832343425
3027224,4.386519768764827
3027225,1324.3570314327444
3027226,1.4258495832343425
3027227,89.27068681005483
3027228,1.7895384727193426
3027229,382.5608271398899
3027230,297.6967115808373
3027231,85.61541776528627
3027232,2.919151224910571
3027233,20.718490423088188
3027234,1375.2544469966028
3027235,1.8649911350088555
3027236,1.4258495832343425
3027237,6.715812807939341
3027238,7.185549941223121
3027239,1.4258495832343425
3027240,58.2770523449872
3027241,14.189309847421335
3027242,9.29800661453548
3027243,7.077205889937661
3027244,19.2708160163489
3027245,1.4981757518037089
3027246,2.9884309577404298
3027247,191.66440201203554
3027248,1.7765413493054196
3027249,1.743885477650279
3027250,2.9419110577293717
3027251,2.6455403769139143
3027252,789.239587297749
3027253,13.473296446192265
3027254,5.879516297791133
3027255,1.4616707397224218
3027256,1.4143024133093034
3027257,4.245381359345849
3027258,1253.4391995400783
3027259,1.4143024133093034
3027260,109.86562682428867
3027261,1.7164465618095028
3027262,180.51203242139223
3027263,388.5380929854476
3027264,80.98075895961234
3027265,2.7094434245681347
3027266,19.556367148937667
3027267,1301.6131720805674
3027268,1.789922201977288
3027269,1.4143024133093034
3027270,2.1221462863301674
3027271,7.981875609027654
3027272,1.4143024133093034
3027273,66.25932312127756
3027274,11.03520214369587
3027275,14.362598305279175
3027276,5.742360779751143
3027277,11.787685223967378
3027278,1.4327181711774921
3027279,2.775016104634192
3027280,109.79188806136877
3027281,1.7037899909980783
3027282,1.6719897734538391
3027283,2.730985413470565
3027284,2.5500193740478516
3027285,746.9550731043707
3027286,13.09406493360963
3027287,5.6992581664699475
3027321,1.5279073522613027
3027322,1.4258495832343425
3027323,4.386519768764827
3027324,1324.3570314327444
3027325,1.4258495832343425
3027326,96.88689044123285
3027327,1.7895384727193426
3027328,126.44613476212587
3027329,297.6967115808373
3027330,90.13623954699521
3027331,2.919151224910571
3027332,20.718490423088188
3027333,1375.2544469966028
3027334,1.8649911350088555
3027335,1.4258495832343425
3027336,6.715812807939341
3027337,8.223552533966313
3027338,1.4258495832343425
3027339,45.796063232988935
3027340,5.634969721622291
3027341,9.29800661453548
3027342,1.4258495832343425
3027343,12.131765745290316
3027344,1.4981757518037089
3027345,2.9884309577404298
3027346,96.26760985486303
3027347,1.7765413493054196
3027348,1.743885477650279
3027349,2.9419110577293717
3027350,2.6455403769139143
3027351,789.239587297749
3027352,14.710520450329135
3027353,5.879516297791133
3027354,1.5279073522613027
3027355,1.4258495832343425
3027356,4.386519768764827
3027357,1324.3570314327444
3027358,1.4258495832343425
3027359,89.27068681005483
3027360,1.7895384727193426
3027361,190.7735419520857
3027362,358.97070409252035
3027363,85.61541776528627
3027364,2.919151224910571
3027365,20.718490423088188
3027366,1375.2544469966028
3027367,1.8649911350088555
3027368,1.4258495832343425
3027369,6.715812807939341
3027370,8.223552533966313
3027371,1.4258495832343425
3027372,36.197285895877535
3027373,1.7567297373605153
3027374,15.900115994940005
3027375,1.4258495832343425
3027376,8.95269551125567
3027377,1.4981757518037089
3027378,2.9884309577404298
3027379,84.25003342307033
3027380,1.7765413493054196
3027381,1.743885477650279
3027382,2.9419110577293717
3027383,2.6455403769139143
3027384,789.239587297749
3027385,1.5279073522613027
3027386,5.879516297791133
3027387,1.4616707397224218
3027388,1.4143024133093034
3027389,1.4616707397224218
3027390,1253.4391995400783
3027391,1.4143024133093034
3027392,138.93503609099514
3027393,1.7164465618095028
3027394,235.27772210098445
3027395,339.70922113081514
3027396,80.98075895961234
3027397,2.7094434245681347
3027398,19.556367148937667
3027399,1301.6131720805674
3027400,1.789922201977288
3027401,1.4143024133093034
3027402,2.1221462863301674
3027403,6.971070917935556
3027404,1.4143024133093034
3027405,28.25678037317984
3027406,1.6844974859195672
3027407,15.968047633639948
3027408,1.4143024133093034
3027409,14.410773374535433
3027410,1.4327181711774921
3027411,2.775016104634192
3027412,109.79188806136877
3027413,1.7037899909980783
3027414,1.6719897734538391
3027415,2.730985413470565
3027416,2.5500193740478516
3027417,746.9550731043707
3027418,1.4616707397224218
3027419,5.6992581664699475
3027420,1.772597480762022
3027421,1.7267456148305858
3027422,4.013478092749234
3027423,727.3448636559352
3027424,1.7267456148305858
3027425,91.26357866040799
3027426,2.472422937120056
3027427,187.36331285465067
3027428,197.86912877151286
3027429,100.3990326906131
3027430,10.774502327130289
3027431,10.871634977332844
3027432,765.5869629360012
3027433,3.085698853221623
3027434,1.7267456148305858
3027435,3.827281309301763
3027436,8.399771020854613
3027437,1.7267456148305858
3027438,49.24623031080303
3027439,2.414997698846263
3027440,7.287064430046598
3027441,1.7267456148305858
3027442,18.674626091824127
3027443,1.7267456148305858
3027444,10.993747456700177
3027445,90.5949909731209
3027446,2.3328695812083526
3027447,2.277752208324305
3027448,10.842880832860487
3027449,7.309860200528782
3027450,432.93230649538134
3027451,1.772597480762022
3027452,6.9564200978362605
3027453,1.8137437405402945
3027454,1.7538126020153846
3027455,1.8137437405402945
3027456,762.5287494984318
3027457,1.7538126020153846
3027458,55.71902346902121
3027459,2.475214610523442
3027460,366.5555096292896
3027461,446.82228244783965
3027462,105.41997935948878
3027463,47.917885722544696
3027464,15.09468410692995
3027465,809.6720114886227
3027466,3.230406970007997
3027467,1.7538126020153846
3027468,4.39956584596318
3027469,3.6698559596563474
3027470,1.7538126020153846
3027471,108.14326845992099
3027472,2.4011945193451787
3027473,2.475214610523442
3027474,1.7538126020153846
3027475,17.923217335576712
3027476,1.7538126020153846
3027477,15.312674416893575
3027478,95.68636391249427
3027479,2.381800857259504
3027480,2.3097704258026712
3027481,15.1074809922398
3027482,8.663955501578695
3027483,57.68056891745687
3027484,1.8137437405402945
3027485,3.236341669573325
3027618,1.7747904673466968
3027619,1.7289023348718593
3027620,4.017443504344767
3027621,737.7799054279482
3027622,1.7289023348718593
3027623,66.34065032649006
3027624,2.478982317425468
3027625,143.77915261924804
3027626,104.65864291748643
3027627,78.08226634884134
3027628,10.81006190651216
3027629,38.120982244220784
3027630,767.9020934786168
3027631,3.0934167070306104
3027632,1.7289023348718593
3027633,8.428581352568932
3027634,10.919911779269496
3027635,1.7289023348718593
3027636,56.07786266931258
3027637,2.421448603316851
3027638,2.478982317425468
3027639,1.7289023348718593
3027640,16.357259888392008
3027641,1.7289023348718593
3027642,11.02996916721698
3027643,92.94043160478408
3027644,2.3355057151335883
3027645,2.280344747151386
3027646,10.878646918711596
3027647,7.325557462736501
3027648,59.468024190162105
3027649,1.7747904673466968
3027650,3.0991592274368385
3027981,1.7747904673466968
3027982,1.7289023348718593
3027983,4.017443504344767
3027984,739.1107688705719
3027985,1.7289023348718593
3027986,99.73933233785394
3027987,2.478982317425468
3027988,143.77915261924804
3027989,257.05477299358427
3027990,100.70526278442351
3027991,10.81006190651216
3027992,10.907487902122408
3027993,767.9020934786168
3027994,3.0934167070306104
3027995,1.7289023348718593
3027996,3.836400006684629
3027997,8.417527116245664
3027998,1.7289023348718593
3027999,49.39797641146495
3028000,2.421448603316851
3028001,2.478982317425468
3028002,5.248763387418615
3028003,13.547552369186745
3028004,1.7289023348718593
3028005,11.02996916721698
3028006,109.08301564505054
3028007,2.3355057151335883
3028008,2.280344747151386
3028009,10.878646918711596
3028010,7.325557462736501
3028011,59.468024190162105
3028012,1.7747904673466968
3028013,3.0991592274368385
3028344,1.7747904673466968
3028345,1.7289023348718593
3028346,4.017443504344767
3028347,739.1107688705719
3028348,1.7289023348718593
3028349,103.0368001639998
3028350,2.478982317425468
3028351,290.99132577465093
3028352,282.9605354468187
3028353,100.70526278442351
3028354,10.81006190651216
3028355,38.120982244220784
3028356,767.9020934786168
3028357,3.0934167070306104
3028358,1.7289023348718593
3028359,3.836400006684629
3028360,9.380992765089442
3028361,1.7289023348718593
3028362,49.39797641146495
3028363,2.421448603316851
3028364,2.478982317425468
3028365,5.248763387418615
3028366,16.357259888392008
3028367,1.7289023348718593
3028368,11.02996916721698
3028369,124.22641859134679
3028370,2.3355057151335883
3028371,2.280344747151386
3028372,10.878646918711596
3028373,7.325557462736501
3028374,59.468024190162105
3028375,1.7747904673466968
3028376,6.971449714399797
3028707,1.7747904673466968
3028708,1.7289023348718593
3028709,4.017443504344767
3028710,739.1107688705719
3028711,1.7289023348718593
3028712,96.4505479492195
3028713,2.478982317425468
3028714,221.7361426364549
3028715,171.96645499135772
3028716,104.03434809795925
3028717,10.81006190651216
3028718,38.120982244220784
3028719,767.9020934786168
3028720,3.0934167070306104
3028721,1.7289023348718593
3028722,3.836400006684629
3028723,7.407383614120969
3028724,1.7289023348718593
3028725,56.07786266931258
3028726,2.421448603316851
3028727,2.478982317425468
3028728,1.7289023348718593
3028729,18.71179130966769
3028730,1.7289023348718593
3028731,11.02996916721698
3028732,92.94043160478408
3028733,2.3355057151335883
3028734,2.280344747151386
3028735,10.878646918711596
3028736,7.325557462736501
3028737,43.18738182865019
3028738,1.7747904673466968
3028739,6.971449714399797
3029070,1.7747904673466968
3029071,1.7289023348718593
3029072,1.7747904673466968
3029073,737.7799054279482
3029074,1.7289023348718593
3029075,96.4505479492195
3029076,2.478982317425468
3029077,221.7361426364549
3029078,225.74678617336332
3029079,92.42955236192326
3029080,10.81006190651216
3029081,10.907487902122408
3029082,767.9020934786168
3029083,3.0934167070306104
3029084,1.7289023348718593
3029085,3.836400006684629
3029086,8.417527116245664
3029087,1.7289023348718593
3029088,11.695522872586942
3029089,2.421448603316851
3029090,2.478982317425468
3029091,1.7289023348718593
3029092,16.357259888392008
3029093,1.7289023348718593
3029094,11.02996916721698
3029095,102.28289786989494
3029096,2.3355057151335883
3029097,2.280344747151386
3029098,10.878646918711596
3029099,7.325557462736501
3029100,43.18738182865019
3029101,1.7747904673466968
3029102,6.971449714399797
3029268,1.7747904673466968
3029269,1.7289023348718593
3029270,4.017443504344767
3029271,739.1107688705719
3029272,1.7289023348718593
3029273,109.88655466020607
3029274,2.478982317425468
3029275,221.7361426364549
3029276,257.05477299358427
3029277,100.70526278442351
3029278,10.81006190651216
3029279,38.120982244220784
3029280,767.9020934786168
3029281,3.0934167070306104
3029282,1.7289023348718593
3029283,3.836400006684629
3029284,9.380992765089442
3029285,1.7289023348718593
3029286,49.39797641146495
3029287,2.421448603316851
3029288,2.478982317425468
3029289,4.017443504344767
3029290,18.71179130966769
3029291,1.7289023348718593
3029292,11.02996916721698
3029293,124.22641859134679
3029294,2.3355057151335883
3029295,2.280344747151386
3029296,10.878646918711596
3029297,7.325557462736501
3029298,52.391383528839256
3029299,1.7747904673466968
3029300,6.971449714399797
3029301,1.7747904673466968
3029302,1.7289023348718593
3029303,4.017443504344767
3029304,739.1107688705719
3029305,1.7289023348718593
3029306,99.73933233785394
3029307,2.478982317425468
3029308,130.93030358695836
3029309,282.9605354468187
3029310,100.70526278442351
3029311,10.81006190651216
3029312,38.120982244220784
3029313,767.9020934786168
3029314,3.0934167070306104
3029315,1.7289023348718593
3029316,8.428581352568932
3029317,9.380992765089442
3029318,1.7289023348718593
3029319,11.695522872586942
3029320,2.421448603316851
3029321,2.478982317425468
3029322,1.7289023348718593
3029323,16.357259888392008
3029324,1.7289023348718593
3029325,11.02996916721698
3029326,99.00932513236147
3029327,2.3355057151335883
3029328,2.280344747151386
3029329,10.878646918711596
3029330,7.325557462736501
3029331,52.391383528839256
3029332,1.7747904673466968
3029333,6.971449714399797
3029334,1.7747904673466968
3029335,1.7289023348718593
3029336,4.017443504344767
3029337,739.1107688705719
3029338,1.7289023348718593
3029339,103.0368001639998
3029340,2.478982317425468
3029341,122.67338401195971
3029342,282.9605354468187
3029343,100.70526278442351
3029344,10.81006190651216
3029345,38.120982244220784
3029346,767.9020934786168
3029347,3.0934167070306104
3029348,1.7289023348718593
3029349,8.428581352568932
3029350,9.380992765089442
3029351,1.7289023348718593
3029352,40.71000037640576
3029353,2.421448603316851
3029354,2.478982317425468
3029355,4.017443504344767
3029356,16.357259888392008
3029357,1.7289023348718593
3029358,11.02996916721698
3029359,95.74437290784107
3029360,2.3355057151335883
3029361,2.280344747151386
3029362,10.878646918711596
3029363,7.325557462736501
3029364,59.468024190162105
3029365,1.7747904673466968
3029366,6.971449714399797
3029367,1.7492666456720958
3029368,1.7038006137212625
3029369,3.9712907101881276
3029370,721.1836543886831
3029371,1.7038006137212625
3029372,56.44785638455067
3029373,2.366508520304957
3029374,441.1966410549914
3029375,101.00988004619936
3029376,100.26745859961753
3029377,37.43184863112814
3029378,10.789297433401892
3029379,765.1607989544127
3029380,3.034771919825194
3029381,1.7038006137212625
3029382,8.3311060436641
3029383,8.31016978997425
3029384,1.7038006137212625
3029385,90.56209382278807
3029386,2.3108348430398244
3029387,2.366508520304957
3029388,4.569358974052223
3029389,13.417661431899782
3029390,1.7038006137212625
3029391,312.9633009756887
3029392,143.59258644773087
3029393,2.2910741633944784
3029394,2.2366479827615406
3029395,37.655035336505115
3029396,7.251220939668757
3029397,42.432206180164165
3029398,10.708976903949502
3029399,2.9666354140785125
3027651,1.8116841580619032
3027652,1.7517968874703223
3027653,1.8116841580619032
3027654,561.1620731549579
3027655,1.7517968874703223
3027656,65.10493378774729
3027657,2.4726708496907266
3027658,390.5630096103583
3027659,109.94401891065074
3027660,102.8429339905745
3027661,46.733299786547505
3027662,46.972360325927106
3027663,790.040936896342
3027664,3.2273104292866943
3027665,1.7517968874703223
3027666,9.158141010175507
3027667,7.785346209059101
3027668,1.7517968874703223
3027669,93.3450258681016
3027670,2.398704939168876
3027671,2.4726708496907266
3027672,1.7517968874703223
3027673,6.291304557955158
3027674,1.7517968874703223
3027675,295.12224426866175
3027676,117.65693109561377
3027677,2.3793254727066504
3027678,2.307347765530427
3027679,14.717425388529287
3027680,8.54863899933723
3027681,67.39107737872997
3027682,4.575989432102584
3027683,3.2332407848163296
3027684,1.7470938312046247
3027685,1.7016637322005486
3027686,3.967361774304768
3027687,729.5203604977027
3027688,1.7016637322005486
3027689,56.27488340391803
3027690,2.3638478840842767
3027691,513.8563571624911
3027692,110.63361590814291
3027693,99.96254671504147
3027694,37.31613201736193
3027695,37.616055674359814
3027696,762.8539223296021
3027697,3.027164636702434
3027698,1.7016637322005486
3027699,8.313512889222368
3027700,3.2553750340815446
3027701,1.7016637322005486
3027702,92.30681165663681
3027703,2.3082182071243196
3027704,2.3638478840842767
3027705,1.7016637322005486
3027706,5.445331316936598
3027707,1.7016637322005486
3027708,312.0179712210761
3027709,143.15722449988328
3027710,2.2884731448403115
3027711,2.2340899785846355
3027712,37.53864671733966
3027713,7.2356638338288715
3027714,51.32089702567551
3027715,11.117122769686768
3027716,2.9635004825037736
3027717,1.8116841580619032
3027718,1.7517968874703223
3027719,1.8116841580619032
3027720,518.0019742115888
3027721,1.7517968874703223
3027722,73.3554794247347
3027723,2.4726708496907266
3027724,281.6391964838772
3027725,120.38631439359119
3027726,94.94490949338072
3027727,46.733299786547505
3027728,14.704938390086753
3027729,790.040936896342
3027730,3.2273104292866943
3027731,1.7517968874703223
3027732,4.335134770418882
3027733,3.614132249509807
3027734,1.7517968874703223
3027735,101.11135062080838
3027736,2.398704939168876
3027737,2.4726708496907266
3027738,3.987923622670553
3027739,6.291304557955158
3027740,1.7517968874703223
3027741,239.9977366989823
3027742,125.49865740827957
3027743,2.3793254727066504
3027744,2.307347765530427
3027745,14.717425388529287
3027746,8.54863899933723
3027747,56.259571758049894
3027748,1.8116841580619032
3027749,3.2332407848163296
3027750,1.8116841580619032
3027751,1.7517968874703223
3027752,1.8116841580619032
3027753,421.7227210848811
3027754,1.7517968874703223
3027755,73.3554794247347
3027756,2.4726708496907266
3027757,357.65485742459964
3027758,108.18846271076332
3027759,74.0684305608883
3027760,46.733299786547505
3027761,46.972360325927106
3027762,790.040936896342
3027763,3.2273104292866943
3027764,1.7517968874703223
3027765,4.335134770418882
3027766,3.614132249509807
3027767,1.7517968874703223
3027768,84.95009241657328
3027769,2.398704939168876
3027770,2.4726708496907266
3027771,1.7517968874703223
3027772,6.291304557955158
3027773,1.7517968874703223
3027774,212.33601242085857
3027775,105.50027645573462
3027776,2.3793254727066504
3027777,2.307347765530427
3027778,14.717425388529287
3027779,8.54863899933723
3027780,56.259571758049894
3027781,7.783735405607523
3027782,3.2332407848163296
3027783,1.8137437405402945
3027784,1.7538126020153846
3027785,3.991577319003177
3027786,338.57142804216403
3027787,1.7538126020153846
3027788,75.20074165434684
3027789,2.475214610523442
3027790,366.5555096292896
3027791,110.89816679321126
3027792,88.5767904871286
3027793,47.917885722544696
3027794,15.09468410692995
3027795,809.6720114886227
3027796,3.230406970007997
3027797,1.7538126020153846
3027798,10.465190887129623
3027799,7.891444616997589
3027800,1.7538126020153846
3027801,103.6454236975073
3027802,2.4011945193451787
3027803,2.475214610523442
3027804,1.7538126020153846
3027805,6.3793598021066025
3027806,1.7538126020153846
3027807,130.37678516169407
3027808,116.74742374878278
3027809,2.381800857259504
3027810,2.3097704258026712
3027811,15.1074809922398
3027812,8.663955501578695
3027813,69.08832246282893
3027814,6.302373676310771
3027815,3.236341669573325
3027816,1.8116841580619032
3027817,1.7517968874703223
3027818,3.987923622670553
3027819,723.8700572744982
3027820,1.7517968874703223
3027821,65.10493378774729
3027822,2.4726708496907266
3027823,456.84416843654134
3027824,113.05814686185573
3027825,94.94490949338072
3027826,56.01285739680612
3027827,46.972360325927106
3027828,790.040936896342
3027829,3.2273104292866943
3027830,1.7517968874703223
3027831,10.328380891427697
3027832,7.785346209059101
3027833,1.7517968874703223
3027834,93.3450258681016
3027835,2.398704939168876
3027836,2.4726708496907266
3027837,3.987923622670553
3027838,14.825109641701365
3027839,1.7517968874703223
3027840,212.33601242085857
3027841,110.250070485872
3027842,2.3793254727066504
3027843,2.307347765530427
3027844,14.717425388529287
3027845,24.292676755496984
3027846,67.39107737872997
3027847,7.783735405607523
3027848,3.2332407848163296
3027849,1.8137437405402945
3027850,1.7538126020153846
3027851,3.991577319003177
3027852,382.92461889568375
3027853,1.7538126020153846
3027854,66.74544419065599
3027855,2.475214610523442
3027856,433.6507269376423
3027857,110.89816679321126
3027858,109.9940976521519
3027859,47.917885722544696
3027860,48.162878970412216
3027861,809.6720114886227
3027862,3.230406970007997
3027863,1.7538126020153846
3027864,4.39956584596318
3027865,7.891444616997589
3027866,1.7538126020153846
3027867,103.6454236975073
3027868,2.4011945193451787
3027869,2.475214610523442
3027870,1.7538126020153846
3027871,6.3793598021066025
3027872,1.7538126020153846
3027873,192.37288314815976
3027874,109.8980980166696
3027875,2.381800857259504
3027876,2.3097704258026712
3027877,15.1074809922398
3027878,8.663955501578695
3027879,18.210535259942734
3027880,1.8137437405402945
3027881,3.236341669573325
3027882,1.8137437405402945
3027883,1.7538126020153846
3027884,3.991577319003177
3027885,741.8589849018066
3027886,1.7538126020153846
3027887,75.20074165434684
3027888,2.475214610523442
3027889,468.20637815666436
3027890,119.62204001221815
3027891,109.9940976521519
3027892,47.917885722544696
3027893,48.162878970412216
3027894,809.6720114886227
3027895,3.230406970007997
3027896,1.7538126020153846
3027897,4.39956584596318
3027898,7.891444616997589
3027899,1.7538126020153846
3027900,95.68636391249427
3027901,2.4011945193451787
3027902,2.475214610523442
3027903,7.790169566245503
3027904,6.3793598021066025
3027905,1.7538126020153846
3027906,327.80159133993897
3027907,120.60161190362403
3027908,2.381800857259504
3027909,2.3097704258026712
3027910,48.201968381518824
3027911,8.663955501578695
3027912,57.68056891745687
3027913,7.790169566245503
3027914,3.236341669573325
3027915,1.745083034613688
3027916,1.6996861891836859
3027917,3.963725803080102
3027918,599.1275357178343
3027919,1.6996861891836859
3027920,54.88792604948582
3027921,2.3613856406104965
3027922,353.47029422740286
3027923,101.34713235346149
3027924,94.30140293676892
3027925,36.38827607184915
3027926,36.68093683633431
3027927,744.3565854111564
3027928,2.979109930761456
3027929,1.6996861891836859
3027930,3.7203688236802774
3027931,7.196879180858485
3027932,1.6996861891836859
3027933,88.07583068461061
3027934,2.305796683033152
3027935,2.3613856406104965
3027936,3.963725803080102
3027937,13.218761536467317
3027938,1.6996861891836859
3027939,272.66434528020983
3027940,99.04584694878508
3027941,2.286066073587805
3027942,2.231722714303434
3027943,36.60540239945031
3027944,7.137390621912848
3027945,50.05390443472615
3027946,9.857330414575106
3027947,2.960599309938111
3027948,1.8116841580619032
3027949,1.7517968874703223
3027950,1.8116841580619032
3027951,642.8528851694794
3027952,1.7517968874703223
3027953,73.3554794247347
3027954,2.4726708496907266
3027955,281.6391964838772
3027956,108.18846271076332
3027957,94.94490949338072
3027958,46.733299786547505
3027959,14.704938390086753
3027960,790.040936896342
3027961,3.2273104292866943
3027962,1.7517968874703223
3027963,9.158141010175507
3027964,3.614132249509807
3027965,1.7517968874703223
3027966,101.11135062080838
3027967,2.398704939168876
3027968,2.4726708496907266
3027969,1.7517968874703223
3027970,14.825109641701365
3027971,1.7517968874703223
3027972,187.6902032980991
3027973,107.21261140376717
3027974,2.3793254727066504
3027975,2.307347765530427
3027976,14.717425388529287
3027977,8.54863899933723
3027978,56.259571758049894
3027979,5.197540350450389
3027980,3.2332407848163296
3028014,1.7470938312046247
3028015,1.7016637322005486
3028016,3.967361774304768
3028017,719.0091910209362
3028018,1.7016637322005486
3028019,56.27488340391803
3028020,2.3638478840842767
3028021,527.597333717444
3028022,100.70273276314921
3028023,99.96254671504147
3028024,37.31613201736193
3028025,10.753800374939532
3028026,762.8539223296021
3028027,3.027164636702434
3028028,1.7016637322005486
3028029,3.7773755261092052
3028030,3.2553750340815446
3028031,1.7016637322005486
3028032,86.29206168103369
3028033,2.3082182071243196
3028034,2.3638478840842767
3028035,3.967361774304768
3028036,13.390477929421827
3028037,1.7016637322005486
3028038,396.6020166256337
3028039,108.3045120210087
3028040,2.2884731448403115
3028041,2.2340899785846355
3028042,10.730238946612415
3028043,7.2356638338288715
3028044,51.32089702567551
3028045,11.117122769686768
3028046,2.9635004825037736
3028047,1.7470938312046247
3028048,1.7016637322005486
3028049,3.967361774304768
3028050,531.9532503055995
3028051,1.7016637322005486
3028052,56.27488340391803
3028053,2.3638478840842767
3028054,439.865206327175
3028055,92.44495853373523
3028056,96.66647516317121
3028057,37.31613201736193
3028058,37.616055674359814
3028059,762.8539223296021
3028060,3.027164636702434
3028061,1.7016637322005486
3028062,8.313512889222368
3028063,7.29587082108052
3028064,1.7016637322005486
3028065,86.29206168103369
3028066,2.3082182071243196
3028067,2.3638478840842767
3028068,1.7016637322005486
3028069,13.390477929421827
3028070,1.7016637322005486
3028071,312.0179712210761
3028072,108.3045120210087
3028073,2.2884731448403115
3028074,2.2340899785846355
3028075,10.730238946612415
3028076,7.2356638338288715
3028077,51.32089702567551
3028078,1.7470938312046247
3028079,2.9635004825037736
3028080,1.8137437405402945
3028081,1.7538126020153846
3028082,1.8137437405402945
3028083,486.1809400989454
3028084,1.7538126020153846
3028085,75.20074165434684
3028086,2.475214610523442
3028087,255.19095292240831
3028088,89.00145126245707
3028089,88.5767904871286
3028090,47.917885722544696
3028091,48.162878970412216
3028092,809.6720114886227
3028093,3.230406970007997
3028094,1.7538126020153846
3028095,9.280818314307579
3028096,8.906157588854217
3028097,1.7538126020153846
3028098,87.0830953962463
3028099,2.4011945193451787
3028100,2.475214610523442
3028101,1.7538126020153846
3028102,15.016225495132982
3028103,1.7538126020153846
3028104,245.97852015156928
3028105,109.8980980166696
3028106,2.381800857259504
3028107,2.3097704258026712
3028108,15.1074809922398
3028109,8.663955501578695
3028110,69.08832246282893
3028111,9.4058471114399
3028112,3.236341669573325
3028113,1.772597480762022
3028114,1.7267456148305858
3028115,1.772597480762022
3028116,735.5554714748697
3028117,1.7267456148305858
3028118,102.72354991320917
3028119,2.472422937120056
3028120,130.53306721847756
3028121,101.14241874545438
3028122,94.2458071550521
3028123,10.774502327130289
3028124,38.003190679314315
3028125,765.5869629360012
3028126,3.085698853221623
3028127,1.7267456148305858
3028128,3.827281309301763
3028129,7.391532074369735
3028130,1.7267456148305858
3028131,40.584413391244816
3028132,2.414997698846263
3028133,2.472422937120056
3028134,5.243824832799564
3028135,16.324533976536234
3028136,1.7267456148305858
3028137,10.993747456700177
3028138,98.70820143257707
3028139,2.3328695812083526
3028140,2.277752208324305
3028141,10.842880832860487
3028142,7.309860200528782
3028143,12.409082225977572
3028144,1.772597480762022
3028145,3.0914305465031866
3028146,1.772597480762022
3028147,1.7267456148305858
3028148,4.013478092749234
3028149,735.5554714748697
3028150,1.7267456148305858
3028151,123.93246220037845
3028152,2.472422937120056
3028153,255.09209967477506
3028154,197.86912877151286
3028155,103.71809427400986
3028156,10.774502327130289
3028157,38.003190679314315
3028158,765.5869629360012
3028159,3.085698853221623
3028160,1.7267456148305858
3028161,8.410804415180587
3028162,9.361420121919371
3028163,1.7267456148305858
3028164,40.584413391244816
3028165,2.414997698846263
3028166,2.472422937120056
3028167,1.7267456148305858
3028168,13.520123966339032
3028169,1.7267456148305858
3028170,10.993747456700177
3028171,90.5949909731209
3028172,2.3328695812083526
3028173,2.277752208324305
3028174,10.842880832860487
3028175,7.309860200528782
3028176,59.285957616483095
3028177,1.772597480762022
3028178,6.9564200978362605
3028179,1.772597480762022
3028180,1.7267456148305858
3028181,1.772597480762022
3028182,732.1341348735066
3028183,1.7267456148305858
3028184,109.55268009849462
3028185,2.472422937120056
3028186,162.11820731948632
3028187,225.06406152667265
3028188,77.84415310691335
3028189,37.684070079306714
3028190,10.871634977332844
3028191,765.5869629360012
3028192,3.085698853221623
3028193,1.7267456148305858
3028194,8.410804415180587
3028195,8.399771020854613
3028196,1.7267456148305858
3028197,11.657297208999754
3028198,2.414997698846263
3028199,2.472422937120056
3028200,1.7267456148305858
3028201,16.324533976536234
3028202,1.7267456148305858
3028203,38.40438026492588
3028204,86.53219369918367
3028205,2.3328695812083526
3028206,2.277752208324305
3028207,37.90872151968995
3028208,7.309860200528782
3028209,12.409082225977572
3028210,1.772597480762022
3028211,3.0914305465031866
3028212,1.772597480762022
3028213,1.7267456148305858
3028214,4.013478092749234
3028215,735.5554714748697
3028216,1.7267456148305858
3028217,87.1711254390829
3028218,2.472422937120056
3028219,93.31851509718618
3028220,94.87220398148528
3028221,41.289593356370894
3028222,10.774502327130289
3028223,38.003190679314315
3028224,765.5869629360012
3028225,3.085698853221623
3028226,1.7267456148305858
3028227,8.410804415180587
3028228,7.391532074369735
3028229,1.7267456148305858
3028230,49.24623031080303
3028231,2.414997698846263
3028232,2.472422937120056
3028233,1.7267456148305858
3028234,13.520123966339032
3028235,1.7267456148305858
3028236,10.993747456700177
3028237,76.52942499709688
3028238,2.3328695812083526
3028239,2.277752208324305
3028240,10.842880832860487
3028241,7.309860200528782
3028242,43.054335556390896
3028243,1.772597480762022
3028244,3.0914305465031866
3028245,1.772597480762022
3028246,1.7267456148305858
3028247,1.772597480762022
3028248,736.88232774593
3028249,1.7267456148305858
3028250,143.80793480847487
3028251,2.472422937120056
3028252,134.65138235283632
3028253,197.86912877151286
3028254,88.01654671192085
3028255,10.774502327130289
3028256,38.003190679314315
3028257,765.5869629360012
3028258,3.085698853221623
3028259,1.7267456148305858
3028260,3.827281309301763
3028261,8.399771020854613
3028262,1.7267456148305858
3028263,49.24623031080303
3028264,2.414997698846263
3028265,2.472422937120056
3028266,1.7267456148305858
3028267,16.324533976536234
3028268,1.7267456148305858
3028269,10.993747456700177
3028270,98.70820143257707
3028271,2.3328695812083526
3028272,2.277752208324305
3028273,10.842880832860487
3028274,7.309860200528782
3028275,52.23062441039167
3028276,1.772597480762022
3028277,6.9564200978362605
3028278,1.7470938312046247
3028279,1.7016637322005486
3028280,1.7470938312046247
3028281,707.1061244714823
3028282,1.7016637322005486
3028283,56.27488340391803
3028284,5.490042001871784
3028285,466.7431459776929
3028286,110.63361590814291
3028287,93.88908945796103
3028288,37.31613201736193
3028289,10.753800374939532
3028290,762.8539223296021
3028291,2.957948006706167
3028292,1.7016637322005486
3028293,8.313512889222368
3028294,7.29587082108052
3028295,1.7016637322005486
3028296,86.29206168103369
3028297,2.3082182071243196
3028298,2.3638478840842767
3028299,1.7016637322005486
3028300,13.390477929421827
3028301,1.7016637322005486
3028302,396.6020166256337
3028303,108.3045120210087
3028304,2.2884731448403115
3028305,2.2340899785846355
3028306,10.730238946612415
3028307,7.2356638338288715
3028308,51.32089702567551
3028309,1.7951350325941688
3028310,2.9635004825037736
3028311,1.7470938312046247
3028312,1.7016637322005486
3028313,1.7470938312046247
3028314,724.7481640196535
3028315,1.7016637322005486
3028316,56.27488340391803
3028317,2.3638478840842767
3028318,439.865206327175
3028319,100.70273276314921
3028320,96.66647516317121
3028321,37.31613201736193
3028322,37.616055674359814
3028323,762.8539223296021
3028324,2.957948006706167
3028325,1.7016637322005486
3028326,8.313512889222368
3028327,8.292616109389403
3028328,1.7016637322005486
3028329,90.28640436667553
3028330,2.3082182071243196
3028331,2.3638478840842767
3028332,1.7016637322005486
3028333,13.390477929421827
3028334,1.7016637322005486
3028335,339.4617475480426
3028336,86.29206168103369
3028337,2.2884731448403115
3028338,2.2340899785846355
3028339,10.730238946612415
3028340,7.2356638338288715
3028341,51.32089702567551
3028342,1.7951350325941688
3028343,2.9635004825037736
3028377,1.8137437405402945
3028378,1.7538126020153846
3028379,1.8137437405402945
3028380,755.8284010362688
3028381,1.7538126020153846
3028382,75.20074165434684
3028383,2.475214610523442
3028384,366.5555096292896
3028385,106.28679139153581
3028386,75.9313859291
3028387,47.917885722544696
3028388,48.162878970412216
3028389,809.6720114886227
3028390,3.230406970007997
3028391,1.7538126020153846
3028392,9.280818314307579
3028393,7.891444616997589
3028394,1.7538126020153846
3028395,87.0830953962463
3028396,2.4011945193451787
3028397,2.475214610523442
3028398,1.7538126020153846
3028399,6.3793598021066025
3028400,1.7538126020153846
3028401,327.80159133993897
3028402,108.14326845992099
3028403,2.381800857259504
3028404,2.3097704258026712
3028405,15.1074809922398
3028406,8.663955501578695
3028407,57.68056891745687
3028408,1.8137437405402945
3028409,3.236341669573325
3028410,1.7470938312046247
3028411,1.7016637322005486
3028412,1.7470938312046247
3028413,719.0091910209362
3028414,1.7016637322005486
3028415,56.27488340391803
3028416,2.3638478840842767
3028417,527.597333717444
3028418,78.06037105038983
3028419,77.8099542689278
3028420,37.31613201736193
3028421,37.616055674359814
3028422,762.8539223296021
3028423,3.027164636702434
3028424,1.7016637322005486
3028425,8.313512889222368
3028426,7.29587082108052
3028427,1.7016637322005486
3028428,90.28640436667553
3028429,2.3082182071243196
3028430,2.3638478840842767
3028431,1.7016637322005486
3028432,13.390477929421827
3028433,1.7016637322005486
3028434,339.4617475480426
3028435,98.27899387092712
3028436,2.2884731448403115
3028437,2.2340899785846355
3028438,10.730238946612415
3028439,7.2356638338288715
3028440,42.30143370872252
3028441,1.7470938312046247
3028442,2.9635004825037736
3028443,1.8137437405402945
3028444,1.7538126020153846
3028445,1.8137437405402945
3028446,530.881922636589
3028447,1.7538126020153846
3028448,66.74544419065599
3028449,2.475214610523442
3028450,255.19095292240831
3028451,56.53433765416508
3028452,56.26286896012165
3028453,47.917885722544696
3028454,15.09468410692995
3028455,809.6720114886227
3028456,3.230406970007997
3028457,1.7538126020153846
3028458,4.39956584596318
3028459,3.6698559596563474
3028460,1.7538126020153846
3028461,95.68636391249427
3028462,2.4011945193451787
3028463,2.475214610523442
3028464,1.7538126020153846
3028465,6.3793598021066025
3028466,1.7538126020153846
3028467,245.97852015156928
3028468,95.68636391249427
3028469,2.381800857259504
3028470,2.3097704258026712
3028471,15.1074809922398
3028472,8.663955501578695
3028473,18.210535259942734
3028474,1.8137437405402945
3028475,3.236341669573325
3028476,10.072648541314715
3028477,1.7538126020153846
3028478,3.991577319003177
3028479,779.3166239413845
3028480,1.7538126020153846
3028481,444.91463511859666
3028482,12.49486852161735
3028483,587.7128390670047
3028484,446.82228244783965
3028485,444.91463511859666
3028486,192.1368837312161
3028487,119.70190897090252
3028488,809.6720114886227
3028489,7.034240519368826
3028490,1.7538126020153846
3028491,32.86784604452476
3028492,17.385537398759844
3028493,1.7538126020153846
3028494,444.91463511859666
3028495,2.4011945193451787
3028496,2.475214610523442
3028497,12.10740086311952
3028498,41.45753824386854
3028499,4.580073891625225
3028500,375.5815293166935
3028501,444.91463511859666
3028502,6.0796140350826535
3028503,5.344666194284256
3028504,192.26542811411042
3028505,46.54464315314262
3028506,444.91463511859666
3028507,1.8137437405402945
3028508,7.0455114926005
3028509,1.7470938312046247
3028510,1.7016637322005486
3028511,1.7470938312046247
3028512,707.1061244714823
3028513,1.7016637322005486
3028514,49.57193958862078
3028515,2.3638478840842767
3028516,486.03038435229
3028517,78.06037105038983
3028518,66.72665153656935
3028519,37.31613201736193
3028520,10.753800374939532
3028521,762.8539223296021
3028522,3.027164636702434
3028523,1.7016637322005486
3028524,3.7773755261092052
3028525,8.292616109389403
3028526,1.7016637322005486
3028527,92.30681165663681
3028528,2.3082182071243196
3028529,2.3638478840842767
3028530,1.7016637322005486
3028531,13.390477929421827
3028532,1.7016637322005486
3028533,360.2184554319373
3028534,98.27899387092712
3028535,2.2884731448403115
3028536,2.2340899785846355
3028537,10.730238946612415
3028538,7.2356638338288715
3028539,12.179916976837614
3028540,1.7470938312046247
3028541,2.9635004825037736
3028542,1.8137437405402945
3028543,1.7538126020153846
3028544,3.991577319003177
3028545,765.743123270315
3028546,1.7538126020153846
3028547,55.71902346902121
3028548,2.475214610523442
3028549,288.65338612954474
3028550,89.00145126245707
3028551,67.39501557098505
3028552,47.917885722544696
3028553,15.09468410692995
3028554,809.6720114886227
3028555,3.230406970007997
3028556,1.7538126020153846
3028557,9.280818314307579
3028558,3.6698559596563474
3028559,1.7538126020153846
3028560,108.14326845992099
3028561,2.4011945193451787
3028562,2.475214610523442
3028563,1.7538126020153846
3028564,15.016225495132982
3028565,1.7538126020153846
3028566,327.80159133993897
3028567,103.6454236975073
3028568,2.381800857259504
3028569,2.3097704258026712
3028570,15.1074809922398
3028571,8.663955501578695
3028572,57.68056891745687
3028573,1.8137437405402945
3028574,3.236341669573325
3028575,1.7470938312046247
3028576,1.7016637322005486
3028577,1.7470938312046247
3028578,707.1061244714823
3028579,1.7016637322005486
3028580,40.853974494045104
3028581,2.3638478840842767
3028582,404.3281564238613
3028583,92.44495853373523
3028584,93.88908945796103
3028585,37.31613201736193
3028586,37.616055674359814
3028587,762.8539223296021
3028588,2.957948006706167
3028589,1.7016637322005486
3028590,8.313512889222368
3028591,7.29587082108052
3028592,1.7016637322005486
3028593,76.49579642554005
3028594,2.3082182071243196
3028595,2.3638478840842767
3028596,1.7016637322005486
3028597,13.390477929421827
3028598,1.7016637322005486
3028599,360.2184554319373
3028600,90.28640436667553
3028601,2.2884731448403115
3028602,2.2340899785846355
3028603,10.730238946612415
3028604,7.2356638338288715
3028605,42.30143370872252
3028606,1.7951350325941688
3028607,2.9635004825037736
3028608,1.772597480762022
3028609,1.7267456148305858
3028610,4.013478092749234
3028611,736.88232774593
3028612,1.7267456148305858
3028613,109.55268009849462
3028614,2.472422937120056
3028615,125.9813069617621
3028616,104.34050936916569
3028617,97.08871140897986
3028618,10.774502327130289
3028619,10.871634977332844
3028620,765.5869629360012
3028621,3.085698853221623
3028622,1.7267456148305858
3028623,3.827281309301763
3028624,7.391532074369735
3028625,1.7267456148305858
3028626,55.90600372355906
3028627,2.414997698846263
3028628,2.472422937120056
3028629,1.7267456148305858
3028630,16.324533976536234
3028631,1.7267456148305858
3028632,10.993747456700177
3028633,143.71162039363216
3028634,2.3328695812083526
3028635,2.277752208324305
3028636,10.842880832860487
3028637,7.309860200528782
3028638,43.054335556390896
3028639,1.772597480762022
3028640,3.0914305465031866
3028641,1.772597480762022
3028642,1.7267456148305858
3028643,4.013478092749234
3028644,736.88232774593
3028645,1.7267456148305858
3028646,102.72354991320917
3028647,2.472422937120056
3028648,187.36331285465067
3028649,197.86912877151286
3028650,97.08871140897986
3028651,10.774502327130289
3028652,38.003190679314315
3028653,765.5869629360012
3028654,3.085698853221623
3028655,1.7267456148305858
3028656,8.410804415180587
3028657,9.361420121919371
3028658,1.7267456148305858
3028659,55.90600372355906
3028660,2.414997698846263
3028661,2.472422937120056
3028662,1.7267456148305858
3028663,16.324533976536234
3028664,1.7267456148305858
3028665,10.993747456700177
3028666,123.84936732710649
3028667,2.3328695812083526
3028668,2.277752208324305
3028669,10.842880832860487
3028670,7.309860200528782
3028671,43.054335556390896
3028672,1.772597480762022
3028673,3.0914305465031866
3028674,1.7470938312046247
3028675,1.7016637322005486
3028676,3.967361774304768
3028677,715.9907372664882
3028678,1.7016637322005486
3028679,56.27488340391803
3028680,2.3638478840842767
3028681,527.597333717444
3028682,103.88705676928235
3028683,93.88908945796103
3028684,37.31613201736193
3028685,37.616055674359814
3028686,762.8539223296021
3028687,3.027164636702434
3028688,1.7016637322005486
3028689,3.7773755261092052
3028690,8.292616109389403
3028691,1.7016637322005486
3028692,76.49579642554005
3028693,2.3082182071243196
3028694,2.3638478840842767
3028695,5.186391209080875
3028696,13.390477929421827
3028697,1.7016637322005486
3028698,339.4617475480426
3028699,101.52866091263047
3028700,2.2884731448403115
3028701,2.2340899785846355
3028702,10.730238946612415
3028703,7.2356638338288715
3028704,42.30143370872252
3028705,5.186391209080875
3028706,2.9635004825037736
3028740,1.8137437405402945
3028741,1.7538126020153846
3028742,3.991577319003177
3028743,765.743123270315
3028744,1.7538126020153846
3028745,75.20074165434684
3028746,2.475214610523442
3028747,496.8121754269847
3028748,97.79208979053857
3028749,105.41997935948878
3028750,47.917885722544696
3028751,48.162878970412216
3028752,809.6720114886227
3028753,3.230406970007997
3028754,1.7538126020153846
3028755,9.280818314307579
3028756,7.891444616997589
3028757,1.7538126020153846
3028758,103.6454236975073
3028759,2.4011945193451787
3028760,2.475214610523442
3028761,1.7538126020153846
3028762,15.016225495132982
3028763,1.7538126020153846
3028764,245.97852015156928
3028765,128.63794447115734
3028766,2.381800857259504
3028767,2.3097704258026712
3028768,15.1074809922398
3028769,8.663955501578695
3028770,57.68056891745687
3028771,1.8137437405402945
3028772,3.236341669573325
3028773,1.772597480762022
3028774,1.7267456148305858
3028775,1.772597480762022
3028776,735.5554714748697
3028777,1.7267456148305858
3028778,123.93246220037845
3028779,2.472422937120056
3028780,162.11820731948632
3028781,125.66995904049185
3028782,94.2458071550521
3028783,10.774502327130289
3028784,38.003190679314315
3028785,765.5869629360012
3028786,3.085698853221623
3028787,1.7267456148305858
3028788,3.827281309301763
3028789,7.391532074369735
3028790,1.7267456148305858
3028791,49.24623031080303
3028792,2.414997698846263
3028793,2.472422937120056
3028794,1.7267456148305858
3028795,13.520123966339032
3028796,1.7267456148305858
3028797,10.993747456700177
3028798,101.97191758590768
3028799,2.3328695812083526
3028800,2.277752208324305
3028801,10.842880832860487
3028802,7.309860200528782
3028803,12.409082225977572
3028804,1.772597480762022
3028805,3.0914305465031866
3028806,1.772597480762022
3028807,1.7267456148305858
3028808,1.772597480762022
3028809,735.5554714748697
3028810,1.7267456148305858
3028811,102.72354991320917
3028812,2.472422937120056
3028813,122.3010088668495
3028814,225.06406152667265
3028815,103.71809427400986
3028816,10.774502327130289
3028817,38.003190679314315
3028818,765.5869629360012
3028819,3.085698853221623
3028820,1.7267456148305858
3028821,3.827281309301763
3028822,3.304444567317459
3028823,1.7267456148305858
3028824,49.24623031080303
3028825,2.414997698846263
3028826,2.472422937120056
3028827,4.616621685359159
3028828,18.674626091824127
3028829,1.7267456148305858
3028830,10.993747456700177
3028831,101.97191758590768
3028832,2.3328695812083526
3028833,2.277752208324305
3028834,10.842880832860487
3028835,7.309860200528782
3028836,43.054335556390896
3028837,1.772597480762022
3028838,6.9564200978362605
3028839,1.7470938312046247
3028840,1.7016637322005486
3028841,1.7470938312046247
3028842,715.9907372664882
3028843,1.7016637322005486
3028844,56.27488340391803
3028845,2.3638478840842767
3028846,513.8563571624911
3028847,97.30879183745309
3028848,91.8344205149887
3028849,37.31613201736193
3028850,10.753800374939532
3028851,762.8539223296021
3028852,2.957948006706167
3028853,1.7016637322005486
3028854,8.313512889222368
3028855,3.2553750340815446
3028856,1.7016637322005486
3028857,90.28640436667553
3028858,2.3082182071243196
3028859,2.3638478840842767
3028860,1.7016637322005486
3028861,13.390477929421827
3028862,1.7016637322005486
3028863,312.0179712210761
3028864,98.27899387092712
3028865,2.2884731448403115
3028866,2.2340899785846355
3028867,10.730238946612415
3028868,7.2356638338288715
3028869,12.179916976837614
3028870,1.7951350325941688
3028871,2.9635004825037736
3028872,1.4616707397224218
3028873,1.4143024133093034
3028874,4.245381359345849
3028875,1253.4391995400783
3028876,1.4143024133093034
3028877,181.47659244953698
3028878,1.7164465618095028
3028879,235.27772210098445
3028880,451.5451570157803
3028881,85.25967846779946
3028882,2.7094434245681347
3028883,19.556367148937667
3028884,1301.6131720805674
3028885,1.789922201977288
3028886,1.4143024133093034
3028887,6.5136419083908095
3028888,7.981875609027654
3028889,1.4143024133093034
3028890,43.292077313053
3028891,9.028176680523202
3028892,1.7164465618095028
3028893,10.246019777861788
3028894,14.410773374535433
3028895,1.4327181711774921
3028896,2.775016104634192
3028897,181.35522391923158
3028898,1.7037899909980783
3028899,1.6719897734538391
3028900,2.730985413470565
3028901,2.5500193740478516
3028902,36.263511307705045
3028903,12.567665104966613
3028904,5.6992581664699475
3028905,1.4616707397224218
3028906,1.4143024133093034
3028907,4.245381359345849
3028908,1253.4391995400783
3028909,1.4143024133093034
3028910,109.86562682428867
3028911,1.7164465618095028
3028912,292.0808804179024
3028913,281.71390643746946
3028914,80.98075895961234
3028915,2.7094434245681347
3028916,2.738157207460168
3028917,1301.6131720805674
3028918,1.789922201977288
3028919,1.4143024133093034
3028920,6.5136419083908095
3028921,7.981875609027654
3028922,1.4143024133093034
3028923,55.105227747089906
3028924,9.028176680523202
3028925,1.7164465618095028
3028926,10.246019777861788
3028927,18.739677015103155
3028928,1.4327181711774921
3028929,2.775016104634192
3028930,109.79188806136877
3028931,1.7037899909980783
3028932,1.6719897734538391
3028933,2.730985413470565
3028934,2.5500193740478516
3028935,45.87937814387212
3028936,13.09406493360963
3028937,5.6992581664699475
3028938,1.5279073522613027
3028939,1.4258495832343425
3028940,4.386519768764827
3028941,1324.3570314327444
3028942,1.4258495832343425
3028943,146.8460527182127
3028944,1.7895384727193426
3028945,382.5608271398899
3028946,410.560042717455
3028947,85.61541776528627
3028948,2.919151224910571
3028949,20.718490423088188
3028950,1375.2544469966028
3028951,1.8649911350088555
3028952,1.4258495832343425
3028953,2.2061544319039643
3028954,8.223552533966313
3028955,1.4258495832343425
3028956,36.197285895877535
3028957,11.359035468906939
3028958,1.7895384727193426
3028959,7.077205889937661
3028960,19.2708160163489
3028961,1.4981757518037089
3028962,2.9884309577404298
3028963,146.74771759539507
3028964,1.7765413493054196
3028965,1.743885477650279
3028966,2.9419110577293717
3028967,2.6455403769139143
3028968,38.37014782832649
3028969,12.93273268371043
3028970,5.879516297791133
3028971,1.5279073522613027
3028972,1.4258495832343425
3028973,4.386519768764827
3028974,1324.3570314327444
3028975,1.4258495832343425
3028976,116.13324815554355
3028977,1.7895384727193426
3028978,461.2436593865527
3028979,358.97070409252035
3028980,85.61541776528627
3028981,2.919151224910571
3028982,20.718490423088188
3028983,1375.2544469966028
3028984,1.8649911350088555
3028985,1.4258495832343425
3028986,6.715812807939341
3028987,8.223552533966313
3028988,1.4258495832343425
3028989,36.197285895877535
3028990,13.404954771536655
3028991,1.7895384727193426
3028992,5.774608266723163
3028993,14.825433795387948
3028994,1.4981757518037089
3028995,2.9884309577404298
3028996,474.16839516822944
3028997,1.7765413493054196
3028998,1.743885477650279
3028999,20.676822689380057
3029000,2.6455403769139143
3029001,48.52963322172582
3029002,14.710520450329135
3029003,5.879516297791133
3029004,1.5279073522613027
3029005,1.4258495832343425
3029006,4.386519768764827
3029007,1324.3570314327444
3029008,1.4258495832343425
3029009,89.27068681005483
3029010,1.7895384727193426
3029011,527.4902855708675
3029012,148.3430045409876
3029013,85.61541776528627
3029014,2.919151224910571
3029015,20.718490423088188
3029016,1375.2544469966028
3029017,1.8649911350088555
3029018,1.4258495832343425
3029019,6.715812807939341
3029020,7.185549941223121
3029021,1.4258495832343425
3029022,29.910768412605353
3029023,14.189309847421335
3029024,1.7895384727193426
3029025,5.021993416965505
3029026,12.131765745290316
3029027,1.4981757518037089
3029028,2.9884309577404298
3029029,96.26760985486303
3029030,1.7765413493054196
3029031,1.743885477650279
3029032,2.9419110577293717
3029033,2.6455403769139143
3029034,31.716406387765794
3029035,14.710520450329135
3029036,5.879516297791133
3029037,1.4616707397224218
3029038,1.4143024133093034
3029039,4.245381359345849
3029040,1253.4391995400783
3029041,1.4143024133093034
3029042,91.64911233603604
3029043,1.7164465618095028
3029044,436.5097066837184
3029045,388.5380929854476
3029046,80.98075895961234
3029047,2.7094434245681347
3029048,19.556367148937667
3029049,1301.6131720805674
3029050,1.789922201977288
3029051,1.4143024133093034
3029052,6.5136419083908095
3029053,6.971070917935556
3029054,1.4143024133093034
3029055,28.25678037317984
3029056,9.028176680523202
3029057,1.7164465618095028
3029058,4.993328415741292
3029059,11.787685223967378
3029060,1.4327181711774921
3029061,2.775016104634192
3029062,181.35522391923158
3029063,1.7037899909980783
3029064,1.6719897734538391
3029065,2.730985413470565
3029066,2.5500193740478516
3029067,21.909200409724026
3029068,14.298871006403997
3029069,5.6992581664699475
3029103,1.5279073522613027
3029104,1.4258495832343425
3029105,1.5279073522613027
3029106,1321.9737811197544
3029107,1.4258495832343425
3029108,89.27068681005483
3029109,1.7895384727193426
3029110,190.7735419520857
3029111,297.6967115808373
3029112,90.13623954699521
3029113,2.919151224910571
3029114,2.9494882982967843
3029115,1375.2544469966028
3029116,1.8649911350088555
3029117,1.4258495832343425
3029118,2.2061544319039643
3029119,8.223552533966313
3029120,1.4258495832343425
3029121,29.910768412605353
3029122,9.29800661453548
3029123,5.634969721622291
3029124,1.4258495832343425
3029125,14.825433795387948
3029126,1.4981757518037089
3029127,2.9884309577404298
3029128,80.02777155046601
3029129,1.7765413493054196
3029130,1.743885477650279
3029131,2.9419110577293717
3029132,2.6455403769139143
3029133,38.37014782832649
3029134,14.710520450329135
3029135,5.879516297791133
3029136,1.5279073522613027
3029137,1.4258495832343425
3029138,1.5279073522613027
3029139,1324.3570314327444
3029140,1.4258495832343425
3029141,80.54365680716035
3029142,1.7895384727193426
3029143,101.73988602996003
3029144,193.40267652748085
3029145,81.32553116553399
3029146,2.919151224910571
3029147,20.718490423088188
3029148,1375.2544469966028
3029149,1.8649911350088555
3029150,1.4258495832343425
3029151,6.715812807939341
3029152,7.185549941223121
3029153,1.4258495832343425
3029154,3.1586139324033855
3029155,1.7567297373605153
3029156,1.7895384727193426
3029157,1.4258495832343425
3029158,12.131765745290316
3029159,1.4981757518037089
3029160,2.9884309577404298
3029161,191.66440201203554
3029162,1.7765413493054196
3029163,1.743885477650279
3029164,2.9419110577293717
3029165,2.6455403769139143
3029166,23.204337570654467
3029167,1.5279073522613027
3029168,5.879516297791133
3029169,1.4616707397224218
3029170,1.4143024133093034
3029171,1.4616707397224218
3029172,1253.4391995400783
3029173,1.4143024133093034
3029174,109.86562682428867
3029175,1.7164465618095028
3029176,180.51203242139223
3029177,388.5380929854476
3029178,76.92041764426622
3029179,2.7094434245681347
3029180,19.556367148937667
3029181,1301.6131720805674
3029182,1.789922201977288
3029183,1.4143024133093034
3029184,2.1221462863301674
3029185,5.796417896170981
3029186,1.4143024133093034
3029187,34.206915900876574
3029188,1.6844974859195672
3029189,1.7164465618095028
3029190,1.4143024133093034
3029191,11.787685223967378
3029192,1.4327181711774921
3029193,2.775016104634192
3029194,138.84196273051293
3029195,1.7037899909980783
3029196,1.6719897734538391
3029197,2.730985413470565
3029198,2.5500193740478516
3029199,36.263511307705045
3029200,1.4616707397224218
3029201,5.6992581664699475
3029202,1.772597480762022
3029203,1.7267456148305858
3029204,1.772597480762022
3029205,735.5554714748697
3029206,1.7267456148305858
3029207,96.1571286155158
3029208,2.472422937120056
3029209,221.06549386187666
3029210,125.66995904049185
3029211,92.14824006990263
3029212,10.774502327130289
3029213,10.871634977332844
3029214,765.5869629360012
3029215,3.085698853221623
3029216,1.7267456148305858
3029217,3.827281309301763
3029218,8.399771020854613
3029219,1.7267456148305858
3029220,11.657297208999754
3029221,2.414997698846263
3029222,2.472422937120056
3029223,1.7267456148305858
3029224,16.324533976536234
3029225,1.7267456148305858
3029226,10.993747456700177
3029227,90.5949909731209
3029228,2.3328695812083526
3029229,2.277752208324305
3029230,10.842880832860487
3029231,7.309860200528782
3029232,43.054335556390896
3029233,1.772597480762022
3029234,3.0914305465031866
3029235,1.8137437405402945
3029236,1.7538126020153846
3029237,1.8137437405402945
3029238,775.5981830187985
3029239,1.7538126020153846
3029240,75.20074165434684
3029241,2.475214610523442
3029242,288.65338612954474
3029243,67.71925894008801
3029244,97.3259514687861
3029245,47.917885722544696
3029246,48.162878970412216
3029247,809.6720114886227
3029248,3.230406970007997
3029249,1.7538126020153846
3029250,4.39956584596318
3029251,7.891444616997589
3029252,1.7538126020153846
3029253,95.68636391249427
3029254,2.4011945193451787
3029255,2.475214610523442
3029256,1.7538126020153846
3029257,15.016225495132982
3029258,1.7538126020153846
3029259,114.54017180018776
3029260,113.01093699762731
3029261,2.381800857259504
3029262,2.3097704258026712
3029263,15.1074809922398
3029264,8.663955501578695
3029265,57.68056891745687
3029266,1.8137437405402945
3029267,3.236341669573325
